-- MySQL dump 10.13  Distrib 5.5.24, for debian-linux-gnu (x86_64)
--
-- Host: localhost    Database: spago4q24
-- ------------------------------------------------------
-- Server version	5.5.24-0ubuntu0.12.04.1

/*!40101 SET @OLD_CHARACTER_SET_CLIENT=@@CHARACTER_SET_CLIENT */;
/*!40101 SET @OLD_CHARACTER_SET_RESULTS=@@CHARACTER_SET_RESULTS */;
/*!40101 SET @OLD_COLLATION_CONNECTION=@@COLLATION_CONNECTION */;
/*!40101 SET NAMES utf8 */;
/*!40103 SET @OLD_TIME_ZONE=@@TIME_ZONE */;
/*!40103 SET TIME_ZONE='+00:00' */;
/*!40014 SET @OLD_UNIQUE_CHECKS=@@UNIQUE_CHECKS, UNIQUE_CHECKS=0 */;
/*!40014 SET @OLD_FOREIGN_KEY_CHECKS=@@FOREIGN_KEY_CHECKS, FOREIGN_KEY_CHECKS=0 */;
/*!40101 SET @OLD_SQL_MODE=@@SQL_MODE, SQL_MODE='NO_AUTO_VALUE_ON_ZERO' */;
/*!40111 SET @OLD_SQL_NOTES=@@SQL_NOTES, SQL_NOTES=0 */;

--
-- Current Database: `spago4q`
--

CREATE DATABASE /*!32312 IF NOT EXISTS*/ `spago4q` /*!40100 DEFAULT CHARACTER SET latin1 */;

USE `spago4q`;

--
-- Table structure for table `JBPM_ACTION`
--

DROP TABLE IF EXISTS `JBPM_ACTION`;
/*!40101 SET @saved_cs_client     = @@character_set_client */;
/*!40101 SET character_set_client = utf8 */;
CREATE TABLE `JBPM_ACTION` (
  `ID_` bigint(20) NOT NULL AUTO_INCREMENT,
  `class` char(1) NOT NULL,
  `NAME_` varchar(255) DEFAULT NULL,
  `ISPROPAGATIONALLOWED_` bit(1) DEFAULT NULL,
  `ACTIONEXPRESSION_` varchar(255) DEFAULT NULL,
  `ISASYNC_` bit(1) DEFAULT NULL,
  `REFERENCEDACTION_` bigint(20) DEFAULT NULL,
  `ACTIONDELEGATION_` bigint(20) DEFAULT NULL,
  `EVENT_` bigint(20) DEFAULT NULL,
  `PROCESSDEFINITION_` bigint(20) DEFAULT NULL,
  `TIMERNAME_` varchar(255) DEFAULT NULL,
  `DUEDATE_` varchar(255) DEFAULT NULL,
  `REPEAT_` varchar(255) DEFAULT NULL,
  `TRANSITIONNAME_` varchar(255) DEFAULT NULL,
  `TIMERACTION_` bigint(20) DEFAULT NULL,
  `EXPRESSION_` longtext,
  `EVENTINDEX_` int(11) DEFAULT NULL,
  `EXCEPTIONHANDLER_` bigint(20) DEFAULT NULL,
  `EXCEPTIONHANDLERINDEX_` int(11) DEFAULT NULL,
  PRIMARY KEY (`ID_`),
  KEY `FK_ACTION_REFACT` (`REFERENCEDACTION_`),
  KEY `FK_CRTETIMERACT_TA` (`TIMERACTION_`),
  KEY `FK_ACTION_PROCDEF` (`PROCESSDEFINITION_`),
  KEY `FK_ACTION_EVENT` (`EVENT_`),
  KEY `FK_ACTION_ACTNDEL` (`ACTIONDELEGATION_`),
  KEY `FK_ACTION_EXPTHDL` (`EXCEPTIONHANDLER_`),
  CONSTRAINT `FK_ACTION_EXPTHDL` FOREIGN KEY (`EXCEPTIONHANDLER_`) REFERENCES `JBPM_EXCEPTIONHANDLER` (`ID_`),
  CONSTRAINT `FK_ACTION_ACTNDEL` FOREIGN KEY (`ACTIONDELEGATION_`) REFERENCES `JBPM_DELEGATION` (`ID_`),
  CONSTRAINT `FK_ACTION_EVENT` FOREIGN KEY (`EVENT_`) REFERENCES `JBPM_EVENT` (`ID_`),
  CONSTRAINT `FK_ACTION_PROCDEF` FOREIGN KEY (`PROCESSDEFINITION_`) REFERENCES `JBPM_PROCESSDEFINITION` (`ID_`),
  CONSTRAINT `FK_ACTION_REFACT` FOREIGN KEY (`REFERENCEDACTION_`) REFERENCES `JBPM_ACTION` (`ID_`),
  CONSTRAINT `FK_CRTETIMERACT_TA` FOREIGN KEY (`TIMERACTION_`) REFERENCES `JBPM_ACTION` (`ID_`)
) ENGINE=InnoDB DEFAULT CHARSET=latin1;
/*!40101 SET character_set_client = @saved_cs_client */;

--
-- Dumping data for table `JBPM_ACTION`
--

LOCK TABLES `JBPM_ACTION` WRITE;
/*!40000 ALTER TABLE `JBPM_ACTION` DISABLE KEYS */;
/*!40000 ALTER TABLE `JBPM_ACTION` ENABLE KEYS */;
UNLOCK TABLES;

--
-- Table structure for table `JBPM_BYTEARRAY`
--

DROP TABLE IF EXISTS `JBPM_BYTEARRAY`;
/*!40101 SET @saved_cs_client     = @@character_set_client */;
/*!40101 SET character_set_client = utf8 */;
CREATE TABLE `JBPM_BYTEARRAY` (
  `ID_` bigint(20) NOT NULL AUTO_INCREMENT,
  `NAME_` varchar(255) DEFAULT NULL,
  `FILEDEFINITION_` bigint(20) DEFAULT NULL,
  PRIMARY KEY (`ID_`),
  KEY `FK_BYTEARR_FILDEF` (`FILEDEFINITION_`),
  CONSTRAINT `FK_BYTEARR_FILDEF` FOREIGN KEY (`FILEDEFINITION_`) REFERENCES `JBPM_MODULEDEFINITION` (`ID_`)
) ENGINE=InnoDB DEFAULT CHARSET=latin1;
/*!40101 SET character_set_client = @saved_cs_client */;

--
-- Dumping data for table `JBPM_BYTEARRAY`
--

LOCK TABLES `JBPM_BYTEARRAY` WRITE;
/*!40000 ALTER TABLE `JBPM_BYTEARRAY` DISABLE KEYS */;
/*!40000 ALTER TABLE `JBPM_BYTEARRAY` ENABLE KEYS */;
UNLOCK TABLES;

--
-- Table structure for table `JBPM_BYTEBLOCK`
--

DROP TABLE IF EXISTS `JBPM_BYTEBLOCK`;
/*!40101 SET @saved_cs_client     = @@character_set_client */;
/*!40101 SET character_set_client = utf8 */;
CREATE TABLE `JBPM_BYTEBLOCK` (
  `PROCESSFILE_` bigint(20) NOT NULL,
  `BYTES_` blob,
  `INDEX_` int(11) NOT NULL,
  PRIMARY KEY (`PROCESSFILE_`,`INDEX_`),
  KEY `FK_BYTEBLOCK_FILE` (`PROCESSFILE_`),
  CONSTRAINT `FK_BYTEBLOCK_FILE` FOREIGN KEY (`PROCESSFILE_`) REFERENCES `JBPM_BYTEARRAY` (`ID_`)
) ENGINE=InnoDB DEFAULT CHARSET=latin1;
/*!40101 SET character_set_client = @saved_cs_client */;

--
-- Dumping data for table `JBPM_BYTEBLOCK`
--

LOCK TABLES `JBPM_BYTEBLOCK` WRITE;
/*!40000 ALTER TABLE `JBPM_BYTEBLOCK` DISABLE KEYS */;
/*!40000 ALTER TABLE `JBPM_BYTEBLOCK` ENABLE KEYS */;
UNLOCK TABLES;

--
-- Table structure for table `JBPM_COMMENT`
--

DROP TABLE IF EXISTS `JBPM_COMMENT`;
/*!40101 SET @saved_cs_client     = @@character_set_client */;
/*!40101 SET character_set_client = utf8 */;
CREATE TABLE `JBPM_COMMENT` (
  `ID_` bigint(20) NOT NULL AUTO_INCREMENT,
  `VERSION_` int(11) NOT NULL,
  `ACTORID_` varchar(255) DEFAULT NULL,
  `TIME_` datetime DEFAULT NULL,
  `MESSAGE_` longtext,
  `TOKEN_` bigint(20) DEFAULT NULL,
  `TASKINSTANCE_` bigint(20) DEFAULT NULL,
  `TOKENINDEX_` int(11) DEFAULT NULL,
  `TASKINSTANCEINDEX_` int(11) DEFAULT NULL,
  PRIMARY KEY (`ID_`),
  KEY `FK_COMMENT_TOKEN` (`TOKEN_`),
  KEY `FK_COMMENT_TSK` (`TASKINSTANCE_`),
  CONSTRAINT `FK_COMMENT_TSK` FOREIGN KEY (`TASKINSTANCE_`) REFERENCES `JBPM_TASKINSTANCE` (`ID_`),
  CONSTRAINT `FK_COMMENT_TOKEN` FOREIGN KEY (`TOKEN_`) REFERENCES `JBPM_TOKEN` (`ID_`)
) ENGINE=InnoDB DEFAULT CHARSET=latin1;
/*!40101 SET character_set_client = @saved_cs_client */;

--
-- Dumping data for table `JBPM_COMMENT`
--

LOCK TABLES `JBPM_COMMENT` WRITE;
/*!40000 ALTER TABLE `JBPM_COMMENT` DISABLE KEYS */;
/*!40000 ALTER TABLE `JBPM_COMMENT` ENABLE KEYS */;
UNLOCK TABLES;

--
-- Table structure for table `JBPM_DECISIONCONDITIONS`
--

DROP TABLE IF EXISTS `JBPM_DECISIONCONDITIONS`;
/*!40101 SET @saved_cs_client     = @@character_set_client */;
/*!40101 SET character_set_client = utf8 */;
CREATE TABLE `JBPM_DECISIONCONDITIONS` (
  `DECISION_` bigint(20) NOT NULL,
  `TRANSITIONNAME_` varchar(255) DEFAULT NULL,
  `EXPRESSION_` varchar(255) DEFAULT NULL,
  `INDEX_` int(11) NOT NULL,
  PRIMARY KEY (`DECISION_`,`INDEX_`),
  KEY `FK_DECCOND_DEC` (`DECISION_`),
  CONSTRAINT `FK_DECCOND_DEC` FOREIGN KEY (`DECISION_`) REFERENCES `JBPM_NODE` (`ID_`)
) ENGINE=InnoDB DEFAULT CHARSET=latin1;
/*!40101 SET character_set_client = @saved_cs_client */;

--
-- Dumping data for table `JBPM_DECISIONCONDITIONS`
--

LOCK TABLES `JBPM_DECISIONCONDITIONS` WRITE;
/*!40000 ALTER TABLE `JBPM_DECISIONCONDITIONS` DISABLE KEYS */;
/*!40000 ALTER TABLE `JBPM_DECISIONCONDITIONS` ENABLE KEYS */;
UNLOCK TABLES;

--
-- Table structure for table `JBPM_DELEGATION`
--

DROP TABLE IF EXISTS `JBPM_DELEGATION`;
/*!40101 SET @saved_cs_client     = @@character_set_client */;
/*!40101 SET character_set_client = utf8 */;
CREATE TABLE `JBPM_DELEGATION` (
  `ID_` bigint(20) NOT NULL AUTO_INCREMENT,
  `CLASSNAME_` longtext,
  `CONFIGURATION_` longtext,
  `CONFIGTYPE_` varchar(255) DEFAULT NULL,
  `PROCESSDEFINITION_` bigint(20) DEFAULT NULL,
  PRIMARY KEY (`ID_`),
  KEY `FK_DELEGATION_PRCD` (`PROCESSDEFINITION_`),
  CONSTRAINT `FK_DELEGATION_PRCD` FOREIGN KEY (`PROCESSDEFINITION_`) REFERENCES `JBPM_PROCESSDEFINITION` (`ID_`)
) ENGINE=InnoDB DEFAULT CHARSET=latin1;
/*!40101 SET character_set_client = @saved_cs_client */;

--
-- Dumping data for table `JBPM_DELEGATION`
--

LOCK TABLES `JBPM_DELEGATION` WRITE;
/*!40000 ALTER TABLE `JBPM_DELEGATION` DISABLE KEYS */;
/*!40000 ALTER TABLE `JBPM_DELEGATION` ENABLE KEYS */;
UNLOCK TABLES;

--
-- Table structure for table `JBPM_EVENT`
--

DROP TABLE IF EXISTS `JBPM_EVENT`;
/*!40101 SET @saved_cs_client     = @@character_set_client */;
/*!40101 SET character_set_client = utf8 */;
CREATE TABLE `JBPM_EVENT` (
  `ID_` bigint(20) NOT NULL AUTO_INCREMENT,
  `EVENTTYPE_` varchar(255) DEFAULT NULL,
  `TYPE_` char(1) DEFAULT NULL,
  `GRAPHELEMENT_` bigint(20) DEFAULT NULL,
  `PROCESSDEFINITION_` bigint(20) DEFAULT NULL,
  `NODE_` bigint(20) DEFAULT NULL,
  `TRANSITION_` bigint(20) DEFAULT NULL,
  `TASK_` bigint(20) DEFAULT NULL,
  PRIMARY KEY (`ID_`),
  KEY `FK_EVENT_PROCDEF` (`PROCESSDEFINITION_`),
  KEY `FK_EVENT_TRANS` (`TRANSITION_`),
  KEY `FK_EVENT_NODE` (`NODE_`),
  KEY `FK_EVENT_TASK` (`TASK_`),
  CONSTRAINT `FK_EVENT_TASK` FOREIGN KEY (`TASK_`) REFERENCES `JBPM_TASK` (`ID_`),
  CONSTRAINT `FK_EVENT_NODE` FOREIGN KEY (`NODE_`) REFERENCES `JBPM_NODE` (`ID_`),
  CONSTRAINT `FK_EVENT_PROCDEF` FOREIGN KEY (`PROCESSDEFINITION_`) REFERENCES `JBPM_PROCESSDEFINITION` (`ID_`),
  CONSTRAINT `FK_EVENT_TRANS` FOREIGN KEY (`TRANSITION_`) REFERENCES `JBPM_TRANSITION` (`ID_`)
) ENGINE=InnoDB DEFAULT CHARSET=latin1;
/*!40101 SET character_set_client = @saved_cs_client */;

--
-- Dumping data for table `JBPM_EVENT`
--

LOCK TABLES `JBPM_EVENT` WRITE;
/*!40000 ALTER TABLE `JBPM_EVENT` DISABLE KEYS */;
/*!40000 ALTER TABLE `JBPM_EVENT` ENABLE KEYS */;
UNLOCK TABLES;

--
-- Table structure for table `JBPM_EXCEPTIONHANDLER`
--

DROP TABLE IF EXISTS `JBPM_EXCEPTIONHANDLER`;
/*!40101 SET @saved_cs_client     = @@character_set_client */;
/*!40101 SET character_set_client = utf8 */;
CREATE TABLE `JBPM_EXCEPTIONHANDLER` (
  `ID_` bigint(20) NOT NULL AUTO_INCREMENT,
  `EXCEPTIONCLASSNAME_` longtext,
  `TYPE_` char(1) DEFAULT NULL,
  `GRAPHELEMENT_` bigint(20) DEFAULT NULL,
  `PROCESSDEFINITION_` bigint(20) DEFAULT NULL,
  `GRAPHELEMENTINDEX_` int(11) DEFAULT NULL,
  `NODE_` bigint(20) DEFAULT NULL,
  `TRANSITION_` bigint(20) DEFAULT NULL,
  `TASK_` bigint(20) DEFAULT NULL,
  PRIMARY KEY (`ID_`)
) ENGINE=InnoDB DEFAULT CHARSET=latin1;
/*!40101 SET character_set_client = @saved_cs_client */;

--
-- Dumping data for table `JBPM_EXCEPTIONHANDLER`
--

LOCK TABLES `JBPM_EXCEPTIONHANDLER` WRITE;
/*!40000 ALTER TABLE `JBPM_EXCEPTIONHANDLER` DISABLE KEYS */;
/*!40000 ALTER TABLE `JBPM_EXCEPTIONHANDLER` ENABLE KEYS */;
UNLOCK TABLES;

--
-- Table structure for table `JBPM_ID_GROUP`
--

DROP TABLE IF EXISTS `JBPM_ID_GROUP`;
/*!40101 SET @saved_cs_client     = @@character_set_client */;
/*!40101 SET character_set_client = utf8 */;
CREATE TABLE `JBPM_ID_GROUP` (
  `ID_` bigint(20) NOT NULL AUTO_INCREMENT,
  `CLASS_` char(1) NOT NULL,
  `NAME_` varchar(255) DEFAULT NULL,
  `TYPE_` varchar(255) DEFAULT NULL,
  `PARENT_` bigint(20) DEFAULT NULL,
  PRIMARY KEY (`ID_`),
  KEY `FK_ID_GRP_PARENT` (`PARENT_`),
  CONSTRAINT `FK_ID_GRP_PARENT` FOREIGN KEY (`PARENT_`) REFERENCES `JBPM_ID_GROUP` (`ID_`)
) ENGINE=InnoDB DEFAULT CHARSET=latin1;
/*!40101 SET character_set_client = @saved_cs_client */;

--
-- Dumping data for table `JBPM_ID_GROUP`
--

LOCK TABLES `JBPM_ID_GROUP` WRITE;
/*!40000 ALTER TABLE `JBPM_ID_GROUP` DISABLE KEYS */;
/*!40000 ALTER TABLE `JBPM_ID_GROUP` ENABLE KEYS */;
UNLOCK TABLES;

--
-- Table structure for table `JBPM_ID_MEMBERSHIP`
--

DROP TABLE IF EXISTS `JBPM_ID_MEMBERSHIP`;
/*!40101 SET @saved_cs_client     = @@character_set_client */;
/*!40101 SET character_set_client = utf8 */;
CREATE TABLE `JBPM_ID_MEMBERSHIP` (
  `ID_` bigint(20) NOT NULL AUTO_INCREMENT,
  `CLASS_` char(1) NOT NULL,
  `NAME_` varchar(255) DEFAULT NULL,
  `ROLE_` varchar(255) DEFAULT NULL,
  `USER_` bigint(20) DEFAULT NULL,
  `GROUP_` bigint(20) DEFAULT NULL,
  PRIMARY KEY (`ID_`),
  KEY `FK_ID_MEMSHIP_GRP` (`GROUP_`),
  KEY `FK_ID_MEMSHIP_USR` (`USER_`),
  CONSTRAINT `FK_ID_MEMSHIP_USR` FOREIGN KEY (`USER_`) REFERENCES `JBPM_ID_USER` (`ID_`),
  CONSTRAINT `FK_ID_MEMSHIP_GRP` FOREIGN KEY (`GROUP_`) REFERENCES `JBPM_ID_GROUP` (`ID_`)
) ENGINE=InnoDB DEFAULT CHARSET=latin1;
/*!40101 SET character_set_client = @saved_cs_client */;

--
-- Dumping data for table `JBPM_ID_MEMBERSHIP`
--

LOCK TABLES `JBPM_ID_MEMBERSHIP` WRITE;
/*!40000 ALTER TABLE `JBPM_ID_MEMBERSHIP` DISABLE KEYS */;
/*!40000 ALTER TABLE `JBPM_ID_MEMBERSHIP` ENABLE KEYS */;
UNLOCK TABLES;

--
-- Table structure for table `JBPM_ID_PERMISSIONS`
--

DROP TABLE IF EXISTS `JBPM_ID_PERMISSIONS`;
/*!40101 SET @saved_cs_client     = @@character_set_client */;
/*!40101 SET character_set_client = utf8 */;
CREATE TABLE `JBPM_ID_PERMISSIONS` (
  `ENTITY_` bigint(20) NOT NULL,
  `CLASS_` varchar(255) DEFAULT NULL,
  `NAME_` varchar(255) DEFAULT NULL,
  `ACTION_` varchar(255) DEFAULT NULL
) ENGINE=InnoDB DEFAULT CHARSET=latin1;
/*!40101 SET character_set_client = @saved_cs_client */;

--
-- Dumping data for table `JBPM_ID_PERMISSIONS`
--

LOCK TABLES `JBPM_ID_PERMISSIONS` WRITE;
/*!40000 ALTER TABLE `JBPM_ID_PERMISSIONS` DISABLE KEYS */;
/*!40000 ALTER TABLE `JBPM_ID_PERMISSIONS` ENABLE KEYS */;
UNLOCK TABLES;

--
-- Table structure for table `JBPM_ID_USER`
--

DROP TABLE IF EXISTS `JBPM_ID_USER`;
/*!40101 SET @saved_cs_client     = @@character_set_client */;
/*!40101 SET character_set_client = utf8 */;
CREATE TABLE `JBPM_ID_USER` (
  `ID_` bigint(20) NOT NULL AUTO_INCREMENT,
  `CLASS_` char(1) NOT NULL,
  `NAME_` varchar(255) DEFAULT NULL,
  `EMAIL_` varchar(255) DEFAULT NULL,
  `PASSWORD_` varchar(255) DEFAULT NULL,
  PRIMARY KEY (`ID_`)
) ENGINE=InnoDB DEFAULT CHARSET=latin1;
/*!40101 SET character_set_client = @saved_cs_client */;

--
-- Dumping data for table `JBPM_ID_USER`
--

LOCK TABLES `JBPM_ID_USER` WRITE;
/*!40000 ALTER TABLE `JBPM_ID_USER` DISABLE KEYS */;
/*!40000 ALTER TABLE `JBPM_ID_USER` ENABLE KEYS */;
UNLOCK TABLES;

--
-- Table structure for table `JBPM_LOG`
--

DROP TABLE IF EXISTS `JBPM_LOG`;
/*!40101 SET @saved_cs_client     = @@character_set_client */;
/*!40101 SET character_set_client = utf8 */;
CREATE TABLE `JBPM_LOG` (
  `ID_` bigint(20) NOT NULL AUTO_INCREMENT,
  `CLASS_` char(1) NOT NULL,
  `INDEX_` int(11) DEFAULT NULL,
  `DATE_` datetime DEFAULT NULL,
  `TOKEN_` bigint(20) DEFAULT NULL,
  `PARENT_` bigint(20) DEFAULT NULL,
  `MESSAGE_` longtext,
  `EXCEPTION_` longtext,
  `ACTION_` bigint(20) DEFAULT NULL,
  `NODE_` bigint(20) DEFAULT NULL,
  `ENTER_` datetime DEFAULT NULL,
  `LEAVE_` datetime DEFAULT NULL,
  `DURATION_` bigint(20) DEFAULT NULL,
  `NEWLONGVALUE_` bigint(20) DEFAULT NULL,
  `TRANSITION_` bigint(20) DEFAULT NULL,
  `CHILD_` bigint(20) DEFAULT NULL,
  `SOURCENODE_` bigint(20) DEFAULT NULL,
  `DESTINATIONNODE_` bigint(20) DEFAULT NULL,
  `VARIABLEINSTANCE_` bigint(20) DEFAULT NULL,
  `OLDBYTEARRAY_` bigint(20) DEFAULT NULL,
  `NEWBYTEARRAY_` bigint(20) DEFAULT NULL,
  `OLDDATEVALUE_` datetime DEFAULT NULL,
  `NEWDATEVALUE_` datetime DEFAULT NULL,
  `OLDDOUBLEVALUE_` double DEFAULT NULL,
  `NEWDOUBLEVALUE_` double DEFAULT NULL,
  `OLDLONGIDCLASS_` varchar(255) DEFAULT NULL,
  `OLDLONGIDVALUE_` bigint(20) DEFAULT NULL,
  `NEWLONGIDCLASS_` varchar(255) DEFAULT NULL,
  `NEWLONGIDVALUE_` bigint(20) DEFAULT NULL,
  `OLDSTRINGIDCLASS_` varchar(255) DEFAULT NULL,
  `OLDSTRINGIDVALUE_` varchar(255) DEFAULT NULL,
  `NEWSTRINGIDCLASS_` varchar(255) DEFAULT NULL,
  `NEWSTRINGIDVALUE_` varchar(255) DEFAULT NULL,
  `OLDLONGVALUE_` bigint(20) DEFAULT NULL,
  `OLDSTRINGVALUE_` longtext,
  `NEWSTRINGVALUE_` longtext,
  `TASKINSTANCE_` bigint(20) DEFAULT NULL,
  `TASKACTORID_` varchar(255) DEFAULT NULL,
  `TASKOLDACTORID_` varchar(255) DEFAULT NULL,
  `SWIMLANEINSTANCE_` bigint(20) DEFAULT NULL,
  PRIMARY KEY (`ID_`),
  KEY `FK_LOG_SOURCENODE` (`SOURCENODE_`),
  KEY `FK_LOG_DESTNODE` (`DESTINATIONNODE_`),
  KEY `FK_LOG_TOKEN` (`TOKEN_`),
  KEY `FK_LOG_TRANSITION` (`TRANSITION_`),
  KEY `FK_LOG_TASKINST` (`TASKINSTANCE_`),
  KEY `FK_LOG_CHILDTOKEN` (`CHILD_`),
  KEY `FK_LOG_OLDBYTES` (`OLDBYTEARRAY_`),
  KEY `FK_LOG_SWIMINST` (`SWIMLANEINSTANCE_`),
  KEY `FK_LOG_NEWBYTES` (`NEWBYTEARRAY_`),
  KEY `FK_LOG_ACTION` (`ACTION_`),
  KEY `FK_LOG_VARINST` (`VARIABLEINSTANCE_`),
  KEY `FK_LOG_NODE` (`NODE_`),
  KEY `FK_LOG_PARENT` (`PARENT_`),
  CONSTRAINT `FK_LOG_PARENT` FOREIGN KEY (`PARENT_`) REFERENCES `JBPM_LOG` (`ID_`),
  CONSTRAINT `FK_LOG_ACTION` FOREIGN KEY (`ACTION_`) REFERENCES `JBPM_ACTION` (`ID_`),
  CONSTRAINT `FK_LOG_CHILDTOKEN` FOREIGN KEY (`CHILD_`) REFERENCES `JBPM_TOKEN` (`ID_`),
  CONSTRAINT `FK_LOG_DESTNODE` FOREIGN KEY (`DESTINATIONNODE_`) REFERENCES `JBPM_NODE` (`ID_`),
  CONSTRAINT `FK_LOG_NEWBYTES` FOREIGN KEY (`NEWBYTEARRAY_`) REFERENCES `JBPM_BYTEARRAY` (`ID_`),
  CONSTRAINT `FK_LOG_NODE` FOREIGN KEY (`NODE_`) REFERENCES `JBPM_NODE` (`ID_`),
  CONSTRAINT `FK_LOG_OLDBYTES` FOREIGN KEY (`OLDBYTEARRAY_`) REFERENCES `JBPM_BYTEARRAY` (`ID_`),
  CONSTRAINT `FK_LOG_SOURCENODE` FOREIGN KEY (`SOURCENODE_`) REFERENCES `JBPM_NODE` (`ID_`),
  CONSTRAINT `FK_LOG_SWIMINST` FOREIGN KEY (`SWIMLANEINSTANCE_`) REFERENCES `JBPM_SWIMLANEINSTANCE` (`ID_`),
  CONSTRAINT `FK_LOG_TASKINST` FOREIGN KEY (`TASKINSTANCE_`) REFERENCES `JBPM_TASKINSTANCE` (`ID_`),
  CONSTRAINT `FK_LOG_TOKEN` FOREIGN KEY (`TOKEN_`) REFERENCES `JBPM_TOKEN` (`ID_`),
  CONSTRAINT `FK_LOG_TRANSITION` FOREIGN KEY (`TRANSITION_`) REFERENCES `JBPM_TRANSITION` (`ID_`),
  CONSTRAINT `FK_LOG_VARINST` FOREIGN KEY (`VARIABLEINSTANCE_`) REFERENCES `JBPM_VARIABLEINSTANCE` (`ID_`)
) ENGINE=InnoDB DEFAULT CHARSET=latin1;
/*!40101 SET character_set_client = @saved_cs_client */;

--
-- Dumping data for table `JBPM_LOG`
--

LOCK TABLES `JBPM_LOG` WRITE;
/*!40000 ALTER TABLE `JBPM_LOG` DISABLE KEYS */;
/*!40000 ALTER TABLE `JBPM_LOG` ENABLE KEYS */;
UNLOCK TABLES;

--
-- Table structure for table `JBPM_MESSAGE`
--

DROP TABLE IF EXISTS `JBPM_MESSAGE`;
/*!40101 SET @saved_cs_client     = @@character_set_client */;
/*!40101 SET character_set_client = utf8 */;
CREATE TABLE `JBPM_MESSAGE` (
  `ID_` bigint(20) NOT NULL AUTO_INCREMENT,
  `CLASS_` char(1) NOT NULL,
  `DESTINATION_` varchar(255) DEFAULT NULL,
  `EXCEPTION_` longtext,
  `ISSUSPENDED_` bit(1) DEFAULT NULL,
  `TOKEN_` bigint(20) DEFAULT NULL,
  `TEXT_` varchar(255) DEFAULT NULL,
  `ACTION_` bigint(20) DEFAULT NULL,
  `NODE_` bigint(20) DEFAULT NULL,
  `TRANSITIONNAME_` varchar(255) DEFAULT NULL,
  `TASKINSTANCE_` bigint(20) DEFAULT NULL,
  PRIMARY KEY (`ID_`),
  KEY `FK_CMD_ACTION` (`ACTION_`),
  KEY `FK_MSG_TOKEN` (`TOKEN_`),
  KEY `FK_CMD_NODE` (`NODE_`),
  KEY `FK_CMD_TASKINST` (`TASKINSTANCE_`),
  CONSTRAINT `FK_CMD_TASKINST` FOREIGN KEY (`TASKINSTANCE_`) REFERENCES `JBPM_TASKINSTANCE` (`ID_`),
  CONSTRAINT `FK_CMD_ACTION` FOREIGN KEY (`ACTION_`) REFERENCES `JBPM_ACTION` (`ID_`),
  CONSTRAINT `FK_CMD_NODE` FOREIGN KEY (`NODE_`) REFERENCES `JBPM_NODE` (`ID_`),
  CONSTRAINT `FK_MSG_TOKEN` FOREIGN KEY (`TOKEN_`) REFERENCES `JBPM_TOKEN` (`ID_`)
) ENGINE=InnoDB DEFAULT CHARSET=latin1;
/*!40101 SET character_set_client = @saved_cs_client */;

--
-- Dumping data for table `JBPM_MESSAGE`
--

LOCK TABLES `JBPM_MESSAGE` WRITE;
/*!40000 ALTER TABLE `JBPM_MESSAGE` DISABLE KEYS */;
/*!40000 ALTER TABLE `JBPM_MESSAGE` ENABLE KEYS */;
UNLOCK TABLES;

--
-- Table structure for table `JBPM_MODULEDEFINITION`
--

DROP TABLE IF EXISTS `JBPM_MODULEDEFINITION`;
/*!40101 SET @saved_cs_client     = @@character_set_client */;
/*!40101 SET character_set_client = utf8 */;
CREATE TABLE `JBPM_MODULEDEFINITION` (
  `ID_` bigint(20) NOT NULL AUTO_INCREMENT,
  `CLASS_` char(1) NOT NULL,
  `NAME_` longtext,
  `PROCESSDEFINITION_` bigint(20) DEFAULT NULL,
  `STARTTASK_` bigint(20) DEFAULT NULL,
  PRIMARY KEY (`ID_`),
  KEY `FK_MODDEF_PROCDEF` (`PROCESSDEFINITION_`),
  KEY `FK_TSKDEF_START` (`STARTTASK_`),
  CONSTRAINT `FK_TSKDEF_START` FOREIGN KEY (`STARTTASK_`) REFERENCES `JBPM_TASK` (`ID_`),
  CONSTRAINT `FK_MODDEF_PROCDEF` FOREIGN KEY (`PROCESSDEFINITION_`) REFERENCES `JBPM_PROCESSDEFINITION` (`ID_`)
) ENGINE=InnoDB DEFAULT CHARSET=latin1;
/*!40101 SET character_set_client = @saved_cs_client */;

--
-- Dumping data for table `JBPM_MODULEDEFINITION`
--

LOCK TABLES `JBPM_MODULEDEFINITION` WRITE;
/*!40000 ALTER TABLE `JBPM_MODULEDEFINITION` DISABLE KEYS */;
/*!40000 ALTER TABLE `JBPM_MODULEDEFINITION` ENABLE KEYS */;
UNLOCK TABLES;

--
-- Table structure for table `JBPM_MODULEINSTANCE`
--

DROP TABLE IF EXISTS `JBPM_MODULEINSTANCE`;
/*!40101 SET @saved_cs_client     = @@character_set_client */;
/*!40101 SET character_set_client = utf8 */;
CREATE TABLE `JBPM_MODULEINSTANCE` (
  `ID_` bigint(20) NOT NULL AUTO_INCREMENT,
  `CLASS_` char(1) NOT NULL,
  `PROCESSINSTANCE_` bigint(20) DEFAULT NULL,
  `TASKMGMTDEFINITION_` bigint(20) DEFAULT NULL,
  `NAME_` varchar(255) DEFAULT NULL,
  PRIMARY KEY (`ID_`),
  KEY `FK_MODINST_PRCINST` (`PROCESSINSTANCE_`),
  KEY `FK_TASKMGTINST_TMD` (`TASKMGMTDEFINITION_`),
  CONSTRAINT `FK_TASKMGTINST_TMD` FOREIGN KEY (`TASKMGMTDEFINITION_`) REFERENCES `JBPM_MODULEDEFINITION` (`ID_`),
  CONSTRAINT `FK_MODINST_PRCINST` FOREIGN KEY (`PROCESSINSTANCE_`) REFERENCES `JBPM_PROCESSINSTANCE` (`ID_`)
) ENGINE=InnoDB DEFAULT CHARSET=latin1;
/*!40101 SET character_set_client = @saved_cs_client */;

--
-- Dumping data for table `JBPM_MODULEINSTANCE`
--

LOCK TABLES `JBPM_MODULEINSTANCE` WRITE;
/*!40000 ALTER TABLE `JBPM_MODULEINSTANCE` DISABLE KEYS */;
/*!40000 ALTER TABLE `JBPM_MODULEINSTANCE` ENABLE KEYS */;
UNLOCK TABLES;

--
-- Table structure for table `JBPM_NODE`
--

DROP TABLE IF EXISTS `JBPM_NODE`;
/*!40101 SET @saved_cs_client     = @@character_set_client */;
/*!40101 SET character_set_client = utf8 */;
CREATE TABLE `JBPM_NODE` (
  `ID_` bigint(20) NOT NULL AUTO_INCREMENT,
  `CLASS_` char(1) NOT NULL,
  `NAME_` varchar(255) DEFAULT NULL,
  `PROCESSDEFINITION_` bigint(20) DEFAULT NULL,
  `ISASYNC_` bit(1) DEFAULT NULL,
  `ACTION_` bigint(20) DEFAULT NULL,
  `SUPERSTATE_` bigint(20) DEFAULT NULL,
  `SUBPROCESSDEFINITION_` bigint(20) DEFAULT NULL,
  `DECISIONEXPRESSION_` varchar(255) DEFAULT NULL,
  `DECISIONDELEGATION` bigint(20) DEFAULT NULL,
  `SIGNAL_` int(11) DEFAULT NULL,
  `CREATETASKS_` bit(1) DEFAULT NULL,
  `ENDTASKS_` bit(1) DEFAULT NULL,
  `NODECOLLECTIONINDEX_` int(11) DEFAULT NULL,
  PRIMARY KEY (`ID_`),
  KEY `FK_DECISION_DELEG` (`DECISIONDELEGATION`),
  KEY `FK_NODE_PROCDEF` (`PROCESSDEFINITION_`),
  KEY `FK_NODE_ACTION` (`ACTION_`),
  KEY `FK_PROCST_SBPRCDEF` (`SUBPROCESSDEFINITION_`),
  KEY `FK_NODE_SUPERSTATE` (`SUPERSTATE_`),
  CONSTRAINT `FK_NODE_SUPERSTATE` FOREIGN KEY (`SUPERSTATE_`) REFERENCES `JBPM_NODE` (`ID_`),
  CONSTRAINT `FK_DECISION_DELEG` FOREIGN KEY (`DECISIONDELEGATION`) REFERENCES `JBPM_DELEGATION` (`ID_`),
  CONSTRAINT `FK_NODE_ACTION` FOREIGN KEY (`ACTION_`) REFERENCES `JBPM_ACTION` (`ID_`),
  CONSTRAINT `FK_NODE_PROCDEF` FOREIGN KEY (`PROCESSDEFINITION_`) REFERENCES `JBPM_PROCESSDEFINITION` (`ID_`),
  CONSTRAINT `FK_PROCST_SBPRCDEF` FOREIGN KEY (`SUBPROCESSDEFINITION_`) REFERENCES `JBPM_PROCESSDEFINITION` (`ID_`)
) ENGINE=InnoDB DEFAULT CHARSET=latin1;
/*!40101 SET character_set_client = @saved_cs_client */;

--
-- Dumping data for table `JBPM_NODE`
--

LOCK TABLES `JBPM_NODE` WRITE;
/*!40000 ALTER TABLE `JBPM_NODE` DISABLE KEYS */;
/*!40000 ALTER TABLE `JBPM_NODE` ENABLE KEYS */;
UNLOCK TABLES;

--
-- Table structure for table `JBPM_POOLEDACTOR`
--

DROP TABLE IF EXISTS `JBPM_POOLEDACTOR`;
/*!40101 SET @saved_cs_client     = @@character_set_client */;
/*!40101 SET character_set_client = utf8 */;
CREATE TABLE `JBPM_POOLEDACTOR` (
  `ID_` bigint(20) NOT NULL AUTO_INCREMENT,
  `ACTORID_` varchar(255) DEFAULT NULL,
  `SWIMLANEINSTANCE_` bigint(20) DEFAULT NULL,
  PRIMARY KEY (`ID_`),
  KEY `IDX_PLDACTR_ACTID` (`ACTORID_`),
  KEY `FK_POOLEDACTOR_SLI` (`SWIMLANEINSTANCE_`),
  CONSTRAINT `FK_POOLEDACTOR_SLI` FOREIGN KEY (`SWIMLANEINSTANCE_`) REFERENCES `JBPM_SWIMLANEINSTANCE` (`ID_`)
) ENGINE=InnoDB DEFAULT CHARSET=latin1;
/*!40101 SET character_set_client = @saved_cs_client */;

--
-- Dumping data for table `JBPM_POOLEDACTOR`
--

LOCK TABLES `JBPM_POOLEDACTOR` WRITE;
/*!40000 ALTER TABLE `JBPM_POOLEDACTOR` DISABLE KEYS */;
/*!40000 ALTER TABLE `JBPM_POOLEDACTOR` ENABLE KEYS */;
UNLOCK TABLES;

--
-- Table structure for table `JBPM_PROCESSDEFINITION`
--

DROP TABLE IF EXISTS `JBPM_PROCESSDEFINITION`;
/*!40101 SET @saved_cs_client     = @@character_set_client */;
/*!40101 SET character_set_client = utf8 */;
CREATE TABLE `JBPM_PROCESSDEFINITION` (
  `ID_` bigint(20) NOT NULL AUTO_INCREMENT,
  `NAME_` varchar(255) DEFAULT NULL,
  `VERSION_` int(11) DEFAULT NULL,
  `ISTERMINATIONIMPLICIT_` bit(1) DEFAULT NULL,
  `STARTSTATE_` bigint(20) DEFAULT NULL,
  PRIMARY KEY (`ID_`),
  KEY `FK_PROCDEF_STRTSTA` (`STARTSTATE_`),
  CONSTRAINT `FK_PROCDEF_STRTSTA` FOREIGN KEY (`STARTSTATE_`) REFERENCES `JBPM_NODE` (`ID_`)
) ENGINE=InnoDB DEFAULT CHARSET=latin1;
/*!40101 SET character_set_client = @saved_cs_client */;

--
-- Dumping data for table `JBPM_PROCESSDEFINITION`
--

LOCK TABLES `JBPM_PROCESSDEFINITION` WRITE;
/*!40000 ALTER TABLE `JBPM_PROCESSDEFINITION` DISABLE KEYS */;
/*!40000 ALTER TABLE `JBPM_PROCESSDEFINITION` ENABLE KEYS */;
UNLOCK TABLES;

--
-- Table structure for table `JBPM_PROCESSINSTANCE`
--

DROP TABLE IF EXISTS `JBPM_PROCESSINSTANCE`;
/*!40101 SET @saved_cs_client     = @@character_set_client */;
/*!40101 SET character_set_client = utf8 */;
CREATE TABLE `JBPM_PROCESSINSTANCE` (
  `ID_` bigint(20) NOT NULL AUTO_INCREMENT,
  `VERSION_` int(11) NOT NULL,
  `START_` datetime DEFAULT NULL,
  `END_` datetime DEFAULT NULL,
  `ISSUSPENDED_` bit(1) DEFAULT NULL,
  `PROCESSDEFINITION_` bigint(20) DEFAULT NULL,
  `ROOTTOKEN_` bigint(20) DEFAULT NULL,
  `SUPERPROCESSTOKEN_` bigint(20) DEFAULT NULL,
  PRIMARY KEY (`ID_`),
  KEY `FK_PROCIN_PROCDEF` (`PROCESSDEFINITION_`),
  KEY `FK_PROCIN_ROOTTKN` (`ROOTTOKEN_`),
  KEY `FK_PROCIN_SPROCTKN` (`SUPERPROCESSTOKEN_`),
  CONSTRAINT `FK_PROCIN_SPROCTKN` FOREIGN KEY (`SUPERPROCESSTOKEN_`) REFERENCES `JBPM_TOKEN` (`ID_`),
  CONSTRAINT `FK_PROCIN_PROCDEF` FOREIGN KEY (`PROCESSDEFINITION_`) REFERENCES `JBPM_PROCESSDEFINITION` (`ID_`),
  CONSTRAINT `FK_PROCIN_ROOTTKN` FOREIGN KEY (`ROOTTOKEN_`) REFERENCES `JBPM_TOKEN` (`ID_`)
) ENGINE=InnoDB DEFAULT CHARSET=latin1;
/*!40101 SET character_set_client = @saved_cs_client */;

--
-- Dumping data for table `JBPM_PROCESSINSTANCE`
--

LOCK TABLES `JBPM_PROCESSINSTANCE` WRITE;
/*!40000 ALTER TABLE `JBPM_PROCESSINSTANCE` DISABLE KEYS */;
/*!40000 ALTER TABLE `JBPM_PROCESSINSTANCE` ENABLE KEYS */;
UNLOCK TABLES;

--
-- Table structure for table `JBPM_RUNTIMEACTION`
--

DROP TABLE IF EXISTS `JBPM_RUNTIMEACTION`;
/*!40101 SET @saved_cs_client     = @@character_set_client */;
/*!40101 SET character_set_client = utf8 */;
CREATE TABLE `JBPM_RUNTIMEACTION` (
  `ID_` bigint(20) NOT NULL AUTO_INCREMENT,
  `VERSION_` int(11) NOT NULL,
  `EVENTTYPE_` varchar(255) DEFAULT NULL,
  `TYPE_` char(1) DEFAULT NULL,
  `GRAPHELEMENT_` bigint(20) DEFAULT NULL,
  `PROCESSINSTANCE_` bigint(20) DEFAULT NULL,
  `ACTION_` bigint(20) DEFAULT NULL,
  `PROCESSINSTANCEINDEX_` int(11) DEFAULT NULL,
  PRIMARY KEY (`ID_`),
  KEY `FK_RTACTN_PROCINST` (`PROCESSINSTANCE_`),
  KEY `FK_RTACTN_ACTION` (`ACTION_`),
  CONSTRAINT `FK_RTACTN_ACTION` FOREIGN KEY (`ACTION_`) REFERENCES `JBPM_ACTION` (`ID_`),
  CONSTRAINT `FK_RTACTN_PROCINST` FOREIGN KEY (`PROCESSINSTANCE_`) REFERENCES `JBPM_PROCESSINSTANCE` (`ID_`)
) ENGINE=InnoDB DEFAULT CHARSET=latin1;
/*!40101 SET character_set_client = @saved_cs_client */;

--
-- Dumping data for table `JBPM_RUNTIMEACTION`
--

LOCK TABLES `JBPM_RUNTIMEACTION` WRITE;
/*!40000 ALTER TABLE `JBPM_RUNTIMEACTION` DISABLE KEYS */;
/*!40000 ALTER TABLE `JBPM_RUNTIMEACTION` ENABLE KEYS */;
UNLOCK TABLES;

--
-- Table structure for table `JBPM_SWIMLANE`
--

DROP TABLE IF EXISTS `JBPM_SWIMLANE`;
/*!40101 SET @saved_cs_client     = @@character_set_client */;
/*!40101 SET character_set_client = utf8 */;
CREATE TABLE `JBPM_SWIMLANE` (
  `ID_` bigint(20) NOT NULL AUTO_INCREMENT,
  `NAME_` varchar(255) DEFAULT NULL,
  `ACTORIDEXPRESSION_` varchar(255) DEFAULT NULL,
  `POOLEDACTORSEXPRESSION_` varchar(255) DEFAULT NULL,
  `ASSIGNMENTDELEGATION_` bigint(20) DEFAULT NULL,
  `TASKMGMTDEFINITION_` bigint(20) DEFAULT NULL,
  PRIMARY KEY (`ID_`),
  KEY `FK_SWL_ASSDEL` (`ASSIGNMENTDELEGATION_`),
  KEY `FK_SWL_TSKMGMTDEF` (`TASKMGMTDEFINITION_`),
  CONSTRAINT `FK_SWL_TSKMGMTDEF` FOREIGN KEY (`TASKMGMTDEFINITION_`) REFERENCES `JBPM_MODULEDEFINITION` (`ID_`),
  CONSTRAINT `FK_SWL_ASSDEL` FOREIGN KEY (`ASSIGNMENTDELEGATION_`) REFERENCES `JBPM_DELEGATION` (`ID_`)
) ENGINE=InnoDB DEFAULT CHARSET=latin1;
/*!40101 SET character_set_client = @saved_cs_client */;

--
-- Dumping data for table `JBPM_SWIMLANE`
--

LOCK TABLES `JBPM_SWIMLANE` WRITE;
/*!40000 ALTER TABLE `JBPM_SWIMLANE` DISABLE KEYS */;
/*!40000 ALTER TABLE `JBPM_SWIMLANE` ENABLE KEYS */;
UNLOCK TABLES;

--
-- Table structure for table `JBPM_SWIMLANEINSTANCE`
--

DROP TABLE IF EXISTS `JBPM_SWIMLANEINSTANCE`;
/*!40101 SET @saved_cs_client     = @@character_set_client */;
/*!40101 SET character_set_client = utf8 */;
CREATE TABLE `JBPM_SWIMLANEINSTANCE` (
  `ID_` bigint(20) NOT NULL AUTO_INCREMENT,
  `NAME_` varchar(255) DEFAULT NULL,
  `ACTORID_` varchar(255) DEFAULT NULL,
  `SWIMLANE_` bigint(20) DEFAULT NULL,
  `TASKMGMTINSTANCE_` bigint(20) DEFAULT NULL,
  PRIMARY KEY (`ID_`),
  KEY `FK_SWIMLANEINST_TM` (`TASKMGMTINSTANCE_`),
  KEY `FK_SWIMLANEINST_SL` (`SWIMLANE_`),
  CONSTRAINT `FK_SWIMLANEINST_SL` FOREIGN KEY (`SWIMLANE_`) REFERENCES `JBPM_SWIMLANE` (`ID_`),
  CONSTRAINT `FK_SWIMLANEINST_TM` FOREIGN KEY (`TASKMGMTINSTANCE_`) REFERENCES `JBPM_MODULEINSTANCE` (`ID_`)
) ENGINE=InnoDB DEFAULT CHARSET=latin1;
/*!40101 SET character_set_client = @saved_cs_client */;

--
-- Dumping data for table `JBPM_SWIMLANEINSTANCE`
--

LOCK TABLES `JBPM_SWIMLANEINSTANCE` WRITE;
/*!40000 ALTER TABLE `JBPM_SWIMLANEINSTANCE` DISABLE KEYS */;
/*!40000 ALTER TABLE `JBPM_SWIMLANEINSTANCE` ENABLE KEYS */;
UNLOCK TABLES;

--
-- Table structure for table `JBPM_TASK`
--

DROP TABLE IF EXISTS `JBPM_TASK`;
/*!40101 SET @saved_cs_client     = @@character_set_client */;
/*!40101 SET character_set_client = utf8 */;
CREATE TABLE `JBPM_TASK` (
  `ID_` bigint(20) NOT NULL AUTO_INCREMENT,
  `NAME_` varchar(255) DEFAULT NULL,
  `PROCESSDEFINITION_` bigint(20) DEFAULT NULL,
  `DESCRIPTION_` longtext,
  `ISBLOCKING_` bit(1) DEFAULT NULL,
  `ISSIGNALLING_` bit(1) DEFAULT NULL,
  `DUEDATE_` varchar(255) DEFAULT NULL,
  `ACTORIDEXPRESSION_` varchar(255) DEFAULT NULL,
  `POOLEDACTORSEXPRESSION_` varchar(255) DEFAULT NULL,
  `TASKMGMTDEFINITION_` bigint(20) DEFAULT NULL,
  `TASKNODE_` bigint(20) DEFAULT NULL,
  `STARTSTATE_` bigint(20) DEFAULT NULL,
  `ASSIGNMENTDELEGATION_` bigint(20) DEFAULT NULL,
  `SWIMLANE_` bigint(20) DEFAULT NULL,
  `TASKCONTROLLER_` bigint(20) DEFAULT NULL,
  PRIMARY KEY (`ID_`),
  KEY `FK_TASK_STARTST` (`STARTSTATE_`),
  KEY `FK_TASK_PROCDEF` (`PROCESSDEFINITION_`),
  KEY `FK_TASK_ASSDEL` (`ASSIGNMENTDELEGATION_`),
  KEY `FK_TASK_SWIMLANE` (`SWIMLANE_`),
  KEY `FK_TASK_TASKNODE` (`TASKNODE_`),
  KEY `FK_TASK_TASKMGTDEF` (`TASKMGMTDEFINITION_`),
  KEY `FK_TSK_TSKCTRL` (`TASKCONTROLLER_`),
  CONSTRAINT `FK_TSK_TSKCTRL` FOREIGN KEY (`TASKCONTROLLER_`) REFERENCES `JBPM_TASKCONTROLLER` (`ID_`),
  CONSTRAINT `FK_TASK_ASSDEL` FOREIGN KEY (`ASSIGNMENTDELEGATION_`) REFERENCES `JBPM_DELEGATION` (`ID_`),
  CONSTRAINT `FK_TASK_PROCDEF` FOREIGN KEY (`PROCESSDEFINITION_`) REFERENCES `JBPM_PROCESSDEFINITION` (`ID_`),
  CONSTRAINT `FK_TASK_STARTST` FOREIGN KEY (`STARTSTATE_`) REFERENCES `JBPM_NODE` (`ID_`),
  CONSTRAINT `FK_TASK_SWIMLANE` FOREIGN KEY (`SWIMLANE_`) REFERENCES `JBPM_SWIMLANE` (`ID_`),
  CONSTRAINT `FK_TASK_TASKMGTDEF` FOREIGN KEY (`TASKMGMTDEFINITION_`) REFERENCES `JBPM_MODULEDEFINITION` (`ID_`),
  CONSTRAINT `FK_TASK_TASKNODE` FOREIGN KEY (`TASKNODE_`) REFERENCES `JBPM_NODE` (`ID_`)
) ENGINE=InnoDB DEFAULT CHARSET=latin1;
/*!40101 SET character_set_client = @saved_cs_client */;

--
-- Dumping data for table `JBPM_TASK`
--

LOCK TABLES `JBPM_TASK` WRITE;
/*!40000 ALTER TABLE `JBPM_TASK` DISABLE KEYS */;
/*!40000 ALTER TABLE `JBPM_TASK` ENABLE KEYS */;
UNLOCK TABLES;

--
-- Table structure for table `JBPM_TASKACTORPOOL`
--

DROP TABLE IF EXISTS `JBPM_TASKACTORPOOL`;
/*!40101 SET @saved_cs_client     = @@character_set_client */;
/*!40101 SET character_set_client = utf8 */;
CREATE TABLE `JBPM_TASKACTORPOOL` (
  `TASKINSTANCE_` bigint(20) NOT NULL,
  `POOLEDACTOR_` bigint(20) NOT NULL,
  PRIMARY KEY (`TASKINSTANCE_`,`POOLEDACTOR_`),
  KEY `FK_TASKACTPL_TSKI` (`TASKINSTANCE_`),
  KEY `FK_TSKACTPOL_PLACT` (`POOLEDACTOR_`),
  CONSTRAINT `FK_TSKACTPOL_PLACT` FOREIGN KEY (`POOLEDACTOR_`) REFERENCES `JBPM_POOLEDACTOR` (`ID_`),
  CONSTRAINT `FK_TASKACTPL_TSKI` FOREIGN KEY (`TASKINSTANCE_`) REFERENCES `JBPM_TASKINSTANCE` (`ID_`)
) ENGINE=InnoDB DEFAULT CHARSET=latin1;
/*!40101 SET character_set_client = @saved_cs_client */;

--
-- Dumping data for table `JBPM_TASKACTORPOOL`
--

LOCK TABLES `JBPM_TASKACTORPOOL` WRITE;
/*!40000 ALTER TABLE `JBPM_TASKACTORPOOL` DISABLE KEYS */;
/*!40000 ALTER TABLE `JBPM_TASKACTORPOOL` ENABLE KEYS */;
UNLOCK TABLES;

--
-- Table structure for table `JBPM_TASKCONTROLLER`
--

DROP TABLE IF EXISTS `JBPM_TASKCONTROLLER`;
/*!40101 SET @saved_cs_client     = @@character_set_client */;
/*!40101 SET character_set_client = utf8 */;
CREATE TABLE `JBPM_TASKCONTROLLER` (
  `ID_` bigint(20) NOT NULL AUTO_INCREMENT,
  `TASKCONTROLLERDELEGATION_` bigint(20) DEFAULT NULL,
  PRIMARY KEY (`ID_`),
  KEY `FK_TSKCTRL_DELEG` (`TASKCONTROLLERDELEGATION_`),
  CONSTRAINT `FK_TSKCTRL_DELEG` FOREIGN KEY (`TASKCONTROLLERDELEGATION_`) REFERENCES `JBPM_DELEGATION` (`ID_`)
) ENGINE=InnoDB DEFAULT CHARSET=latin1;
/*!40101 SET character_set_client = @saved_cs_client */;

--
-- Dumping data for table `JBPM_TASKCONTROLLER`
--

LOCK TABLES `JBPM_TASKCONTROLLER` WRITE;
/*!40000 ALTER TABLE `JBPM_TASKCONTROLLER` DISABLE KEYS */;
/*!40000 ALTER TABLE `JBPM_TASKCONTROLLER` ENABLE KEYS */;
UNLOCK TABLES;

--
-- Table structure for table `JBPM_TASKINSTANCE`
--

DROP TABLE IF EXISTS `JBPM_TASKINSTANCE`;
/*!40101 SET @saved_cs_client     = @@character_set_client */;
/*!40101 SET character_set_client = utf8 */;
CREATE TABLE `JBPM_TASKINSTANCE` (
  `ID_` bigint(20) NOT NULL AUTO_INCREMENT,
  `CLASS_` char(1) NOT NULL,
  `NAME_` varchar(255) DEFAULT NULL,
  `DESCRIPTION_` longtext,
  `ACTORID_` varchar(255) DEFAULT NULL,
  `CREATE_` datetime DEFAULT NULL,
  `START_` datetime DEFAULT NULL,
  `END_` datetime DEFAULT NULL,
  `DUEDATE_` datetime DEFAULT NULL,
  `PRIORITY_` int(11) DEFAULT NULL,
  `ISCANCELLED_` bit(1) DEFAULT NULL,
  `ISSUSPENDED_` bit(1) DEFAULT NULL,
  `ISOPEN_` bit(1) DEFAULT NULL,
  `ISSIGNALLING_` bit(1) DEFAULT NULL,
  `ISBLOCKING_` bit(1) DEFAULT NULL,
  `TASK_` bigint(20) DEFAULT NULL,
  `TOKEN_` bigint(20) DEFAULT NULL,
  `SWIMLANINSTANCE_` bigint(20) DEFAULT NULL,
  `TASKMGMTINSTANCE_` bigint(20) DEFAULT NULL,
  PRIMARY KEY (`ID_`),
  KEY `IDX_TASK_ACTORID` (`ACTORID_`),
  KEY `FK_TASKINST_TMINST` (`TASKMGMTINSTANCE_`),
  KEY `FK_TASKINST_TOKEN` (`TOKEN_`),
  KEY `FK_TASKINST_SLINST` (`SWIMLANINSTANCE_`),
  KEY `FK_TASKINST_TASK` (`TASK_`),
  CONSTRAINT `FK_TASKINST_TASK` FOREIGN KEY (`TASK_`) REFERENCES `JBPM_TASK` (`ID_`),
  CONSTRAINT `FK_TASKINST_SLINST` FOREIGN KEY (`SWIMLANINSTANCE_`) REFERENCES `JBPM_SWIMLANEINSTANCE` (`ID_`),
  CONSTRAINT `FK_TASKINST_TMINST` FOREIGN KEY (`TASKMGMTINSTANCE_`) REFERENCES `JBPM_MODULEINSTANCE` (`ID_`),
  CONSTRAINT `FK_TASKINST_TOKEN` FOREIGN KEY (`TOKEN_`) REFERENCES `JBPM_TOKEN` (`ID_`)
) ENGINE=InnoDB DEFAULT CHARSET=latin1;
/*!40101 SET character_set_client = @saved_cs_client */;

--
-- Dumping data for table `JBPM_TASKINSTANCE`
--

LOCK TABLES `JBPM_TASKINSTANCE` WRITE;
/*!40000 ALTER TABLE `JBPM_TASKINSTANCE` DISABLE KEYS */;
/*!40000 ALTER TABLE `JBPM_TASKINSTANCE` ENABLE KEYS */;
UNLOCK TABLES;

--
-- Table structure for table `JBPM_TIMER`
--

DROP TABLE IF EXISTS `JBPM_TIMER`;
/*!40101 SET @saved_cs_client     = @@character_set_client */;
/*!40101 SET character_set_client = utf8 */;
CREATE TABLE `JBPM_TIMER` (
  `ID_` bigint(20) NOT NULL AUTO_INCREMENT,
  `NAME_` varchar(255) DEFAULT NULL,
  `DUEDATE_` datetime DEFAULT NULL,
  `REPEAT_` varchar(255) DEFAULT NULL,
  `TRANSITIONNAME_` varchar(255) DEFAULT NULL,
  `EXCEPTION_` longtext,
  `ISSUSPENDED_` bit(1) DEFAULT NULL,
  `ACTION_` bigint(20) DEFAULT NULL,
  `TOKEN_` bigint(20) DEFAULT NULL,
  `PROCESSINSTANCE_` bigint(20) DEFAULT NULL,
  `TASKINSTANCE_` bigint(20) DEFAULT NULL,
  `GRAPHELEMENTTYPE_` varchar(255) DEFAULT NULL,
  `GRAPHELEMENT_` bigint(20) DEFAULT NULL,
  PRIMARY KEY (`ID_`),
  KEY `FK_TIMER_PRINST` (`PROCESSINSTANCE_`),
  KEY `FK_TIMER_TOKEN` (`TOKEN_`),
  KEY `FK_TIMER_ACTION` (`ACTION_`),
  KEY `FK_TIMER_TSKINST` (`TASKINSTANCE_`),
  CONSTRAINT `FK_TIMER_TSKINST` FOREIGN KEY (`TASKINSTANCE_`) REFERENCES `JBPM_TASKINSTANCE` (`ID_`),
  CONSTRAINT `FK_TIMER_ACTION` FOREIGN KEY (`ACTION_`) REFERENCES `JBPM_ACTION` (`ID_`),
  CONSTRAINT `FK_TIMER_PRINST` FOREIGN KEY (`PROCESSINSTANCE_`) REFERENCES `JBPM_PROCESSINSTANCE` (`ID_`),
  CONSTRAINT `FK_TIMER_TOKEN` FOREIGN KEY (`TOKEN_`) REFERENCES `JBPM_TOKEN` (`ID_`)
) ENGINE=InnoDB DEFAULT CHARSET=latin1;
/*!40101 SET character_set_client = @saved_cs_client */;

--
-- Dumping data for table `JBPM_TIMER`
--

LOCK TABLES `JBPM_TIMER` WRITE;
/*!40000 ALTER TABLE `JBPM_TIMER` DISABLE KEYS */;
/*!40000 ALTER TABLE `JBPM_TIMER` ENABLE KEYS */;
UNLOCK TABLES;

--
-- Table structure for table `JBPM_TOKEN`
--

DROP TABLE IF EXISTS `JBPM_TOKEN`;
/*!40101 SET @saved_cs_client     = @@character_set_client */;
/*!40101 SET character_set_client = utf8 */;
CREATE TABLE `JBPM_TOKEN` (
  `ID_` bigint(20) NOT NULL AUTO_INCREMENT,
  `VERSION_` int(11) NOT NULL,
  `NAME_` varchar(255) DEFAULT NULL,
  `START_` datetime DEFAULT NULL,
  `END_` datetime DEFAULT NULL,
  `NODEENTER_` datetime DEFAULT NULL,
  `NEXTLOGINDEX_` int(11) DEFAULT NULL,
  `ISABLETOREACTIVATEPARENT_` bit(1) DEFAULT NULL,
  `ISTERMINATIONIMPLICIT_` bit(1) DEFAULT NULL,
  `ISSUSPENDED_` bit(1) DEFAULT NULL,
  `NODE_` bigint(20) DEFAULT NULL,
  `PROCESSINSTANCE_` bigint(20) DEFAULT NULL,
  `PARENT_` bigint(20) DEFAULT NULL,
  `SUBPROCESSINSTANCE_` bigint(20) DEFAULT NULL,
  PRIMARY KEY (`ID_`),
  KEY `FK_TOKEN_SUBPI` (`SUBPROCESSINSTANCE_`),
  KEY `FK_TOKEN_PROCINST` (`PROCESSINSTANCE_`),
  KEY `FK_TOKEN_NODE` (`NODE_`),
  KEY `FK_TOKEN_PARENT` (`PARENT_`),
  CONSTRAINT `FK_TOKEN_PARENT` FOREIGN KEY (`PARENT_`) REFERENCES `JBPM_TOKEN` (`ID_`),
  CONSTRAINT `FK_TOKEN_NODE` FOREIGN KEY (`NODE_`) REFERENCES `JBPM_NODE` (`ID_`),
  CONSTRAINT `FK_TOKEN_PROCINST` FOREIGN KEY (`PROCESSINSTANCE_`) REFERENCES `JBPM_PROCESSINSTANCE` (`ID_`),
  CONSTRAINT `FK_TOKEN_SUBPI` FOREIGN KEY (`SUBPROCESSINSTANCE_`) REFERENCES `JBPM_PROCESSINSTANCE` (`ID_`)
) ENGINE=InnoDB DEFAULT CHARSET=latin1;
/*!40101 SET character_set_client = @saved_cs_client */;

--
-- Dumping data for table `JBPM_TOKEN`
--

LOCK TABLES `JBPM_TOKEN` WRITE;
/*!40000 ALTER TABLE `JBPM_TOKEN` DISABLE KEYS */;
/*!40000 ALTER TABLE `JBPM_TOKEN` ENABLE KEYS */;
UNLOCK TABLES;

--
-- Table structure for table `JBPM_TOKENVARIABLEMAP`
--

DROP TABLE IF EXISTS `JBPM_TOKENVARIABLEMAP`;
/*!40101 SET @saved_cs_client     = @@character_set_client */;
/*!40101 SET character_set_client = utf8 */;
CREATE TABLE `JBPM_TOKENVARIABLEMAP` (
  `ID_` bigint(20) NOT NULL AUTO_INCREMENT,
  `TOKEN_` bigint(20) DEFAULT NULL,
  `CONTEXTINSTANCE_` bigint(20) DEFAULT NULL,
  PRIMARY KEY (`ID_`),
  KEY `FK_TKVARMAP_TOKEN` (`TOKEN_`),
  KEY `FK_TKVARMAP_CTXT` (`CONTEXTINSTANCE_`),
  CONSTRAINT `FK_TKVARMAP_CTXT` FOREIGN KEY (`CONTEXTINSTANCE_`) REFERENCES `JBPM_MODULEINSTANCE` (`ID_`),
  CONSTRAINT `FK_TKVARMAP_TOKEN` FOREIGN KEY (`TOKEN_`) REFERENCES `JBPM_TOKEN` (`ID_`)
) ENGINE=InnoDB DEFAULT CHARSET=latin1;
/*!40101 SET character_set_client = @saved_cs_client */;

--
-- Dumping data for table `JBPM_TOKENVARIABLEMAP`
--

LOCK TABLES `JBPM_TOKENVARIABLEMAP` WRITE;
/*!40000 ALTER TABLE `JBPM_TOKENVARIABLEMAP` DISABLE KEYS */;
/*!40000 ALTER TABLE `JBPM_TOKENVARIABLEMAP` ENABLE KEYS */;
UNLOCK TABLES;

--
-- Table structure for table `JBPM_TRANSITION`
--

DROP TABLE IF EXISTS `JBPM_TRANSITION`;
/*!40101 SET @saved_cs_client     = @@character_set_client */;
/*!40101 SET character_set_client = utf8 */;
CREATE TABLE `JBPM_TRANSITION` (
  `ID_` bigint(20) NOT NULL AUTO_INCREMENT,
  `NAME_` varchar(255) DEFAULT NULL,
  `PROCESSDEFINITION_` bigint(20) DEFAULT NULL,
  `FROM_` bigint(20) DEFAULT NULL,
  `TO_` bigint(20) DEFAULT NULL,
  `FROMINDEX_` int(11) DEFAULT NULL,
  PRIMARY KEY (`ID_`),
  KEY `FK_TRANSITION_FROM` (`FROM_`),
  KEY `FK_TRANS_PROCDEF` (`PROCESSDEFINITION_`),
  KEY `FK_TRANSITION_TO` (`TO_`),
  CONSTRAINT `FK_TRANSITION_TO` FOREIGN KEY (`TO_`) REFERENCES `JBPM_NODE` (`ID_`),
  CONSTRAINT `FK_TRANSITION_FROM` FOREIGN KEY (`FROM_`) REFERENCES `JBPM_NODE` (`ID_`),
  CONSTRAINT `FK_TRANS_PROCDEF` FOREIGN KEY (`PROCESSDEFINITION_`) REFERENCES `JBPM_PROCESSDEFINITION` (`ID_`)
) ENGINE=InnoDB DEFAULT CHARSET=latin1;
/*!40101 SET character_set_client = @saved_cs_client */;

--
-- Dumping data for table `JBPM_TRANSITION`
--

LOCK TABLES `JBPM_TRANSITION` WRITE;
/*!40000 ALTER TABLE `JBPM_TRANSITION` DISABLE KEYS */;
/*!40000 ALTER TABLE `JBPM_TRANSITION` ENABLE KEYS */;
UNLOCK TABLES;

--
-- Table structure for table `JBPM_VARIABLEACCESS`
--

DROP TABLE IF EXISTS `JBPM_VARIABLEACCESS`;
/*!40101 SET @saved_cs_client     = @@character_set_client */;
/*!40101 SET character_set_client = utf8 */;
CREATE TABLE `JBPM_VARIABLEACCESS` (
  `ID_` bigint(20) NOT NULL AUTO_INCREMENT,
  `VARIABLENAME_` varchar(255) DEFAULT NULL,
  `ACCESS_` varchar(255) DEFAULT NULL,
  `MAPPEDNAME_` varchar(255) DEFAULT NULL,
  `PROCESSSTATE_` bigint(20) DEFAULT NULL,
  `TASKCONTROLLER_` bigint(20) DEFAULT NULL,
  `INDEX_` int(11) DEFAULT NULL,
  `SCRIPT_` bigint(20) DEFAULT NULL,
  PRIMARY KEY (`ID_`),
  KEY `FK_VARACC_PROCST` (`PROCESSSTATE_`),
  KEY `FK_VARACC_SCRIPT` (`SCRIPT_`),
  KEY `FK_VARACC_TSKCTRL` (`TASKCONTROLLER_`),
  CONSTRAINT `FK_VARACC_TSKCTRL` FOREIGN KEY (`TASKCONTROLLER_`) REFERENCES `JBPM_TASKCONTROLLER` (`ID_`),
  CONSTRAINT `FK_VARACC_PROCST` FOREIGN KEY (`PROCESSSTATE_`) REFERENCES `JBPM_NODE` (`ID_`),
  CONSTRAINT `FK_VARACC_SCRIPT` FOREIGN KEY (`SCRIPT_`) REFERENCES `JBPM_ACTION` (`ID_`)
) ENGINE=InnoDB DEFAULT CHARSET=latin1;
/*!40101 SET character_set_client = @saved_cs_client */;

--
-- Dumping data for table `JBPM_VARIABLEACCESS`
--

LOCK TABLES `JBPM_VARIABLEACCESS` WRITE;
/*!40000 ALTER TABLE `JBPM_VARIABLEACCESS` DISABLE KEYS */;
/*!40000 ALTER TABLE `JBPM_VARIABLEACCESS` ENABLE KEYS */;
UNLOCK TABLES;

--
-- Table structure for table `JBPM_VARIABLEINSTANCE`
--

DROP TABLE IF EXISTS `JBPM_VARIABLEINSTANCE`;
/*!40101 SET @saved_cs_client     = @@character_set_client */;
/*!40101 SET character_set_client = utf8 */;
CREATE TABLE `JBPM_VARIABLEINSTANCE` (
  `ID_` bigint(20) NOT NULL AUTO_INCREMENT,
  `CLASS_` char(1) NOT NULL,
  `NAME_` varchar(255) DEFAULT NULL,
  `CONVERTER_` char(1) DEFAULT NULL,
  `TOKEN_` bigint(20) DEFAULT NULL,
  `TOKENVARIABLEMAP_` bigint(20) DEFAULT NULL,
  `PROCESSINSTANCE_` bigint(20) DEFAULT NULL,
  `BYTEARRAYVALUE_` bigint(20) DEFAULT NULL,
  `DATEVALUE_` datetime DEFAULT NULL,
  `DOUBLEVALUE_` double DEFAULT NULL,
  `LONGIDCLASS_` varchar(255) DEFAULT NULL,
  `LONGVALUE_` bigint(20) DEFAULT NULL,
  `STRINGIDCLASS_` varchar(255) DEFAULT NULL,
  `STRINGVALUE_` varchar(255) DEFAULT NULL,
  `TASKINSTANCE_` bigint(20) DEFAULT NULL,
  PRIMARY KEY (`ID_`),
  KEY `FK_VARINST_PRCINST` (`PROCESSINSTANCE_`),
  KEY `FK_VARINST_TKVARMP` (`TOKENVARIABLEMAP_`),
  KEY `FK_VARINST_TK` (`TOKEN_`),
  KEY `FK_BYTEINST_ARRAY` (`BYTEARRAYVALUE_`),
  KEY `FK_VAR_TSKINST` (`TASKINSTANCE_`),
  CONSTRAINT `FK_VAR_TSKINST` FOREIGN KEY (`TASKINSTANCE_`) REFERENCES `JBPM_TASKINSTANCE` (`ID_`),
  CONSTRAINT `FK_BYTEINST_ARRAY` FOREIGN KEY (`BYTEARRAYVALUE_`) REFERENCES `JBPM_BYTEARRAY` (`ID_`),
  CONSTRAINT `FK_VARINST_PRCINST` FOREIGN KEY (`PROCESSINSTANCE_`) REFERENCES `JBPM_PROCESSINSTANCE` (`ID_`),
  CONSTRAINT `FK_VARINST_TK` FOREIGN KEY (`TOKEN_`) REFERENCES `JBPM_TOKEN` (`ID_`),
  CONSTRAINT `FK_VARINST_TKVARMP` FOREIGN KEY (`TOKENVARIABLEMAP_`) REFERENCES `JBPM_TOKENVARIABLEMAP` (`ID_`)
) ENGINE=InnoDB DEFAULT CHARSET=latin1;
/*!40101 SET character_set_client = @saved_cs_client */;

--
-- Dumping data for table `JBPM_VARIABLEINSTANCE`
--

LOCK TABLES `JBPM_VARIABLEINSTANCE` WRITE;
/*!40000 ALTER TABLE `JBPM_VARIABLEINSTANCE` DISABLE KEYS */;
/*!40000 ALTER TABLE `JBPM_VARIABLEINSTANCE` ENABLE KEYS */;
UNLOCK TABLES;

--
-- Table structure for table `QRTZ_BLOB_TRIGGERS`
--

DROP TABLE IF EXISTS `QRTZ_BLOB_TRIGGERS`;
/*!40101 SET @saved_cs_client     = @@character_set_client */;
/*!40101 SET character_set_client = utf8 */;
CREATE TABLE `QRTZ_BLOB_TRIGGERS` (
  `TRIGGER_NAME` varchar(80) NOT NULL,
  `TRIGGER_GROUP` varchar(80) NOT NULL,
  `BLOB_DATA` blob,
  PRIMARY KEY (`TRIGGER_NAME`,`TRIGGER_GROUP`),
  KEY `TRIGGER_NAME` (`TRIGGER_NAME`,`TRIGGER_GROUP`),
  CONSTRAINT `QRTZ_BLOB_TRIGGERS_ibfk_1` FOREIGN KEY (`TRIGGER_NAME`, `TRIGGER_GROUP`) REFERENCES `QRTZ_TRIGGERS` (`TRIGGER_NAME`, `TRIGGER_GROUP`)
) ENGINE=InnoDB DEFAULT CHARSET=latin1;
/*!40101 SET character_set_client = @saved_cs_client */;

--
-- Dumping data for table `QRTZ_BLOB_TRIGGERS`
--

LOCK TABLES `QRTZ_BLOB_TRIGGERS` WRITE;
/*!40000 ALTER TABLE `QRTZ_BLOB_TRIGGERS` DISABLE KEYS */;
/*!40000 ALTER TABLE `QRTZ_BLOB_TRIGGERS` ENABLE KEYS */;
UNLOCK TABLES;

--
-- Table structure for table `QRTZ_CALENDARS`
--

DROP TABLE IF EXISTS `QRTZ_CALENDARS`;
/*!40101 SET @saved_cs_client     = @@character_set_client */;
/*!40101 SET character_set_client = utf8 */;
CREATE TABLE `QRTZ_CALENDARS` (
  `CALENDAR_NAME` varchar(80) NOT NULL,
  `CALENDAR` blob NOT NULL,
  PRIMARY KEY (`CALENDAR_NAME`)
) ENGINE=InnoDB DEFAULT CHARSET=latin1;
/*!40101 SET character_set_client = @saved_cs_client */;

--
-- Dumping data for table `QRTZ_CALENDARS`
--

LOCK TABLES `QRTZ_CALENDARS` WRITE;
/*!40000 ALTER TABLE `QRTZ_CALENDARS` DISABLE KEYS */;
/*!40000 ALTER TABLE `QRTZ_CALENDARS` ENABLE KEYS */;
UNLOCK TABLES;

--
-- Table structure for table `QRTZ_CRON_TRIGGERS`
--

DROP TABLE IF EXISTS `QRTZ_CRON_TRIGGERS`;
/*!40101 SET @saved_cs_client     = @@character_set_client */;
/*!40101 SET character_set_client = utf8 */;
CREATE TABLE `QRTZ_CRON_TRIGGERS` (
  `TRIGGER_NAME` varchar(80) NOT NULL,
  `TRIGGER_GROUP` varchar(80) NOT NULL,
  `CRON_EXPRESSION` varchar(80) NOT NULL,
  `TIME_ZONE_ID` varchar(80) DEFAULT NULL,
  PRIMARY KEY (`TRIGGER_NAME`,`TRIGGER_GROUP`),
  KEY `TRIGGER_NAME` (`TRIGGER_NAME`,`TRIGGER_GROUP`),
  CONSTRAINT `QRTZ_CRON_TRIGGERS_ibfk_1` FOREIGN KEY (`TRIGGER_NAME`, `TRIGGER_GROUP`) REFERENCES `QRTZ_TRIGGERS` (`TRIGGER_NAME`, `TRIGGER_GROUP`)
) ENGINE=InnoDB DEFAULT CHARSET=latin1;
/*!40101 SET character_set_client = @saved_cs_client */;

--
-- Dumping data for table `QRTZ_CRON_TRIGGERS`
--

LOCK TABLES `QRTZ_CRON_TRIGGERS` WRITE;
/*!40000 ALTER TABLE `QRTZ_CRON_TRIGGERS` DISABLE KEYS */;
INSERT INTO `QRTZ_CRON_TRIGGERS` VALUES ('schedule_uuid_d2925af1-db0d-11e1-924a-5521202fd088','DEFAULT','0 0/5 * * * ? *','Europe/Rome');
/*!40000 ALTER TABLE `QRTZ_CRON_TRIGGERS` ENABLE KEYS */;
UNLOCK TABLES;

--
-- Table structure for table `QRTZ_FIRED_TRIGGERS`
--

DROP TABLE IF EXISTS `QRTZ_FIRED_TRIGGERS`;
/*!40101 SET @saved_cs_client     = @@character_set_client */;
/*!40101 SET character_set_client = utf8 */;
CREATE TABLE `QRTZ_FIRED_TRIGGERS` (
  `ENTRY_ID` varchar(95) NOT NULL,
  `TRIGGER_NAME` varchar(80) NOT NULL,
  `TRIGGER_GROUP` varchar(80) NOT NULL,
  `IS_VOLATILE` varchar(1) NOT NULL,
  `INSTANCE_NAME` varchar(80) NOT NULL,
  `FIRED_TIME` bigint(13) NOT NULL,
  `PRIORITY` int(11) NOT NULL,
  `STATE` varchar(16) NOT NULL,
  `JOB_NAME` varchar(80) DEFAULT NULL,
  `JOB_GROUP` varchar(80) DEFAULT NULL,
  `IS_STATEFUL` varchar(1) DEFAULT NULL,
  `REQUESTS_RECOVERY` varchar(1) DEFAULT NULL,
  PRIMARY KEY (`ENTRY_ID`)
) ENGINE=InnoDB DEFAULT CHARSET=latin1;
/*!40101 SET character_set_client = @saved_cs_client */;

--
-- Dumping data for table `QRTZ_FIRED_TRIGGERS`
--

LOCK TABLES `QRTZ_FIRED_TRIGGERS` WRITE;
/*!40000 ALTER TABLE `QRTZ_FIRED_TRIGGERS` DISABLE KEYS */;
/*!40000 ALTER TABLE `QRTZ_FIRED_TRIGGERS` ENABLE KEYS */;
UNLOCK TABLES;

--
-- Table structure for table `QRTZ_JOB_DETAILS`
--

DROP TABLE IF EXISTS `QRTZ_JOB_DETAILS`;
/*!40101 SET @saved_cs_client     = @@character_set_client */;
/*!40101 SET character_set_client = utf8 */;
CREATE TABLE `QRTZ_JOB_DETAILS` (
  `JOB_NAME` varchar(80) NOT NULL,
  `JOB_GROUP` varchar(80) NOT NULL,
  `DESCRIPTION` varchar(120) DEFAULT NULL,
  `JOB_CLASS_NAME` varchar(128) NOT NULL,
  `IS_DURABLE` varchar(1) NOT NULL,
  `IS_VOLATILE` varchar(1) NOT NULL,
  `IS_STATEFUL` varchar(1) NOT NULL,
  `REQUESTS_RECOVERY` varchar(1) NOT NULL,
  `JOB_DATA` blob,
  PRIMARY KEY (`JOB_NAME`,`JOB_GROUP`)
) ENGINE=InnoDB DEFAULT CHARSET=latin1;
/*!40101 SET character_set_client = @saved_cs_client */;

--
-- Dumping data for table `QRTZ_JOB_DETAILS`
--

LOCK TABLES `QRTZ_JOB_DETAILS` WRITE;
/*!40000 ALTER TABLE `QRTZ_JOB_DETAILS` DISABLE KEYS */;
INSERT INTO `QRTZ_JOB_DETAILS` VALUES ('AlarmInspectorJob','SPAGOBI/AlarmInspectorJob','AlarmInspectorJob','it.eng.spagobi.kpi.alarm.service.AlarmInspectorJob','1','0','0','1','��\0sr\0org.quartz.JobDataMap���迩��\0\0xr\0&org.quartz.utils.StringKeyDirtyFlagMap�����](\0Z\0allowsTransientDataxr\0org.quartz.utils.DirtyFlagMap�.�(v\n�\0Z\0dirtyL\0mapt\0Ljava/util/Map;xp\0sr\0java.util.HashMap���`�\0F\0\nloadFactorI\0	thresholdxp?@\0\0\0\0\0w\0\0\0\0\0\0\0x\0');
/*!40000 ALTER TABLE `QRTZ_JOB_DETAILS` ENABLE KEYS */;
UNLOCK TABLES;

--
-- Table structure for table `QRTZ_JOB_LISTENERS`
--

DROP TABLE IF EXISTS `QRTZ_JOB_LISTENERS`;
/*!40101 SET @saved_cs_client     = @@character_set_client */;
/*!40101 SET character_set_client = utf8 */;
CREATE TABLE `QRTZ_JOB_LISTENERS` (
  `JOB_NAME` varchar(80) NOT NULL,
  `JOB_GROUP` varchar(80) NOT NULL,
  `JOB_LISTENER` varchar(80) NOT NULL,
  PRIMARY KEY (`JOB_NAME`,`JOB_GROUP`,`JOB_LISTENER`),
  KEY `JOB_NAME` (`JOB_NAME`,`JOB_GROUP`),
  CONSTRAINT `QRTZ_JOB_LISTENERS_ibfk_1` FOREIGN KEY (`JOB_NAME`, `JOB_GROUP`) REFERENCES `QRTZ_JOB_DETAILS` (`JOB_NAME`, `JOB_GROUP`)
) ENGINE=InnoDB DEFAULT CHARSET=latin1;
/*!40101 SET character_set_client = @saved_cs_client */;

--
-- Dumping data for table `QRTZ_JOB_LISTENERS`
--

LOCK TABLES `QRTZ_JOB_LISTENERS` WRITE;
/*!40000 ALTER TABLE `QRTZ_JOB_LISTENERS` DISABLE KEYS */;
/*!40000 ALTER TABLE `QRTZ_JOB_LISTENERS` ENABLE KEYS */;
UNLOCK TABLES;

--
-- Table structure for table `QRTZ_LOCKS`
--

DROP TABLE IF EXISTS `QRTZ_LOCKS`;
/*!40101 SET @saved_cs_client     = @@character_set_client */;
/*!40101 SET character_set_client = utf8 */;
CREATE TABLE `QRTZ_LOCKS` (
  `LOCK_NAME` varchar(40) NOT NULL,
  PRIMARY KEY (`LOCK_NAME`)
) ENGINE=InnoDB DEFAULT CHARSET=latin1;
/*!40101 SET character_set_client = @saved_cs_client */;

--
-- Dumping data for table `QRTZ_LOCKS`
--

LOCK TABLES `QRTZ_LOCKS` WRITE;
/*!40000 ALTER TABLE `QRTZ_LOCKS` DISABLE KEYS */;
INSERT INTO `QRTZ_LOCKS` VALUES ('CALENDAR_ACCESS'),('JOB_ACCESS'),('MISFIRE_ACCESS'),('STATE_ACCESS'),('TRIGGER_ACCESS');
/*!40000 ALTER TABLE `QRTZ_LOCKS` ENABLE KEYS */;
UNLOCK TABLES;

--
-- Table structure for table `QRTZ_PAUSED_TRIGGER_GRPS`
--

DROP TABLE IF EXISTS `QRTZ_PAUSED_TRIGGER_GRPS`;
/*!40101 SET @saved_cs_client     = @@character_set_client */;
/*!40101 SET character_set_client = utf8 */;
CREATE TABLE `QRTZ_PAUSED_TRIGGER_GRPS` (
  `TRIGGER_GROUP` varchar(80) NOT NULL,
  PRIMARY KEY (`TRIGGER_GROUP`)
) ENGINE=InnoDB DEFAULT CHARSET=latin1;
/*!40101 SET character_set_client = @saved_cs_client */;

--
-- Dumping data for table `QRTZ_PAUSED_TRIGGER_GRPS`
--

LOCK TABLES `QRTZ_PAUSED_TRIGGER_GRPS` WRITE;
/*!40000 ALTER TABLE `QRTZ_PAUSED_TRIGGER_GRPS` DISABLE KEYS */;
/*!40000 ALTER TABLE `QRTZ_PAUSED_TRIGGER_GRPS` ENABLE KEYS */;
UNLOCK TABLES;

--
-- Table structure for table `QRTZ_SCHEDULER_STATE`
--

DROP TABLE IF EXISTS `QRTZ_SCHEDULER_STATE`;
/*!40101 SET @saved_cs_client     = @@character_set_client */;
/*!40101 SET character_set_client = utf8 */;
CREATE TABLE `QRTZ_SCHEDULER_STATE` (
  `INSTANCE_NAME` varchar(80) NOT NULL,
  `LAST_CHECKIN_TIME` bigint(13) NOT NULL,
  `CHECKIN_INTERVAL` bigint(13) NOT NULL,
  PRIMARY KEY (`INSTANCE_NAME`)
) ENGINE=InnoDB DEFAULT CHARSET=latin1;
/*!40101 SET character_set_client = @saved_cs_client */;

--
-- Dumping data for table `QRTZ_SCHEDULER_STATE`
--

LOCK TABLES `QRTZ_SCHEDULER_STATE` WRITE;
/*!40000 ALTER TABLE `QRTZ_SCHEDULER_STATE` DISABLE KEYS */;
/*!40000 ALTER TABLE `QRTZ_SCHEDULER_STATE` ENABLE KEYS */;
UNLOCK TABLES;

--
-- Table structure for table `QRTZ_SIMPLE_TRIGGERS`
--

DROP TABLE IF EXISTS `QRTZ_SIMPLE_TRIGGERS`;
/*!40101 SET @saved_cs_client     = @@character_set_client */;
/*!40101 SET character_set_client = utf8 */;
CREATE TABLE `QRTZ_SIMPLE_TRIGGERS` (
  `TRIGGER_NAME` varchar(80) NOT NULL,
  `TRIGGER_GROUP` varchar(80) NOT NULL,
  `REPEAT_COUNT` bigint(7) NOT NULL,
  `REPEAT_INTERVAL` bigint(12) NOT NULL,
  `TIMES_TRIGGERED` bigint(7) NOT NULL,
  PRIMARY KEY (`TRIGGER_NAME`,`TRIGGER_GROUP`),
  KEY `TRIGGER_NAME` (`TRIGGER_NAME`,`TRIGGER_GROUP`),
  CONSTRAINT `QRTZ_SIMPLE_TRIGGERS_ibfk_1` FOREIGN KEY (`TRIGGER_NAME`, `TRIGGER_GROUP`) REFERENCES `QRTZ_TRIGGERS` (`TRIGGER_NAME`, `TRIGGER_GROUP`)
) ENGINE=InnoDB DEFAULT CHARSET=latin1;
/*!40101 SET character_set_client = @saved_cs_client */;

--
-- Dumping data for table `QRTZ_SIMPLE_TRIGGERS`
--

LOCK TABLES `QRTZ_SIMPLE_TRIGGERS` WRITE;
/*!40000 ALTER TABLE `QRTZ_SIMPLE_TRIGGERS` DISABLE KEYS */;
/*!40000 ALTER TABLE `QRTZ_SIMPLE_TRIGGERS` ENABLE KEYS */;
UNLOCK TABLES;

--
-- Table structure for table `QRTZ_TRIGGERS`
--

DROP TABLE IF EXISTS `QRTZ_TRIGGERS`;
/*!40101 SET @saved_cs_client     = @@character_set_client */;
/*!40101 SET character_set_client = utf8 */;
CREATE TABLE `QRTZ_TRIGGERS` (
  `TRIGGER_NAME` varchar(80) NOT NULL,
  `TRIGGER_GROUP` varchar(80) NOT NULL,
  `JOB_NAME` varchar(80) NOT NULL,
  `JOB_GROUP` varchar(80) NOT NULL,
  `IS_VOLATILE` varchar(1) NOT NULL,
  `DESCRIPTION` varchar(120) DEFAULT NULL,
  `NEXT_FIRE_TIME` bigint(13) DEFAULT NULL,
  `PREV_FIRE_TIME` bigint(13) DEFAULT NULL,
  `PRIORITY` int(11) DEFAULT NULL,
  `TRIGGER_STATE` varchar(16) NOT NULL,
  `TRIGGER_TYPE` varchar(8) NOT NULL,
  `START_TIME` bigint(13) NOT NULL,
  `END_TIME` bigint(13) DEFAULT NULL,
  `CALENDAR_NAME` varchar(80) DEFAULT NULL,
  `MISFIRE_INSTR` smallint(2) DEFAULT NULL,
  `JOB_DATA` blob,
  PRIMARY KEY (`TRIGGER_NAME`,`TRIGGER_GROUP`),
  KEY `JOB_NAME` (`JOB_NAME`,`JOB_GROUP`),
  CONSTRAINT `QRTZ_TRIGGERS_ibfk_1` FOREIGN KEY (`JOB_NAME`, `JOB_GROUP`) REFERENCES `QRTZ_JOB_DETAILS` (`JOB_NAME`, `JOB_GROUP`)
) ENGINE=InnoDB DEFAULT CHARSET=latin1;
/*!40101 SET character_set_client = @saved_cs_client */;

--
-- Dumping data for table `QRTZ_TRIGGERS`
--

LOCK TABLES `QRTZ_TRIGGERS` WRITE;
/*!40000 ALTER TABLE `QRTZ_TRIGGERS` DISABLE KEYS */;
INSERT INTO `QRTZ_TRIGGERS` VALUES ('schedule_uuid_d2925af1-db0d-11e1-924a-5521202fd088','DEFAULT','AlarmInspectorJob','SPAGOBI/AlarmInspectorJob','0',NULL,1343749800000,1343749500000,5,'WAITING','CRON',1325372400000,0,NULL,0,'��\0sr\0org.quartz.JobDataMap���迩��\0\0xr\0&org.quartz.utils.StringKeyDirtyFlagMap�����](\0Z\0allowsTransientDataxr\0org.quartz.utils.DirtyFlagMap�.�(v\n�\0Z\0dirtyL\0mapt\0Ljava/util/Map;xpsr\0java.util.HashMap���`�\0F\0\nloadFactorI\0	thresholdxp?@\0\0\0\0\0w\0\0\0\0\0\0t\0spagoBIcronExpressiont\0minute{numRepetition=5}x\0');
/*!40000 ALTER TABLE `QRTZ_TRIGGERS` ENABLE KEYS */;
UNLOCK TABLES;

--
-- Table structure for table `QRTZ_TRIGGER_LISTENERS`
--

DROP TABLE IF EXISTS `QRTZ_TRIGGER_LISTENERS`;
/*!40101 SET @saved_cs_client     = @@character_set_client */;
/*!40101 SET character_set_client = utf8 */;
CREATE TABLE `QRTZ_TRIGGER_LISTENERS` (
  `TRIGGER_NAME` varchar(80) NOT NULL,
  `TRIGGER_GROUP` varchar(80) NOT NULL,
  `TRIGGER_LISTENER` varchar(80) NOT NULL,
  PRIMARY KEY (`TRIGGER_NAME`,`TRIGGER_GROUP`,`TRIGGER_LISTENER`),
  KEY `TRIGGER_NAME` (`TRIGGER_NAME`,`TRIGGER_GROUP`),
  CONSTRAINT `QRTZ_TRIGGER_LISTENERS_ibfk_1` FOREIGN KEY (`TRIGGER_NAME`, `TRIGGER_GROUP`) REFERENCES `QRTZ_TRIGGERS` (`TRIGGER_NAME`, `TRIGGER_GROUP`)
) ENGINE=InnoDB DEFAULT CHARSET=latin1;
/*!40101 SET character_set_client = @saved_cs_client */;

--
-- Dumping data for table `QRTZ_TRIGGER_LISTENERS`
--

LOCK TABLES `QRTZ_TRIGGER_LISTENERS` WRITE;
/*!40000 ALTER TABLE `QRTZ_TRIGGER_LISTENERS` DISABLE KEYS */;
/*!40000 ALTER TABLE `QRTZ_TRIGGER_LISTENERS` ENABLE KEYS */;
UNLOCK TABLES;

--
-- Table structure for table `S4Q_E_DATA_SOURCE`
--

DROP TABLE IF EXISTS `S4Q_E_DATA_SOURCE`;
/*!40101 SET @saved_cs_client     = @@character_set_client */;
/*!40101 SET character_set_client = utf8 */;
CREATE TABLE `S4Q_E_DATA_SOURCE` (
  `id_data_source` int(11) NOT NULL AUTO_INCREMENT,
  `id_source_type` int(11) NOT NULL,
  `name` varchar(50) NOT NULL,
  `description` varchar(255) DEFAULT NULL,
  PRIMARY KEY (`id_data_source`),
  UNIQUE KEY `unique_name_source_type` (`id_data_source`,`name`),
  KEY `id_source_type` (`id_source_type`),
  CONSTRAINT `S4Q_E_DATA_SOURCE_ibfk_1` FOREIGN KEY (`id_source_type`) REFERENCES `S4Q_E_SOURCE_TYPE` (`id_source_type`) ON DELETE NO ACTION ON UPDATE NO ACTION
) ENGINE=InnoDB DEFAULT CHARSET=latin1;
/*!40101 SET character_set_client = @saved_cs_client */;

--
-- Dumping data for table `S4Q_E_DATA_SOURCE`
--

LOCK TABLES `S4Q_E_DATA_SOURCE` WRITE;
/*!40000 ALTER TABLE `S4Q_E_DATA_SOURCE` DISABLE KEYS */;
/*!40000 ALTER TABLE `S4Q_E_DATA_SOURCE` ENABLE KEYS */;
UNLOCK TABLES;

--
-- Table structure for table `S4Q_E_DATA_SOURCE_PARAMETER`
--

DROP TABLE IF EXISTS `S4Q_E_DATA_SOURCE_PARAMETER`;
/*!40101 SET @saved_cs_client     = @@character_set_client */;
/*!40101 SET character_set_client = utf8 */;
CREATE TABLE `S4Q_E_DATA_SOURCE_PARAMETER` (
  `id_data_source_parameter` int(11) NOT NULL AUTO_INCREMENT,
  `id_data_source` int(11) NOT NULL,
  `name` varchar(255) NOT NULL,
  `value` varchar(1000) DEFAULT NULL,
  `cript` tinyint(1) DEFAULT NULL,
  PRIMARY KEY (`id_data_source_parameter`),
  KEY `id_data_source` (`id_data_source`),
  CONSTRAINT `S4Q_E_DATA_SOURCE_PARAMETER_ibfk_1` FOREIGN KEY (`id_data_source`) REFERENCES `S4Q_E_DATA_SOURCE` (`id_data_source`) ON DELETE NO ACTION ON UPDATE NO ACTION
) ENGINE=InnoDB DEFAULT CHARSET=latin1;
/*!40101 SET character_set_client = @saved_cs_client */;

--
-- Dumping data for table `S4Q_E_DATA_SOURCE_PARAMETER`
--

LOCK TABLES `S4Q_E_DATA_SOURCE_PARAMETER` WRITE;
/*!40000 ALTER TABLE `S4Q_E_DATA_SOURCE_PARAMETER` DISABLE KEYS */;
/*!40000 ALTER TABLE `S4Q_E_DATA_SOURCE_PARAMETER` ENABLE KEYS */;
UNLOCK TABLES;

--
-- Table structure for table `S4Q_E_DOMAIN_VALUE`
--

DROP TABLE IF EXISTS `S4Q_E_DOMAIN_VALUE`;
/*!40101 SET @saved_cs_client     = @@character_set_client */;
/*!40101 SET character_set_client = utf8 */;
CREATE TABLE `S4Q_E_DOMAIN_VALUE` (
  `id_field_value` int(11) NOT NULL AUTO_INCREMENT,
  `id_interface_field` int(11) NOT NULL,
  `value` varchar(400) DEFAULT NULL,
  PRIMARY KEY (`id_field_value`),
  KEY `id_interface_field` (`id_interface_field`),
  CONSTRAINT `S4Q_E_DOMAIN_VALUE_ibfk_1` FOREIGN KEY (`id_interface_field`) REFERENCES `S4Q_E_INTERFACE_FIELD` (`id_interface_field`)
) ENGINE=InnoDB DEFAULT CHARSET=latin1;
/*!40101 SET character_set_client = @saved_cs_client */;

--
-- Dumping data for table `S4Q_E_DOMAIN_VALUE`
--

LOCK TABLES `S4Q_E_DOMAIN_VALUE` WRITE;
/*!40000 ALTER TABLE `S4Q_E_DOMAIN_VALUE` DISABLE KEYS */;
/*!40000 ALTER TABLE `S4Q_E_DOMAIN_VALUE` ENABLE KEYS */;
UNLOCK TABLES;

--
-- Table structure for table `S4Q_E_INTERFACE_FIELD`
--

DROP TABLE IF EXISTS `S4Q_E_INTERFACE_FIELD`;
/*!40101 SET @saved_cs_client     = @@character_set_client */;
/*!40101 SET character_set_client = utf8 */;
CREATE TABLE `S4Q_E_INTERFACE_FIELD` (
  `id_interface_field` int(11) NOT NULL AUTO_INCREMENT,
  `id_interface_type` int(11) NOT NULL,
  `name` varchar(50) DEFAULT NULL,
  `field_type` varchar(50) DEFAULT NULL,
  `sensible` tinyint(1) DEFAULT NULL,
  `key_field` tinyint(1) DEFAULT NULL,
  PRIMARY KEY (`id_interface_field`),
  UNIQUE KEY `unipque_name_interface_type` (`id_interface_type`,`name`),
  CONSTRAINT `S4Q_E_INTERFACE_FIELD_ibfk_1` FOREIGN KEY (`id_interface_type`) REFERENCES `S4Q_E_INTERFACE_TYPE` (`id_interface_type`) ON DELETE NO ACTION ON UPDATE NO ACTION
) ENGINE=InnoDB DEFAULT CHARSET=latin1;
/*!40101 SET character_set_client = @saved_cs_client */;

--
-- Dumping data for table `S4Q_E_INTERFACE_FIELD`
--

LOCK TABLES `S4Q_E_INTERFACE_FIELD` WRITE;
/*!40000 ALTER TABLE `S4Q_E_INTERFACE_FIELD` DISABLE KEYS */;
/*!40000 ALTER TABLE `S4Q_E_INTERFACE_FIELD` ENABLE KEYS */;
UNLOCK TABLES;

--
-- Table structure for table `S4Q_E_INTERFACE_TYPE`
--

DROP TABLE IF EXISTS `S4Q_E_INTERFACE_TYPE`;
/*!40101 SET @saved_cs_client     = @@character_set_client */;
/*!40101 SET character_set_client = utf8 */;
CREATE TABLE `S4Q_E_INTERFACE_TYPE` (
  `id_interface_type` int(11) NOT NULL AUTO_INCREMENT,
  `id_data_source` int(11) DEFAULT NULL,
  `name` varchar(50) NOT NULL,
  `description` varchar(255) DEFAULT NULL,
  `tablename` varchar(255) DEFAULT NULL,
  `filter_class` varchar(255) DEFAULT NULL,
  PRIMARY KEY (`id_interface_type`),
  UNIQUE KEY `e_interface_name_uk` (`name`),
  KEY `id_data_source` (`id_data_source`),
  CONSTRAINT `S4Q_E_INTERFACE_TYPE_ibfk_1` FOREIGN KEY (`id_data_source`) REFERENCES `SBI_DATA_SOURCE` (`DS_ID`)
) ENGINE=InnoDB DEFAULT CHARSET=latin1;
/*!40101 SET character_set_client = @saved_cs_client */;

--
-- Dumping data for table `S4Q_E_INTERFACE_TYPE`
--

LOCK TABLES `S4Q_E_INTERFACE_TYPE` WRITE;
/*!40000 ALTER TABLE `S4Q_E_INTERFACE_TYPE` DISABLE KEYS */;
/*!40000 ALTER TABLE `S4Q_E_INTERFACE_TYPE` ENABLE KEYS */;
UNLOCK TABLES;

--
-- Table structure for table `S4Q_E_OPERATION`
--

DROP TABLE IF EXISTS `S4Q_E_OPERATION`;
/*!40101 SET @saved_cs_client     = @@character_set_client */;
/*!40101 SET character_set_client = utf8 */;
CREATE TABLE `S4Q_E_OPERATION` (
  `id_operation` int(11) NOT NULL AUTO_INCREMENT,
  `id_process` int(11) NOT NULL,
  `id_data_source` int(11) DEFAULT NULL,
  `id_interface_type` int(11) DEFAULT NULL,
  `name` varchar(255) NOT NULL,
  `description` varchar(255) DEFAULT NULL,
  `archive` tinyint(1) DEFAULT '0',
  `rejected` tinyint(1) DEFAULT '0',
  PRIMARY KEY (`id_operation`),
  UNIQUE KEY `unipque_name_process` (`id_process`,`name`),
  KEY `id_data_source` (`id_data_source`),
  KEY `id_interface_type` (`id_interface_type`),
  CONSTRAINT `S4Q_E_OPERATION_ibfk_3` FOREIGN KEY (`id_interface_type`) REFERENCES `S4Q_E_INTERFACE_TYPE` (`id_interface_type`) ON DELETE NO ACTION ON UPDATE NO ACTION,
  CONSTRAINT `S4Q_E_OPERATION_ibfk_1` FOREIGN KEY (`id_process`) REFERENCES `S4Q_E_PROCESS` (`id_process`) ON DELETE NO ACTION ON UPDATE NO ACTION,
  CONSTRAINT `S4Q_E_OPERATION_ibfk_2` FOREIGN KEY (`id_data_source`) REFERENCES `S4Q_E_DATA_SOURCE` (`id_data_source`) ON DELETE NO ACTION ON UPDATE NO ACTION
) ENGINE=InnoDB DEFAULT CHARSET=latin1;
/*!40101 SET character_set_client = @saved_cs_client */;

--
-- Dumping data for table `S4Q_E_OPERATION`
--

LOCK TABLES `S4Q_E_OPERATION` WRITE;
/*!40000 ALTER TABLE `S4Q_E_OPERATION` DISABLE KEYS */;
/*!40000 ALTER TABLE `S4Q_E_OPERATION` ENABLE KEYS */;
UNLOCK TABLES;

--
-- Table structure for table `S4Q_E_OPERATION_FIELD`
--

DROP TABLE IF EXISTS `S4Q_E_OPERATION_FIELD`;
/*!40101 SET @saved_cs_client     = @@character_set_client */;
/*!40101 SET character_set_client = utf8 */;
CREATE TABLE `S4Q_E_OPERATION_FIELD` (
  `id_operation_field` int(11) NOT NULL AUTO_INCREMENT,
  `id_operation` int(11) NOT NULL,
  `id_interface_field` int(11) NOT NULL,
  `id_script` int(11) DEFAULT NULL,
  `name` varchar(255) NOT NULL,
  PRIMARY KEY (`id_operation_field`),
  KEY `id_operation` (`id_operation`),
  KEY `id_interface_field` (`id_interface_field`),
  KEY `id_script` (`id_script`),
  CONSTRAINT `S4Q_E_OPERATION_FIELD_ibfk_3` FOREIGN KEY (`id_script`) REFERENCES `S4Q_E_SCRIPT` (`id_script`),
  CONSTRAINT `S4Q_E_OPERATION_FIELD_ibfk_1` FOREIGN KEY (`id_operation`) REFERENCES `S4Q_E_OPERATION` (`id_operation`),
  CONSTRAINT `S4Q_E_OPERATION_FIELD_ibfk_2` FOREIGN KEY (`id_interface_field`) REFERENCES `S4Q_E_INTERFACE_FIELD` (`id_interface_field`) ON DELETE NO ACTION ON UPDATE NO ACTION
) ENGINE=InnoDB DEFAULT CHARSET=latin1;
/*!40101 SET character_set_client = @saved_cs_client */;

--
-- Dumping data for table `S4Q_E_OPERATION_FIELD`
--

LOCK TABLES `S4Q_E_OPERATION_FIELD` WRITE;
/*!40000 ALTER TABLE `S4Q_E_OPERATION_FIELD` DISABLE KEYS */;
/*!40000 ALTER TABLE `S4Q_E_OPERATION_FIELD` ENABLE KEYS */;
UNLOCK TABLES;

--
-- Table structure for table `S4Q_E_OPERATION_PARAMETER`
--

DROP TABLE IF EXISTS `S4Q_E_OPERATION_PARAMETER`;
/*!40101 SET @saved_cs_client     = @@character_set_client */;
/*!40101 SET character_set_client = utf8 */;
CREATE TABLE `S4Q_E_OPERATION_PARAMETER` (
  `id_operation_parameter` int(11) NOT NULL AUTO_INCREMENT,
  `id_operation` int(11) NOT NULL,
  `name` varchar(255) NOT NULL,
  `value` varchar(1000) DEFAULT NULL,
  `cript` tinyint(1) DEFAULT NULL,
  PRIMARY KEY (`id_operation_parameter`),
  KEY `id_operation` (`id_operation`),
  CONSTRAINT `S4Q_E_OPERATION_PARAMETER_ibfk_1` FOREIGN KEY (`id_operation`) REFERENCES `S4Q_E_OPERATION` (`id_operation`)
) ENGINE=InnoDB DEFAULT CHARSET=latin1;
/*!40101 SET character_set_client = @saved_cs_client */;

--
-- Dumping data for table `S4Q_E_OPERATION_PARAMETER`
--

LOCK TABLES `S4Q_E_OPERATION_PARAMETER` WRITE;
/*!40000 ALTER TABLE `S4Q_E_OPERATION_PARAMETER` DISABLE KEYS */;
/*!40000 ALTER TABLE `S4Q_E_OPERATION_PARAMETER` ENABLE KEYS */;
UNLOCK TABLES;

--
-- Table structure for table `S4Q_E_PERIODICITY`
--

DROP TABLE IF EXISTS `S4Q_E_PERIODICITY`;
/*!40101 SET @saved_cs_client     = @@character_set_client */;
/*!40101 SET character_set_client = utf8 */;
CREATE TABLE `S4Q_E_PERIODICITY` (
  `id_periodicity` int(11) NOT NULL AUTO_INCREMENT,
  `name` varchar(50) NOT NULL,
  `description` varchar(1000) DEFAULT NULL,
  `cronstring` varchar(50) NOT NULL,
  PRIMARY KEY (`id_periodicity`)
) ENGINE=InnoDB AUTO_INCREMENT=7 DEFAULT CHARSET=latin1;
/*!40101 SET character_set_client = @saved_cs_client */;

--
-- Dumping data for table `S4Q_E_PERIODICITY`
--

LOCK TABLES `S4Q_E_PERIODICITY` WRITE;
/*!40000 ALTER TABLE `S4Q_E_PERIODICITY` DISABLE KEYS */;
INSERT INTO `S4Q_E_PERIODICITY` VALUES (1,'every day','Fire at midnight every day ','0 0 0 * * ?'),(2,'every monday','Fire every monday at midnight','0 0 0 ? * MON'),(3,'every month','Fire the 1st day of every month at midnight','0 0 0 1 * ?'),(4,'every day','Fire at midnight every day ','0 0 0 * * ?'),(5,'every monday','Fire every monday at midnight','0 0 0 ? * MON'),(6,'every month','Fire the 1st day of every month at midnight','0 0 0 1 * ?');
/*!40000 ALTER TABLE `S4Q_E_PERIODICITY` ENABLE KEYS */;
UNLOCK TABLES;

--
-- Table structure for table `S4Q_E_PROCESS`
--

DROP TABLE IF EXISTS `S4Q_E_PROCESS`;
/*!40101 SET @saved_cs_client     = @@character_set_client */;
/*!40101 SET character_set_client = utf8 */;
CREATE TABLE `S4Q_E_PROCESS` (
  `id_process` int(11) NOT NULL AUTO_INCREMENT,
  `id_periodicity` int(11) DEFAULT NULL,
  `name` varchar(50) NOT NULL,
  `description` varchar(255) DEFAULT NULL,
  `coordinator_class` varchar(255) DEFAULT NULL,
  PRIMARY KEY (`id_process`),
  UNIQUE KEY `name` (`name`),
  UNIQUE KEY `e_process_name_uk` (`name`),
  KEY `id_periodicity` (`id_periodicity`),
  CONSTRAINT `S4Q_E_PROCESS_ibfk_1` FOREIGN KEY (`id_periodicity`) REFERENCES `S4Q_E_PERIODICITY` (`id_periodicity`)
) ENGINE=InnoDB DEFAULT CHARSET=latin1;
/*!40101 SET character_set_client = @saved_cs_client */;

--
-- Dumping data for table `S4Q_E_PROCESS`
--

LOCK TABLES `S4Q_E_PROCESS` WRITE;
/*!40000 ALTER TABLE `S4Q_E_PROCESS` DISABLE KEYS */;
/*!40000 ALTER TABLE `S4Q_E_PROCESS` ENABLE KEYS */;
UNLOCK TABLES;

--
-- Table structure for table `S4Q_E_SCRIPT`
--

DROP TABLE IF EXISTS `S4Q_E_SCRIPT`;
/*!40101 SET @saved_cs_client     = @@character_set_client */;
/*!40101 SET character_set_client = utf8 */;
CREATE TABLE `S4Q_E_SCRIPT` (
  `id_script` int(11) NOT NULL AUTO_INCREMENT,
  `name` varchar(50) NOT NULL,
  `description` varchar(1000) DEFAULT NULL,
  `script_type` varchar(20) DEFAULT NULL,
  `script` text,
  PRIMARY KEY (`id_script`),
  UNIQUE KEY `unique_name` (`name`)
) ENGINE=InnoDB DEFAULT CHARSET=latin1;
/*!40101 SET character_set_client = @saved_cs_client */;

--
-- Dumping data for table `S4Q_E_SCRIPT`
--

LOCK TABLES `S4Q_E_SCRIPT` WRITE;
/*!40000 ALTER TABLE `S4Q_E_SCRIPT` DISABLE KEYS */;
/*!40000 ALTER TABLE `S4Q_E_SCRIPT` ENABLE KEYS */;
UNLOCK TABLES;

--
-- Table structure for table `S4Q_E_SOURCE_TYPE`
--

DROP TABLE IF EXISTS `S4Q_E_SOURCE_TYPE`;
/*!40101 SET @saved_cs_client     = @@character_set_client */;
/*!40101 SET character_set_client = utf8 */;
CREATE TABLE `S4Q_E_SOURCE_TYPE` (
  `id_source_type` int(11) NOT NULL AUTO_INCREMENT,
  `name` varchar(50) NOT NULL,
  `description` varchar(255) DEFAULT NULL,
  `extractor_class` varchar(255) DEFAULT NULL,
  PRIMARY KEY (`id_source_type`),
  UNIQUE KEY `name` (`name`),
  UNIQUE KEY `e_source_type_name_uk` (`name`)
) ENGINE=InnoDB DEFAULT CHARSET=latin1;
/*!40101 SET character_set_client = @saved_cs_client */;

--
-- Dumping data for table `S4Q_E_SOURCE_TYPE`
--

LOCK TABLES `S4Q_E_SOURCE_TYPE` WRITE;
/*!40000 ALTER TABLE `S4Q_E_SOURCE_TYPE` DISABLE KEYS */;
/*!40000 ALTER TABLE `S4Q_E_SOURCE_TYPE` ENABLE KEYS */;
UNLOCK TABLES;

--
-- Table structure for table `S4Q_LOG`
--

DROP TABLE IF EXISTS `S4Q_LOG`;
/*!40101 SET @saved_cs_client     = @@character_set_client */;
/*!40101 SET character_set_client = utf8 */;
CREATE TABLE `S4Q_LOG` (
  `id_log` int(11) NOT NULL AUTO_INCREMENT,
  `process_id` int(11) DEFAULT NULL,
  `operation_id` int(11) DEFAULT NULL,
  `extracted` int(11) DEFAULT NULL,
  `inserted` int(11) DEFAULT NULL,
  `operation_date` datetime DEFAULT NULL,
  `execution_date` datetime DEFAULT NULL,
  `archive_path` varchar(1000) DEFAULT NULL,
  `completed` tinyint(1) DEFAULT '0',
  `rejected` int(11) DEFAULT NULL,
  `rejected_archive_path` varchar(1000) DEFAULT NULL,
  PRIMARY KEY (`id_log`)
) ENGINE=InnoDB DEFAULT CHARSET=latin1;
/*!40101 SET character_set_client = @saved_cs_client */;

--
-- Dumping data for table `S4Q_LOG`
--

LOCK TABLES `S4Q_LOG` WRITE;
/*!40000 ALTER TABLE `S4Q_LOG` DISABLE KEYS */;
/*!40000 ALTER TABLE `S4Q_LOG` ENABLE KEYS */;
UNLOCK TABLES;

--
-- Table structure for table `SBI_ACTIVITY_MONITORING`
--

DROP TABLE IF EXISTS `SBI_ACTIVITY_MONITORING`;
/*!40101 SET @saved_cs_client     = @@character_set_client */;
/*!40101 SET character_set_client = utf8 */;
CREATE TABLE `SBI_ACTIVITY_MONITORING` (
  `ID` int(10) unsigned NOT NULL,
  `ACTION_TIME` timestamp NOT NULL DEFAULT CURRENT_TIMESTAMP ON UPDATE CURRENT_TIMESTAMP,
  `USERNAME` varchar(40) NOT NULL,
  `USERGROUP` varchar(400) DEFAULT NULL,
  `LOG_LEVEL` varchar(10) DEFAULT NULL,
  `ACTION_CODE` varchar(45) NOT NULL,
  `INFO` varchar(400) DEFAULT NULL,
  PRIMARY KEY (`ID`)
) ENGINE=InnoDB DEFAULT CHARSET=latin1;
/*!40101 SET character_set_client = @saved_cs_client */;

--
-- Dumping data for table `SBI_ACTIVITY_MONITORING`
--

LOCK TABLES `SBI_ACTIVITY_MONITORING` WRITE;
/*!40000 ALTER TABLE `SBI_ACTIVITY_MONITORING` DISABLE KEYS */;
/*!40000 ALTER TABLE `SBI_ACTIVITY_MONITORING` ENABLE KEYS */;
UNLOCK TABLES;

--
-- Table structure for table `SBI_ALARM`
--

DROP TABLE IF EXISTS `SBI_ALARM`;
/*!40101 SET @saved_cs_client     = @@character_set_client */;
/*!40101 SET character_set_client = utf8 */;
CREATE TABLE `SBI_ALARM` (
  `ALARM_ID` int(11) NOT NULL,
  `ID_KPI_INSTANCE` int(11) DEFAULT NULL,
  `MODALITY_ID` int(11) NOT NULL,
  `DOCUMENT_ID` int(11) DEFAULT NULL,
  `LABEL` varchar(50) NOT NULL,
  `NAME` varchar(50) DEFAULT NULL,
  `DESCR` varchar(200) DEFAULT NULL,
  `TEXT` varchar(1000) DEFAULT NULL,
  `URL` varchar(20) DEFAULT NULL,
  `SINGLE_EVENT` char(1) DEFAULT NULL,
  `AUTO_DISABLED` char(1) DEFAULT NULL,
  `ID_THRESHOLD_VALUE` int(11) DEFAULT NULL,
  `USER_IN` varchar(100) NOT NULL,
  `USER_UP` varchar(100) DEFAULT NULL,
  `USER_DE` varchar(100) DEFAULT NULL,
  `TIME_IN` timestamp NOT NULL DEFAULT CURRENT_TIMESTAMP ON UPDATE CURRENT_TIMESTAMP,
  `TIME_UP` timestamp NULL DEFAULT NULL,
  `TIME_DE` timestamp NULL DEFAULT NULL,
  `SBI_VERSION_IN` varchar(10) DEFAULT NULL,
  `SBI_VERSION_UP` varchar(10) DEFAULT NULL,
  `SBI_VERSION_DE` varchar(10) DEFAULT NULL,
  `META_VERSION` varchar(100) DEFAULT NULL,
  `ORGANIZATION` varchar(20) DEFAULT NULL,
  PRIMARY KEY (`ALARM_ID`),
  UNIQUE KEY `XIF1SBI_ALARM` (`LABEL`,`ORGANIZATION`),
  KEY `MODALITY_ID` (`MODALITY_ID`),
  KEY `DOCUMENT_ID` (`DOCUMENT_ID`),
  KEY `ID_KPI_INSTANCE` (`ID_KPI_INSTANCE`),
  KEY `ID_THRESHOLD_VALUE` (`ID_THRESHOLD_VALUE`),
  CONSTRAINT `SBI_ALARM_ibfk_4` FOREIGN KEY (`ID_THRESHOLD_VALUE`) REFERENCES `SBI_THRESHOLD_VALUE` (`ID_THRESHOLD_VALUE`),
  CONSTRAINT `SBI_ALARM_ibfk_1` FOREIGN KEY (`MODALITY_ID`) REFERENCES `SBI_DOMAINS` (`VALUE_ID`),
  CONSTRAINT `SBI_ALARM_ibfk_2` FOREIGN KEY (`DOCUMENT_ID`) REFERENCES `SBI_OBJECTS` (`BIOBJ_ID`),
  CONSTRAINT `SBI_ALARM_ibfk_3` FOREIGN KEY (`ID_KPI_INSTANCE`) REFERENCES `SBI_KPI_INSTANCE` (`ID_KPI_INSTANCE`)
) ENGINE=InnoDB DEFAULT CHARSET=latin1;
/*!40101 SET character_set_client = @saved_cs_client */;

--
-- Dumping data for table `SBI_ALARM`
--

LOCK TABLES `SBI_ALARM` WRITE;
/*!40000 ALTER TABLE `SBI_ALARM` DISABLE KEYS */;
/*!40000 ALTER TABLE `SBI_ALARM` ENABLE KEYS */;
UNLOCK TABLES;

--
-- Table structure for table `SBI_ALARM_CONTACT`
--

DROP TABLE IF EXISTS `SBI_ALARM_CONTACT`;
/*!40101 SET @saved_cs_client     = @@character_set_client */;
/*!40101 SET character_set_client = utf8 */;
CREATE TABLE `SBI_ALARM_CONTACT` (
  `ALARM_CONTACT_ID` int(11) NOT NULL,
  `NAME` varchar(100) NOT NULL,
  `EMAIL` varchar(100) DEFAULT NULL,
  `MOBILE` varchar(50) DEFAULT NULL,
  `RESOURCES` varchar(200) DEFAULT NULL,
  `USER_IN` varchar(100) NOT NULL,
  `USER_UP` varchar(100) DEFAULT NULL,
  `USER_DE` varchar(100) DEFAULT NULL,
  `TIME_IN` timestamp NOT NULL DEFAULT CURRENT_TIMESTAMP ON UPDATE CURRENT_TIMESTAMP,
  `TIME_UP` timestamp NULL DEFAULT NULL,
  `TIME_DE` timestamp NULL DEFAULT NULL,
  `SBI_VERSION_IN` varchar(10) DEFAULT NULL,
  `SBI_VERSION_UP` varchar(10) DEFAULT NULL,
  `SBI_VERSION_DE` varchar(10) DEFAULT NULL,
  `META_VERSION` varchar(100) DEFAULT NULL,
  `ORGANIZATION` varchar(20) DEFAULT NULL,
  PRIMARY KEY (`ALARM_CONTACT_ID`),
  UNIQUE KEY `XIF1SBI_ALARM_CONTACT` (`NAME`,`ORGANIZATION`)
) ENGINE=InnoDB DEFAULT CHARSET=latin1;
/*!40101 SET character_set_client = @saved_cs_client */;

--
-- Dumping data for table `SBI_ALARM_CONTACT`
--

LOCK TABLES `SBI_ALARM_CONTACT` WRITE;
/*!40000 ALTER TABLE `SBI_ALARM_CONTACT` DISABLE KEYS */;
/*!40000 ALTER TABLE `SBI_ALARM_CONTACT` ENABLE KEYS */;
UNLOCK TABLES;

--
-- Table structure for table `SBI_ALARM_DISTRIBUTION`
--

DROP TABLE IF EXISTS `SBI_ALARM_DISTRIBUTION`;
/*!40101 SET @saved_cs_client     = @@character_set_client */;
/*!40101 SET character_set_client = utf8 */;
CREATE TABLE `SBI_ALARM_DISTRIBUTION` (
  `ALARM_CONTACT_ID` int(11) NOT NULL,
  `ALARM_ID` int(11) NOT NULL,
  PRIMARY KEY (`ALARM_CONTACT_ID`,`ALARM_ID`),
  KEY `ALARM_ID` (`ALARM_ID`),
  CONSTRAINT `SBI_ALARM_DISTRIBUTION_ibfk_2` FOREIGN KEY (`ALARM_CONTACT_ID`) REFERENCES `SBI_ALARM_CONTACT` (`ALARM_CONTACT_ID`),
  CONSTRAINT `SBI_ALARM_DISTRIBUTION_ibfk_1` FOREIGN KEY (`ALARM_ID`) REFERENCES `SBI_ALARM` (`ALARM_ID`)
) ENGINE=InnoDB DEFAULT CHARSET=latin1;
/*!40101 SET character_set_client = @saved_cs_client */;

--
-- Dumping data for table `SBI_ALARM_DISTRIBUTION`
--

LOCK TABLES `SBI_ALARM_DISTRIBUTION` WRITE;
/*!40000 ALTER TABLE `SBI_ALARM_DISTRIBUTION` DISABLE KEYS */;
/*!40000 ALTER TABLE `SBI_ALARM_DISTRIBUTION` ENABLE KEYS */;
UNLOCK TABLES;

--
-- Table structure for table `SBI_ALARM_EVENT`
--

DROP TABLE IF EXISTS `SBI_ALARM_EVENT`;
/*!40101 SET @saved_cs_client     = @@character_set_client */;
/*!40101 SET character_set_client = utf8 */;
CREATE TABLE `SBI_ALARM_EVENT` (
  `ALARM_EVENT_ID` int(11) NOT NULL,
  `ALARM_ID` int(11) NOT NULL,
  `EVENT_TS` datetime DEFAULT NULL,
  `ACTIVE` char(1) DEFAULT NULL,
  `KPI_VALUE` varchar(50) DEFAULT NULL,
  `THRESHOLD_VALUE` varchar(50) DEFAULT NULL,
  `KPI_NAME` varchar(100) DEFAULT NULL,
  `RESOURCES` varchar(200) DEFAULT NULL,
  `KPI_DESCRIPTION` varchar(100) DEFAULT NULL,
  `RESOURCE_ID` int(11) DEFAULT NULL,
  `KPI_INSTANCE_ID` int(11) DEFAULT NULL,
  `USER_IN` varchar(100) NOT NULL,
  `USER_UP` varchar(100) DEFAULT NULL,
  `USER_DE` varchar(100) DEFAULT NULL,
  `TIME_IN` timestamp NOT NULL DEFAULT CURRENT_TIMESTAMP ON UPDATE CURRENT_TIMESTAMP,
  `TIME_UP` timestamp NULL DEFAULT NULL,
  `TIME_DE` timestamp NULL DEFAULT NULL,
  `SBI_VERSION_IN` varchar(10) DEFAULT NULL,
  `SBI_VERSION_UP` varchar(10) DEFAULT NULL,
  `SBI_VERSION_DE` varchar(10) DEFAULT NULL,
  `META_VERSION` varchar(100) DEFAULT NULL,
  `ORGANIZATION` varchar(20) DEFAULT NULL,
  PRIMARY KEY (`ALARM_EVENT_ID`),
  KEY `ALARM_ID` (`ALARM_ID`),
  CONSTRAINT `SBI_ALARM_EVENT_ibfk_1` FOREIGN KEY (`ALARM_ID`) REFERENCES `SBI_ALARM` (`ALARM_ID`) ON DELETE CASCADE ON UPDATE CASCADE
) ENGINE=InnoDB DEFAULT CHARSET=latin1;
/*!40101 SET character_set_client = @saved_cs_client */;

--
-- Dumping data for table `SBI_ALARM_EVENT`
--

LOCK TABLES `SBI_ALARM_EVENT` WRITE;
/*!40000 ALTER TABLE `SBI_ALARM_EVENT` DISABLE KEYS */;
/*!40000 ALTER TABLE `SBI_ALARM_EVENT` ENABLE KEYS */;
UNLOCK TABLES;

--
-- Table structure for table `SBI_ATTRIBUTE`
--

DROP TABLE IF EXISTS `SBI_ATTRIBUTE`;
/*!40101 SET @saved_cs_client     = @@character_set_client */;
/*!40101 SET character_set_client = utf8 */;
CREATE TABLE `SBI_ATTRIBUTE` (
  `ATTRIBUTE_NAME` varchar(255) NOT NULL,
  `DESCRIPTION` varchar(500) NOT NULL,
  `ATTRIBUTE_ID` int(11) NOT NULL,
  `USER_IN` varchar(100) NOT NULL,
  `USER_UP` varchar(100) DEFAULT NULL,
  `USER_DE` varchar(100) DEFAULT NULL,
  `TIME_IN` timestamp NOT NULL DEFAULT CURRENT_TIMESTAMP ON UPDATE CURRENT_TIMESTAMP,
  `TIME_UP` timestamp NULL DEFAULT NULL,
  `TIME_DE` timestamp NULL DEFAULT NULL,
  `SBI_VERSION_IN` varchar(10) DEFAULT NULL,
  `SBI_VERSION_UP` varchar(10) DEFAULT NULL,
  `SBI_VERSION_DE` varchar(10) DEFAULT NULL,
  `META_VERSION` varchar(100) DEFAULT NULL,
  `ORGANIZATION` varchar(20) DEFAULT NULL,
  PRIMARY KEY (`ATTRIBUTE_ID`),
  UNIQUE KEY `XAK1SBI_USER` (`ATTRIBUTE_NAME`,`ORGANIZATION`)
) ENGINE=InnoDB DEFAULT CHARSET=latin1;
/*!40101 SET character_set_client = @saved_cs_client */;

--
-- Dumping data for table `SBI_ATTRIBUTE`
--

LOCK TABLES `SBI_ATTRIBUTE` WRITE;
/*!40000 ALTER TABLE `SBI_ATTRIBUTE` DISABLE KEYS */;
INSERT INTO `SBI_ATTRIBUTE` VALUES ('name','name',1,'server_init',NULL,NULL,'2012-07-31 12:47:01',NULL,NULL,'3.5.0',NULL,NULL,NULL,'SPAGOBI'),('surname','surname',2,'server_init',NULL,NULL,'2012-07-31 12:47:01',NULL,NULL,'3.5.0',NULL,NULL,NULL,'SPAGOBI'),('address','address',3,'server_init',NULL,NULL,'2012-07-31 12:47:01',NULL,NULL,'3.5.0',NULL,NULL,NULL,'SPAGOBI'),('birth_date','birth date',4,'server_init',NULL,NULL,'2012-07-31 12:47:01',NULL,NULL,'3.5.0',NULL,NULL,NULL,'SPAGOBI'),('email','email',5,'server_init',NULL,NULL,'2012-07-31 12:47:01',NULL,NULL,'3.5.0',NULL,NULL,NULL,'SPAGOBI');
/*!40000 ALTER TABLE `SBI_ATTRIBUTE` ENABLE KEYS */;
UNLOCK TABLES;

--
-- Table structure for table `SBI_AUDIT`
--

DROP TABLE IF EXISTS `SBI_AUDIT`;
/*!40101 SET @saved_cs_client     = @@character_set_client */;
/*!40101 SET character_set_client = utf8 */;
CREATE TABLE `SBI_AUDIT` (
  `ID` int(11) NOT NULL,
  `USERNAME` varchar(40) NOT NULL,
  `USERGROUP` varchar(100) DEFAULT NULL,
  `DOC_REF` int(11) DEFAULT NULL,
  `DOC_ID` int(11) DEFAULT NULL,
  `DOC_LABEL` varchar(20) NOT NULL,
  `DOC_NAME` varchar(40) NOT NULL,
  `DOC_TYPE` varchar(20) NOT NULL,
  `DOC_STATE` varchar(20) NOT NULL,
  `DOC_PARAMETERS` text,
  `SUBOBJ_REF` int(11) DEFAULT NULL,
  `SUBOBJ_ID` int(11) DEFAULT NULL,
  `SUBOBJ_NAME` varchar(50) DEFAULT NULL,
  `SUBOBJ_OWNER` varchar(50) DEFAULT NULL,
  `SUBOBJ_ISPUBLIC` smallint(6) DEFAULT NULL,
  `ENGINE_REF` int(11) DEFAULT NULL,
  `ENGINE_ID` int(11) DEFAULT NULL,
  `ENGINE_LABEL` varchar(40) NOT NULL,
  `ENGINE_NAME` varchar(40) NOT NULL,
  `ENGINE_TYPE` varchar(20) NOT NULL,
  `ENGINE_URL` varchar(400) DEFAULT NULL,
  `ENGINE_DRIVER` varchar(400) DEFAULT NULL,
  `ENGINE_CLASS` varchar(400) DEFAULT NULL,
  `REQUEST_TIME` timestamp NOT NULL DEFAULT CURRENT_TIMESTAMP ON UPDATE CURRENT_TIMESTAMP,
  `EXECUTION_START` timestamp NULL DEFAULT NULL,
  `EXECUTION_END` timestamp NULL DEFAULT NULL,
  `EXECUTION_TIME` int(11) DEFAULT NULL,
  `EXECUTION_STATE` varchar(20) DEFAULT NULL,
  `ERROR` smallint(6) DEFAULT NULL,
  `ERROR_MESSAGE` varchar(400) DEFAULT NULL,
  `ERROR_CODE` varchar(20) DEFAULT NULL,
  `EXECUTION_MODALITY` varchar(40) DEFAULT NULL,
  `USER_IN` varchar(100) NOT NULL,
  `USER_UP` varchar(100) DEFAULT NULL,
  `USER_DE` varchar(100) DEFAULT NULL,
  `TIME_IN` timestamp NOT NULL DEFAULT '0000-00-00 00:00:00',
  `TIME_UP` timestamp NULL DEFAULT NULL,
  `TIME_DE` timestamp NULL DEFAULT NULL,
  `SBI_VERSION_IN` varchar(10) DEFAULT NULL,
  `SBI_VERSION_UP` varchar(10) DEFAULT NULL,
  `SBI_VERSION_DE` varchar(10) DEFAULT NULL,
  `META_VERSION` varchar(100) DEFAULT NULL,
  `ORGANIZATION` varchar(20) DEFAULT NULL,
  PRIMARY KEY (`ID`),
  KEY `FK_SBI_AUDIT_1` (`DOC_REF`),
  KEY `FK_SBI_AUDIT_2` (`ENGINE_REF`),
  KEY `FK_SBI_AUDIT_3` (`SUBOBJ_REF`),
  CONSTRAINT `FK_SBI_AUDIT_3` FOREIGN KEY (`SUBOBJ_REF`) REFERENCES `SBI_SUBOBJECTS` (`SUBOBJ_ID`) ON DELETE SET NULL,
  CONSTRAINT `FK_SBI_AUDIT_1` FOREIGN KEY (`DOC_REF`) REFERENCES `SBI_OBJECTS` (`BIOBJ_ID`) ON DELETE SET NULL,
  CONSTRAINT `FK_SBI_AUDIT_2` FOREIGN KEY (`ENGINE_REF`) REFERENCES `SBI_ENGINES` (`ENGINE_ID`) ON DELETE SET NULL
) ENGINE=InnoDB DEFAULT CHARSET=latin1;
/*!40101 SET character_set_client = @saved_cs_client */;

--
-- Dumping data for table `SBI_AUDIT`
--

LOCK TABLES `SBI_AUDIT` WRITE;
/*!40000 ALTER TABLE `SBI_AUDIT` DISABLE KEYS */;
/*!40000 ALTER TABLE `SBI_AUDIT` ENABLE KEYS */;
UNLOCK TABLES;

--
-- Table structure for table `SBI_BINARY_CONTENTS`
--

DROP TABLE IF EXISTS `SBI_BINARY_CONTENTS`;
/*!40101 SET @saved_cs_client     = @@character_set_client */;
/*!40101 SET character_set_client = utf8 */;
CREATE TABLE `SBI_BINARY_CONTENTS` (
  `BIN_ID` int(11) NOT NULL,
  `BIN_CONTENT` mediumblob NOT NULL,
  `USER_IN` varchar(100) NOT NULL,
  `USER_UP` varchar(100) DEFAULT NULL,
  `USER_DE` varchar(100) DEFAULT NULL,
  `TIME_IN` timestamp NOT NULL DEFAULT CURRENT_TIMESTAMP ON UPDATE CURRENT_TIMESTAMP,
  `TIME_UP` timestamp NULL DEFAULT NULL,
  `TIME_DE` timestamp NULL DEFAULT NULL,
  `SBI_VERSION_IN` varchar(10) DEFAULT NULL,
  `SBI_VERSION_UP` varchar(10) DEFAULT NULL,
  `SBI_VERSION_DE` varchar(10) DEFAULT NULL,
  `META_VERSION` varchar(100) DEFAULT NULL,
  `ORGANIZATION` varchar(20) DEFAULT NULL,
  PRIMARY KEY (`BIN_ID`)
) ENGINE=InnoDB DEFAULT CHARSET=latin1;
/*!40101 SET character_set_client = @saved_cs_client */;

--
-- Dumping data for table `SBI_BINARY_CONTENTS`
--

LOCK TABLES `SBI_BINARY_CONTENTS` WRITE;
/*!40000 ALTER TABLE `SBI_BINARY_CONTENTS` DISABLE KEYS */;
INSERT INTO `SBI_BINARY_CONTENTS` VALUES (5,'<?xml version=\"1.0\" encoding=\"UTF-8\"  ?>\r\n<!-- Created with iReport - A designer for JasperReports -->\r\n<!DOCTYPE jasperReport PUBLIC \"//JasperReports//DTD Report Design//EN\" \"http://jasperreports.sourceforge.net/dtds/jasperreport.dtd\">\r\n<jasperReport\r\n		 name=\"processDetail\"\r\n		 columnCount=\"1\"\r\n		 printOrder=\"Vertical\"\r\n		 orientation=\"Landscape\"\r\n		 pageWidth=\"842\"\r\n		 pageHeight=\"595\"\r\n		 columnWidth=\"782\"\r\n		 columnSpacing=\"0\"\r\n		 leftMargin=\"30\"\r\n		 rightMargin=\"30\"\r\n		 topMargin=\"20\"\r\n		 bottomMargin=\"20\"\r\n		 whenNoDataType=\"NoPages\"\r\n		 isTitleNewPage=\"false\"\r\n		 isSummaryNewPage=\"false\">\r\n	<property name=\"ireport.scriptlethandling\" value=\"0\" />\r\n	<property name=\"ireport.encoding\" value=\"UTF-8\" />\r\n	<import value=\"java.util.*\" />\r\n	<import value=\"net.sf.jasperreports.engine.*\" />\r\n	<import value=\"net.sf.jasperreports.engine.data.*\" />\r\n\r\n	<parameter name=\"ID_PROCESS\" isForPrompting=\"true\" class=\"java.lang.String\"/>\r\n	<queryString><![CDATA[select process.ID_PROCESS as id_process,\nprocess.NAME as name,\nprocess.DESCRIPTION as description,\nprocess.COORDINATOR_CLASS as coordinator,\nperiodicity.NAME as periodicity_name,\noperation.ID_OPERATION as id_operation\nfrom S4Q_E_PROCESS process\nleft join S4Q_E_PERIODICITY periodicity\nON process.ID_PERIODICITY = periodicity.ID_PERIODICITY\nleft join S4Q_E_OPERATION operation\nON operation.ID_PROCESS = process.ID_PROCESS\nWHERE process.ID_PROCESS = $P{ID_PROCESS};]]></queryString>\r\n\r\n	<field name=\"id_process\" class=\"java.lang.Integer\"/>\r\n	<field name=\"name\" class=\"java.lang.String\"/>\r\n	<field name=\"description\" class=\"java.lang.String\"/>\r\n	<field name=\"coordinator\" class=\"java.lang.String\"/>\r\n	<field name=\"periodicity_name\" class=\"java.lang.String\"/>\r\n	<field name=\"id_operation\" class=\"java.lang.Integer\"/>\r\n\r\n\r\n		<group  name=\"id_process\" >\r\n			<groupExpression><![CDATA[$F{id_process}]]></groupExpression>\r\n			<groupHeader>\r\n			<band height=\"101\"  isSplitAllowed=\"true\" >\r\n				<textField isStretchWithOverflow=\"true\" pattern=\"\" isBlankWhenNull=\"true\" evaluationTime=\"Now\" hyperlinkType=\"None\"  hyperlinkTarget=\"Self\" >\r\n					<reportElement\n						x=\"115\"\n						y=\"11\"\n						width=\"666\"\n						height=\"13\"\n						key=\"textField\"/>\r\n					<box leftPadding=\"2\" rightPadding=\"2\">					<pen lineWidth=\"1.0\" lineColor=\"#000000\"/>\r\n					<topPen lineWidth=\"1.0\" lineStyle=\"Solid\" lineColor=\"#000000\"/>\r\n					<leftPen lineWidth=\"1.0\" lineStyle=\"Solid\" lineColor=\"#000000\"/>\r\n					<bottomPen lineWidth=\"1.0\" lineColor=\"#000000\"/>\r\n					<rightPen lineWidth=\"1.0\" lineStyle=\"Solid\" lineColor=\"#000000\"/>\r\n</box>\r\n					<textElement>\r\n						<font fontName=\"Arial\" size=\"10\"/>\r\n					</textElement>\r\n				<textFieldExpression   class=\"java.lang.String\"><![CDATA[\" \" + $F{name}]]></textFieldExpression>\r\n				</textField>\r\n				<textField isStretchWithOverflow=\"true\" pattern=\"\" isBlankWhenNull=\"true\" evaluationTime=\"Now\" hyperlinkType=\"None\"  hyperlinkTarget=\"Self\" >\r\n					<reportElement\n						x=\"115\"\n						y=\"24\"\n						width=\"666\"\n						height=\"13\"\n						key=\"textField\"/>\r\n					<box leftPadding=\"2\" rightPadding=\"2\">					<pen lineWidth=\"1.0\" lineColor=\"#000000\"/>\r\n					<topPen lineWidth=\"1.0\" lineStyle=\"Solid\" lineColor=\"#000000\"/>\r\n					<leftPen lineWidth=\"1.0\" lineStyle=\"Solid\" lineColor=\"#000000\"/>\r\n					<bottomPen lineWidth=\"1.0\" lineColor=\"#000000\"/>\r\n					<rightPen lineWidth=\"1.0\" lineStyle=\"Solid\" lineColor=\"#000000\"/>\r\n</box>\r\n					<textElement>\r\n						<font fontName=\"Arial\" size=\"10\"/>\r\n					</textElement>\r\n				<textFieldExpression   class=\"java.lang.String\"><![CDATA[\" \" + $F{description}]]></textFieldExpression>\r\n				</textField>\r\n				<textField isStretchWithOverflow=\"true\" pattern=\"\" isBlankWhenNull=\"true\" evaluationTime=\"Now\" hyperlinkType=\"None\"  hyperlinkTarget=\"Self\" >\r\n					<reportElement\n						x=\"115\"\n						y=\"37\"\n						width=\"666\"\n						height=\"13\"\n						key=\"textField\"/>\r\n					<box leftPadding=\"2\" rightPadding=\"2\">					<pen lineWidth=\"1.0\" lineColor=\"#000000\"/>\r\n					<topPen lineWidth=\"1.0\" lineStyle=\"Solid\" lineColor=\"#000000\"/>\r\n					<leftPen lineWidth=\"1.0\" lineStyle=\"Solid\" lineColor=\"#000000\"/>\r\n					<bottomPen lineWidth=\"1.0\" lineColor=\"#000000\"/>\r\n					<rightPen lineWidth=\"1.0\" lineStyle=\"Solid\" lineColor=\"#000000\"/>\r\n</box>\r\n					<textElement>\r\n						<font fontName=\"Arial\" size=\"10\"/>\r\n					</textElement>\r\n				<textFieldExpression   class=\"java.lang.String\"><![CDATA[\" \" + $F{coordinator}]]></textFieldExpression>\r\n				</textField>\r\n				<staticText>\r\n					<reportElement\n						mode=\"Opaque\"\n						x=\"0\"\n						y=\"11\"\n						width=\"115\"\n						height=\"13\"\n						forecolor=\"#000000\"\n						backcolor=\"#CCCCCC\"\n						key=\"staticText-2\"/>\r\n					<box>					<pen lineWidth=\"1.0\" lineColor=\"#000000\"/>\r\n					<topPen lineWidth=\"1.0\" lineColor=\"#000000\"/>\r\n					<leftPen lineWidth=\"1.0\" lineColor=\"#000000\"/>\r\n					<bottomPen lineWidth=\"1.0\" lineColor=\"#000000\"/>\r\n					<rightPen lineWidth=\"1.0\" lineColor=\"#000000\"/>\r\n</box>\r\n					<textElement>\r\n						<font fontName=\"Arial\" size=\"10\"/>\r\n					</textElement>\r\n				<text><![CDATA[ Name:]]></text>\r\n				</staticText>\r\n				<staticText>\r\n					<reportElement\n						mode=\"Opaque\"\n						x=\"0\"\n						y=\"24\"\n						width=\"115\"\n						height=\"13\"\n						forecolor=\"#000000\"\n						backcolor=\"#CCCCCC\"\n						key=\"staticText-3\"/>\r\n					<box>					<pen lineWidth=\"1.0\" lineColor=\"#000000\"/>\r\n					<topPen lineWidth=\"1.0\" lineColor=\"#000000\"/>\r\n					<leftPen lineWidth=\"1.0\" lineColor=\"#000000\"/>\r\n					<bottomPen lineWidth=\"1.0\" lineColor=\"#000000\"/>\r\n					<rightPen lineWidth=\"1.0\" lineColor=\"#000000\"/>\r\n</box>\r\n					<textElement>\r\n						<font fontName=\"Arial\" size=\"10\"/>\r\n					</textElement>\r\n				<text><![CDATA[ Description:]]></text>\r\n				</staticText>\r\n				<staticText>\r\n					<reportElement\n						mode=\"Opaque\"\n						x=\"0\"\n						y=\"37\"\n						width=\"115\"\n						height=\"13\"\n						forecolor=\"#000000\"\n						backcolor=\"#CCCCCC\"\n						key=\"staticText-4\"/>\r\n					<box>					<pen lineWidth=\"1.0\" lineColor=\"#000000\"/>\r\n					<topPen lineWidth=\"1.0\" lineColor=\"#000000\"/>\r\n					<leftPen lineWidth=\"1.0\" lineColor=\"#000000\"/>\r\n					<bottomPen lineWidth=\"1.0\" lineColor=\"#000000\"/>\r\n					<rightPen lineWidth=\"1.0\" lineColor=\"#000000\"/>\r\n</box>\r\n					<textElement>\r\n						<font fontName=\"Arial\" size=\"10\"/>\r\n					</textElement>\r\n				<text><![CDATA[ Coordinator Class:]]></text>\r\n				</staticText>\r\n				<staticText>\r\n					<reportElement\n						x=\"0\"\n						y=\"84\"\n						width=\"634\"\n						height=\"17\"\n						key=\"staticText-5\"/>\r\n					<box></box>\r\n					<textElement textAlignment=\"Left\" verticalAlignment=\"Middle\">\r\n						<font fontName=\"Arial\" pdfFontName=\"Helvetica\" size=\"14\" isBold=\"false\"/>\r\n					</textElement>\r\n				<text><![CDATA[ OPERATIONS]]></text>\r\n				</staticText>\r\n				<staticText>\r\n					<reportElement\n						mode=\"Opaque\"\n						x=\"0\"\n						y=\"50\"\n						width=\"115\"\n						height=\"13\"\n						forecolor=\"#000000\"\n						backcolor=\"#CCCCCC\"\n						key=\"staticText-6\"/>\r\n					<box>					<pen lineWidth=\"1.0\" lineColor=\"#000000\"/>\r\n					<topPen lineWidth=\"1.0\" lineColor=\"#000000\"/>\r\n					<leftPen lineWidth=\"1.0\" lineColor=\"#000000\"/>\r\n					<bottomPen lineWidth=\"1.0\" lineColor=\"#000000\"/>\r\n					<rightPen lineWidth=\"1.0\" lineColor=\"#000000\"/>\r\n</box>\r\n					<textElement>\r\n						<font fontName=\"Arial\" size=\"10\"/>\r\n					</textElement>\r\n				<text><![CDATA[Periodicity Name:]]></text>\r\n				</staticText>\r\n				<textField isStretchWithOverflow=\"false\" isBlankWhenNull=\"false\" evaluationTime=\"Now\" hyperlinkType=\"None\"  hyperlinkTarget=\"Self\" >\r\n					<reportElement\n						x=\"115\"\n						y=\"50\"\n						width=\"666\"\n						height=\"13\"\n						key=\"textField\"/>\r\n					<box>					<pen lineWidth=\"1.0\" lineColor=\"#000000\"/>\r\n					<topPen lineWidth=\"1.0\" lineColor=\"#000000\"/>\r\n					<leftPen lineWidth=\"1.0\" lineColor=\"#000000\"/>\r\n					<bottomPen lineWidth=\"1.0\" lineColor=\"#000000\"/>\r\n					<rightPen lineWidth=\"1.0\" lineColor=\"#000000\"/>\r\n</box>\r\n					<textElement>\r\n						<font fontName=\"Arial\"/>\r\n					</textElement>\r\n				<textFieldExpression   class=\"java.lang.String\"><![CDATA[\" \" + $F{periodicity_name}]]></textFieldExpression>\r\n				</textField>\r\n			</band>\r\n			</groupHeader>\r\n			<groupFooter>\r\n			<band height=\"0\"  isSplitAllowed=\"true\" >\r\n			</band>\r\n			</groupFooter>\r\n		</group>\r\n		<group  name=\"id_operation\" >\r\n			<groupExpression><![CDATA[$F{id_operation}]]></groupExpression>\r\n			<groupHeader>\r\n			<band height=\"37\"  isSplitAllowed=\"true\" >\r\n				<subreport  isUsingCache=\"true\">\r\n					<reportElement\n						x=\"0\"\n						y=\"0\"\n						width=\"114\"\n						height=\"17\"\n						key=\"subreport-1\"/>\r\n					<subreportParameter  name=\"OPERATION_ID\">\r\n						<subreportParameterExpression><![CDATA[$F{id_operation}.toString()]]></subreportParameterExpression>\r\n					</subreportParameter>\r\n					<connectionExpression><![CDATA[$P{REPORT_CONNECTION}]]></connectionExpression>\r\n					<subreportExpression  class=\"java.lang.String\"><![CDATA[\"subOperatonDetail.jasper\"]]></subreportExpression>\r\n				</subreport>\r\n			</band>\r\n			</groupHeader>\r\n			<groupFooter>\r\n			<band height=\"0\"  isSplitAllowed=\"true\" >\r\n			</band>\r\n			</groupFooter>\r\n		</group>\r\n		<background>\r\n			<band height=\"0\"  isSplitAllowed=\"true\" >\r\n			</band>\r\n		</background>\r\n		<title>\r\n			<band height=\"31\"  isSplitAllowed=\"true\" >\r\n				<staticText>\r\n					<reportElement\n						x=\"0\"\n						y=\"0\"\n						width=\"781\"\n						height=\"26\"\n						key=\"staticText-1\"/>\r\n					<box></box>\r\n					<textElement textAlignment=\"Center\">\r\n						<font fontName=\"Arial Black\" size=\"18\"/>\r\n					</textElement>\r\n				<text><![CDATA[PROCESS DETAIL]]></text>\r\n				</staticText>\r\n				<image  onErrorType=\"Blank\" evaluationTime=\"Now\" hyperlinkType=\"None\"  hyperlinkTarget=\"Self\" >\r\n					<reportElement\n						x=\"624\"\n						y=\"0\"\n						width=\"155\"\n						height=\"30\"\n						key=\"image-1\"/>\r\n					<box></box>\r\n					<graphicElement stretchType=\"NoStretch\"/>\r\n					<imageExpression class=\"java.lang.String\"><![CDATA[\"../IMAGES/kpi/logo.jpg\"]]></imageExpression>\r\n				</image>\r\n			</band>\r\n		</title>\r\n		<pageHeader>\r\n			<band height=\"0\"  isSplitAllowed=\"true\" >\r\n			</band>\r\n		</pageHeader>\r\n		<columnHeader>\r\n			<band height=\"0\"  isSplitAllowed=\"true\" >\r\n			</band>\r\n		</columnHeader>\r\n		<detail>\r\n			<band height=\"0\"  isSplitAllowed=\"true\" >\r\n			</band>\r\n		</detail>\r\n		<columnFooter>\r\n			<band height=\"0\"  isSplitAllowed=\"true\" >\r\n			</band>\r\n		</columnFooter>\r\n		<pageFooter>\r\n			<band height=\"24\"  isSplitAllowed=\"true\" >\r\n				<textField isStretchWithOverflow=\"false\" pattern=\"\" isBlankWhenNull=\"false\" evaluationTime=\"Now\" hyperlinkType=\"None\"  hyperlinkTarget=\"Self\" >\r\n					<reportElement\n						x=\"0\"\n						y=\"5\"\n						width=\"209\"\n						height=\"19\"\n						forecolor=\"#000000\"\n						backcolor=\"#FFFFFF\"\n						key=\"textField-1\"/>\r\n					<box>					<topPen lineWidth=\"0.0\" lineStyle=\"Solid\" lineColor=\"#000000\"/>\r\n					<leftPen lineWidth=\"0.0\" lineStyle=\"Solid\" lineColor=\"#000000\"/>\r\n					<bottomPen lineWidth=\"0.0\" lineColor=\"#000000\"/>\r\n					<rightPen lineWidth=\"0.0\" lineStyle=\"Solid\" lineColor=\"#000000\"/>\r\n</box>\r\n					<textElement>\r\n						<font fontName=\"Helvetica\" size=\"10\"/>\r\n					</textElement>\r\n				<textFieldExpression   class=\"java.util.Date\"><![CDATA[new Date()]]></textFieldExpression>\r\n				</textField>\r\n				<line direction=\"TopDown\">\r\n					<reportElement\n						mode=\"Opaque\"\n						x=\"-1\"\n						y=\"5\"\n						width=\"782\"\n						height=\"0\"\n						forecolor=\"#000000\"\n						backcolor=\"#FFFFFF\"\n						key=\"line-1\"/>\r\n					<graphicElement stretchType=\"NoStretch\"/>\r\n				</line>\r\n				<textField isStretchWithOverflow=\"false\" pattern=\"\" isBlankWhenNull=\"false\" evaluationTime=\"Now\" hyperlinkType=\"None\"  hyperlinkTarget=\"Self\" >\r\n					<reportElement\n						x=\"684\"\n						y=\"5\"\n						width=\"56\"\n						height=\"19\"\n						forecolor=\"#000000\"\n						backcolor=\"#FFFFFF\"\n						key=\"textField-2\"/>\r\n					<box>					<topPen lineWidth=\"0.0\" lineStyle=\"Solid\" lineColor=\"#000000\"/>\r\n					<leftPen lineWidth=\"0.0\" lineStyle=\"Solid\" lineColor=\"#000000\"/>\r\n					<bottomPen lineWidth=\"0.0\" lineColor=\"#000000\"/>\r\n					<rightPen lineWidth=\"0.0\" lineStyle=\"Solid\" lineColor=\"#000000\"/>\r\n</box>\r\n					<textElement verticalAlignment=\"Top\">\r\n						<font fontName=\"Arial\" size=\"10\"/>\r\n					</textElement>\r\n				<textFieldExpression   class=\"java.lang.String\"><![CDATA[\"Page \" + $V{PAGE_NUMBER} + \" of \"]]></textFieldExpression>\r\n				</textField>\r\n				<textField isStretchWithOverflow=\"false\" pattern=\"\" isBlankWhenNull=\"false\" evaluationTime=\"Report\" hyperlinkType=\"None\"  hyperlinkTarget=\"Self\" >\r\n					<reportElement\n						x=\"740\"\n						y=\"5\"\n						width=\"36\"\n						height=\"19\"\n						forecolor=\"#000000\"\n						backcolor=\"#FFFFFF\"\n						key=\"textField-3\"/>\r\n					<box>					<topPen lineWidth=\"0.0\" lineStyle=\"Solid\" lineColor=\"#000000\"/>\r\n					<leftPen lineWidth=\"0.0\" lineStyle=\"Solid\" lineColor=\"#000000\"/>\r\n					<bottomPen lineWidth=\"0.0\" lineColor=\"#000000\"/>\r\n					<rightPen lineWidth=\"0.0\" lineStyle=\"Solid\" lineColor=\"#000000\"/>\r\n</box>\r\n					<textElement verticalAlignment=\"Top\">\r\n						<font fontName=\"Arial\" size=\"10\"/>\r\n					</textElement>\r\n				<textFieldExpression   class=\"java.lang.String\"><![CDATA[\"\" + $V{PAGE_NUMBER}]]></textFieldExpression>\r\n				</textField>\r\n			</band>\r\n		</pageFooter>\r\n		<summary>\r\n			<band height=\"0\"  isSplitAllowed=\"true\" >\r\n			</band>\r\n		</summary>\r\n</jasperReport>\r\n','s4qadmin',NULL,NULL,'2012-07-31 15:45:24',NULL,NULL,'3.5.0',NULL,NULL,NULL,'SPAGOBI'),(6,'<?xml version=\"1.0\" encoding=\"UTF-8\"  ?>\r\n<!-- Created with iReport - A designer for JasperReports -->\r\n<!DOCTYPE jasperReport PUBLIC \"//JasperReports//DTD Report Design//EN\" \"http://jasperreports.sourceforge.net/dtds/jasperreport.dtd\">\r\n<jasperReport\r\n		 name=\"subInterfaceFieldDetail\"\r\n		 columnCount=\"1\"\r\n		 printOrder=\"Vertical\"\r\n		 orientation=\"Landscape\"\r\n		 pageWidth=\"842\"\r\n		 pageHeight=\"595\"\r\n		 columnWidth=\"842\"\r\n		 columnSpacing=\"0\"\r\n		 leftMargin=\"0\"\r\n		 rightMargin=\"0\"\r\n		 topMargin=\"0\"\r\n		 bottomMargin=\"0\"\r\n		 whenNoDataType=\"NoPages\"\r\n		 isTitleNewPage=\"false\"\r\n		 isSummaryNewPage=\"false\">\r\n	<property name=\"ireport.scriptlethandling\" value=\"0\" />\r\n	<property name=\"ireport.encoding\" value=\"UTF-8\" />\r\n	<import value=\"java.util.*\" />\r\n	<import value=\"net.sf.jasperreports.engine.*\" />\r\n	<import value=\"net.sf.jasperreports.engine.data.*\" />\r\n\r\n	<parameter name=\"INTERFACE_TYPE_ID\" isForPrompting=\"false\" class=\"java.lang.String\"/>\r\n	<parameter name=\"OPERATION_ID\" isForPrompting=\"false\" class=\"java.lang.String\"/>\r\n	<queryString><![CDATA[select operation_field.NAME as operation_field_name,\nscript.NAME as script_name,\ninterface_field.NAME as interface_field_name,\ninterface_field.SENSIBLE,\ninterface_field.KEY_FIELD,\ninterface_field.FIELD_TYPE\nfrom S4Q_E_INTERFACE_TYPE interface_type\nleft join S4Q_E_INTERFACE_FIELD interface_field\non interface_field.ID_INTERFACE_TYPE = interface_type.ID_INTERFACE_TYPE\nleft join S4Q_E_OPERATION_FIELD operation_field\non operation_field.ID_INTERFACE_FIELD = interface_field.ID_INTERFACE_FIELD\nleft join S4Q_E_SCRIPT script\non script.ID_SCRIPT = operation_field.ID_SCRIPT\nwhere interface_type.ID_INTERFACE_TYPE = $P{INTERFACE_TYPE_ID}\nAND operation_field.ID_OPERATION = $P{OPERATION_ID};]]></queryString>\r\n\r\n	<field name=\"operation_field_name\" class=\"java.lang.String\"/>\r\n	<field name=\"script_name\" class=\"java.lang.String\"/>\r\n	<field name=\"interface_field_name\" class=\"java.lang.String\"/>\r\n	<field name=\"SENSIBLE\" class=\"java.lang.Boolean\"/>\r\n	<field name=\"KEY_FIELD\" class=\"java.lang.Boolean\"/>\r\n	<field name=\"FIELD_TYPE\" class=\"java.lang.String\"/>\r\n\r\n		<background>\r\n			<band height=\"0\"  isSplitAllowed=\"true\" >\r\n			</band>\r\n		</background>\r\n		<title>\r\n			<band height=\"0\"  isSplitAllowed=\"true\" >\r\n			</band>\r\n		</title>\r\n		<pageHeader>\r\n			<band height=\"0\"  isSplitAllowed=\"true\" >\r\n			</band>\r\n		</pageHeader>\r\n		<columnHeader>\r\n			<band height=\"30\"  isSplitAllowed=\"true\" >\r\n				<staticText>\r\n					<reportElement\n						mode=\"Opaque\"\n						x=\"634\"\n						y=\"17\"\n						width=\"147\"\n						height=\"13\"\n						forecolor=\"#000000\"\n						backcolor=\"#CCCCCC\"\n						key=\"staticText-1\"/>\r\n					<box>					<pen lineWidth=\"1.0\" lineColor=\"#000000\"/>\r\n					<topPen lineWidth=\"1.0\" lineColor=\"#000000\"/>\r\n					<leftPen lineWidth=\"1.0\" lineColor=\"#000000\"/>\r\n					<bottomPen lineWidth=\"1.0\" lineColor=\"#000000\"/>\r\n					<rightPen lineWidth=\"1.0\" lineColor=\"#000000\"/>\r\n</box>\r\n					<textElement>\r\n						<font fontName=\"Arial\" size=\"10\"/>\r\n					</textElement>\r\n				<text><![CDATA[ Script Name]]></text>\r\n				</staticText>\r\n				<staticText>\r\n					<reportElement\n						mode=\"Opaque\"\n						x=\"458\"\n						y=\"17\"\n						width=\"88\"\n						height=\"13\"\n						forecolor=\"#000000\"\n						backcolor=\"#CCCCCC\"\n						key=\"staticText-2\"/>\r\n					<box>					<pen lineWidth=\"1.0\" lineColor=\"#000000\"/>\r\n					<topPen lineWidth=\"1.0\" lineColor=\"#000000\"/>\r\n					<leftPen lineWidth=\"1.0\" lineColor=\"#000000\"/>\r\n					<bottomPen lineWidth=\"1.0\" lineColor=\"#000000\"/>\r\n					<rightPen lineWidth=\"1.0\" lineColor=\"#000000\"/>\r\n</box>\r\n					<textElement>\r\n						<font fontName=\"Arial\" size=\"10\"/>\r\n					</textElement>\r\n				<text><![CDATA[ Sensible]]></text>\r\n				</staticText>\r\n				<staticText>\r\n					<reportElement\n						mode=\"Opaque\"\n						x=\"365\"\n						y=\"17\"\n						width=\"93\"\n						height=\"13\"\n						forecolor=\"#000000\"\n						backcolor=\"#CCCCCC\"\n						key=\"staticText-3\"/>\r\n					<box>					<pen lineWidth=\"1.0\" lineColor=\"#000000\"/>\r\n					<topPen lineWidth=\"1.0\" lineColor=\"#000000\"/>\r\n					<leftPen lineWidth=\"1.0\" lineColor=\"#000000\"/>\r\n					<bottomPen lineWidth=\"1.0\" lineColor=\"#000000\"/>\r\n					<rightPen lineWidth=\"1.0\" lineColor=\"#000000\"/>\r\n</box>\r\n					<textElement>\r\n						<font fontName=\"Arial\" size=\"10\"/>\r\n					</textElement>\r\n				<text><![CDATA[ Type]]></text>\r\n				</staticText>\r\n				<staticText>\r\n					<reportElement\n						mode=\"Opaque\"\n						x=\"139\"\n						y=\"17\"\n						width=\"226\"\n						height=\"13\"\n						forecolor=\"#000000\"\n						backcolor=\"#CCCCCC\"\n						key=\"staticText-4\"/>\r\n					<box>					<pen lineWidth=\"1.0\" lineColor=\"#000000\"/>\r\n					<topPen lineWidth=\"1.0\" lineColor=\"#000000\"/>\r\n					<leftPen lineWidth=\"1.0\" lineColor=\"#000000\"/>\r\n					<bottomPen lineWidth=\"1.0\" lineColor=\"#000000\"/>\r\n					<rightPen lineWidth=\"1.0\" lineColor=\"#000000\"/>\r\n</box>\r\n					<textElement>\r\n						<font fontName=\"Arial\" size=\"10\"/>\r\n					</textElement>\r\n				<text><![CDATA[ Interface Field Name]]></text>\r\n				</staticText>\r\n				<staticText>\r\n					<reportElement\n						mode=\"Opaque\"\n						x=\"0\"\n						y=\"17\"\n						width=\"139\"\n						height=\"13\"\n						forecolor=\"#000000\"\n						backcolor=\"#CCCCCC\"\n						key=\"staticText-5\"/>\r\n					<box>					<pen lineWidth=\"1.0\" lineColor=\"#000000\"/>\r\n					<topPen lineWidth=\"1.0\" lineColor=\"#000000\"/>\r\n					<leftPen lineWidth=\"1.0\" lineColor=\"#000000\"/>\r\n					<bottomPen lineWidth=\"1.0\" lineColor=\"#000000\"/>\r\n					<rightPen lineWidth=\"1.0\" lineColor=\"#000000\"/>\r\n</box>\r\n					<textElement>\r\n						<font fontName=\"Arial\" size=\"10\"/>\r\n					</textElement>\r\n				<text><![CDATA[ Operation Field Name]]></text>\r\n				</staticText>\r\n				<staticText>\r\n					<reportElement\n						mode=\"Opaque\"\n						x=\"546\"\n						y=\"17\"\n						width=\"88\"\n						height=\"13\"\n						forecolor=\"#000000\"\n						backcolor=\"#CCCCCC\"\n						key=\"staticText-6\"/>\r\n					<box>					<pen lineWidth=\"1.0\" lineColor=\"#000000\"/>\r\n					<topPen lineWidth=\"1.0\" lineColor=\"#000000\"/>\r\n					<leftPen lineWidth=\"1.0\" lineColor=\"#000000\"/>\r\n					<bottomPen lineWidth=\"1.0\" lineColor=\"#000000\"/>\r\n					<rightPen lineWidth=\"1.0\" lineColor=\"#000000\"/>\r\n</box>\r\n					<textElement>\r\n						<font fontName=\"Arial\" size=\"10\"/>\r\n					</textElement>\r\n				<text><![CDATA[ Key]]></text>\r\n				</staticText>\r\n				<staticText>\r\n					<reportElement\n						x=\"0\"\n						y=\"0\"\n						width=\"634\"\n						height=\"17\"\n						key=\"staticText-7\"/>\r\n					<box></box>\r\n					<textElement textAlignment=\"Left\" verticalAlignment=\"Middle\">\r\n						<font fontName=\"Arial\" pdfFontName=\"Helvetica\" size=\"11\" isBold=\"false\"/>\r\n					</textElement>\r\n				<text><![CDATA[ INTERFACE FIELDS]]></text>\r\n				</staticText>\r\n			</band>\r\n		</columnHeader>\r\n		<detail>\r\n			<band height=\"13\"  isSplitAllowed=\"true\" >\r\n				<textField isStretchWithOverflow=\"true\" pattern=\"\" isBlankWhenNull=\"true\" evaluationTime=\"Now\" hyperlinkType=\"None\"  hyperlinkTarget=\"Self\" >\r\n					<reportElement\n						x=\"0\"\n						y=\"0\"\n						width=\"139\"\n						height=\"13\"\n						key=\"textField\"\n						stretchType=\"RelativeToTallestObject\"/>\r\n					<box leftPadding=\"2\" rightPadding=\"2\">					<pen lineWidth=\"1.0\" lineColor=\"#000000\"/>\r\n					<topPen lineWidth=\"1.0\" lineStyle=\"Solid\" lineColor=\"#000000\"/>\r\n					<leftPen lineWidth=\"1.0\" lineStyle=\"Solid\" lineColor=\"#000000\"/>\r\n					<bottomPen lineWidth=\"1.0\" lineColor=\"#000000\"/>\r\n					<rightPen lineWidth=\"1.0\" lineStyle=\"Solid\" lineColor=\"#000000\"/>\r\n</box>\r\n					<textElement>\r\n						<font fontName=\"Arial\" size=\"10\"/>\r\n					</textElement>\r\n				<textFieldExpression   class=\"java.lang.String\"><![CDATA[$F{operation_field_name}]]></textFieldExpression>\r\n				</textField>\r\n				<textField isStretchWithOverflow=\"true\" pattern=\"\" isBlankWhenNull=\"true\" evaluationTime=\"Now\" hyperlinkType=\"None\"  hyperlinkTarget=\"Self\" >\r\n					<reportElement\n						x=\"634\"\n						y=\"0\"\n						width=\"147\"\n						height=\"13\"\n						key=\"textField\"\n						stretchType=\"RelativeToTallestObject\"/>\r\n					<box leftPadding=\"2\" rightPadding=\"2\">					<pen lineWidth=\"1.0\" lineColor=\"#000000\"/>\r\n					<topPen lineWidth=\"1.0\" lineStyle=\"Solid\" lineColor=\"#000000\"/>\r\n					<leftPen lineWidth=\"1.0\" lineStyle=\"Solid\" lineColor=\"#000000\"/>\r\n					<bottomPen lineWidth=\"1.0\" lineColor=\"#000000\"/>\r\n					<rightPen lineWidth=\"1.0\" lineStyle=\"Solid\" lineColor=\"#000000\"/>\r\n</box>\r\n					<textElement>\r\n						<font fontName=\"Arial\" size=\"10\"/>\r\n					</textElement>\r\n				<textFieldExpression   class=\"java.lang.String\"><![CDATA[$F{script_name}]]></textFieldExpression>\r\n				</textField>\r\n				<textField isStretchWithOverflow=\"true\" pattern=\"\" isBlankWhenNull=\"true\" evaluationTime=\"Now\" hyperlinkType=\"None\"  hyperlinkTarget=\"Self\" >\r\n					<reportElement\n						x=\"139\"\n						y=\"0\"\n						width=\"226\"\n						height=\"13\"\n						key=\"textField\"\n						stretchType=\"RelativeToTallestObject\"/>\r\n					<box leftPadding=\"2\" rightPadding=\"2\">					<pen lineWidth=\"1.0\" lineColor=\"#000000\"/>\r\n					<topPen lineWidth=\"1.0\" lineStyle=\"Solid\" lineColor=\"#000000\"/>\r\n					<leftPen lineWidth=\"1.0\" lineStyle=\"Solid\" lineColor=\"#000000\"/>\r\n					<bottomPen lineWidth=\"1.0\" lineColor=\"#000000\"/>\r\n					<rightPen lineWidth=\"1.0\" lineStyle=\"Solid\" lineColor=\"#000000\"/>\r\n</box>\r\n					<textElement>\r\n						<font fontName=\"Arial\" size=\"10\"/>\r\n					</textElement>\r\n				<textFieldExpression   class=\"java.lang.String\"><![CDATA[$F{interface_field_name}]]></textFieldExpression>\r\n				</textField>\r\n				<textField isStretchWithOverflow=\"true\" pattern=\"\" isBlankWhenNull=\"true\" evaluationTime=\"Now\" hyperlinkType=\"None\"  hyperlinkTarget=\"Self\" >\r\n					<reportElement\n						x=\"458\"\n						y=\"0\"\n						width=\"89\"\n						height=\"13\"\n						key=\"textField\"\n						stretchType=\"RelativeToTallestObject\"/>\r\n					<box leftPadding=\"2\" rightPadding=\"2\">					<pen lineWidth=\"1.0\" lineColor=\"#000000\"/>\r\n					<topPen lineWidth=\"1.0\" lineStyle=\"Solid\" lineColor=\"#000000\"/>\r\n					<leftPen lineWidth=\"1.0\" lineStyle=\"Solid\" lineColor=\"#000000\"/>\r\n					<bottomPen lineWidth=\"1.0\" lineColor=\"#000000\"/>\r\n					<rightPen lineWidth=\"1.0\" lineStyle=\"Solid\" lineColor=\"#000000\"/>\r\n</box>\r\n					<textElement>\r\n						<font fontName=\"Arial\" size=\"10\"/>\r\n					</textElement>\r\n				<textFieldExpression   class=\"java.lang.Boolean\"><![CDATA[$F{SENSIBLE}]]></textFieldExpression>\r\n				</textField>\r\n				<textField isStretchWithOverflow=\"true\" pattern=\"\" isBlankWhenNull=\"true\" evaluationTime=\"Now\" hyperlinkType=\"None\"  hyperlinkTarget=\"Self\" >\r\n					<reportElement\n						x=\"546\"\n						y=\"0\"\n						width=\"88\"\n						height=\"13\"\n						key=\"textField\"\n						stretchType=\"RelativeToTallestObject\"/>\r\n					<box leftPadding=\"2\" rightPadding=\"2\">					<pen lineWidth=\"1.0\" lineColor=\"#000000\"/>\r\n					<topPen lineWidth=\"1.0\" lineStyle=\"Solid\" lineColor=\"#000000\"/>\r\n					<leftPen lineWidth=\"1.0\" lineStyle=\"Solid\" lineColor=\"#000000\"/>\r\n					<bottomPen lineWidth=\"1.0\" lineColor=\"#000000\"/>\r\n					<rightPen lineWidth=\"1.0\" lineStyle=\"Solid\" lineColor=\"#000000\"/>\r\n</box>\r\n					<textElement>\r\n						<font fontName=\"Arial\" size=\"10\"/>\r\n					</textElement>\r\n				<textFieldExpression   class=\"java.lang.Boolean\"><![CDATA[$F{KEY_FIELD}]]></textFieldExpression>\r\n				</textField>\r\n				<textField isStretchWithOverflow=\"true\" pattern=\"\" isBlankWhenNull=\"true\" evaluationTime=\"Now\" hyperlinkType=\"None\"  hyperlinkTarget=\"Self\" >\r\n					<reportElement\n						x=\"365\"\n						y=\"0\"\n						width=\"93\"\n						height=\"13\"\n						key=\"textField\"\n						stretchType=\"RelativeToTallestObject\"/>\r\n					<box leftPadding=\"2\" rightPadding=\"2\">					<pen lineWidth=\"1.0\" lineColor=\"#000000\"/>\r\n					<topPen lineWidth=\"1.0\" lineStyle=\"Solid\" lineColor=\"#000000\"/>\r\n					<leftPen lineWidth=\"1.0\" lineStyle=\"Solid\" lineColor=\"#000000\"/>\r\n					<bottomPen lineWidth=\"1.0\" lineColor=\"#000000\"/>\r\n					<rightPen lineWidth=\"1.0\" lineStyle=\"Solid\" lineColor=\"#000000\"/>\r\n</box>\r\n					<textElement>\r\n						<font fontName=\"Arial\" size=\"10\"/>\r\n					</textElement>\r\n				<textFieldExpression   class=\"java.lang.String\"><![CDATA[$F{FIELD_TYPE}]]></textFieldExpression>\r\n				</textField>\r\n			</band>\r\n		</detail>\r\n		<columnFooter>\r\n			<band height=\"0\"  isSplitAllowed=\"true\" >\r\n			</band>\r\n		</columnFooter>\r\n		<pageFooter>\r\n			<band height=\"0\"  isSplitAllowed=\"true\" >\r\n			</band>\r\n		</pageFooter>\r\n		<summary>\r\n			<band height=\"0\"  isSplitAllowed=\"true\" >\r\n			</band>\r\n		</summary>\r\n</jasperReport>\r\n','s4qadmin',NULL,NULL,'2012-07-31 15:45:25',NULL,NULL,'3.5.0',NULL,NULL,NULL,'SPAGOBI'),(7,'<?xml version=\"1.0\" encoding=\"UTF-8\"  ?>\r\n<!-- Created with iReport - A designer for JasperReports -->\r\n<!DOCTYPE jasperReport PUBLIC \"//JasperReports//DTD Report Design//EN\" \"http://jasperreports.sourceforge.net/dtds/jasperreport.dtd\">\r\n<jasperReport\r\n		 name=\"subOperationParameterDetail\"\r\n		 columnCount=\"1\"\r\n		 printOrder=\"Vertical\"\r\n		 orientation=\"Landscape\"\r\n		 pageWidth=\"842\"\r\n		 pageHeight=\"595\"\r\n		 columnWidth=\"842\"\r\n		 columnSpacing=\"0\"\r\n		 leftMargin=\"0\"\r\n		 rightMargin=\"0\"\r\n		 topMargin=\"0\"\r\n		 bottomMargin=\"0\"\r\n		 whenNoDataType=\"NoPages\"\r\n		 isTitleNewPage=\"false\"\r\n		 isSummaryNewPage=\"false\">\r\n	<property name=\"ireport.scriptlethandling\" value=\"0\" />\r\n	<property name=\"ireport.encoding\" value=\"UTF-8\" />\r\n	<import value=\"java.util.*\" />\r\n	<import value=\"net.sf.jasperreports.engine.*\" />\r\n	<import value=\"net.sf.jasperreports.engine.data.*\" />\r\n\r\n	<parameter name=\"OPERATION_ID\" isForPrompting=\"true\" class=\"java.lang.String\"/>\r\n	<queryString><![CDATA[select distinct\noperation_parameter.NAME as OPERATION_PARAMETER_NAME,\noperation_parameter.VALUE as OPERATION_PARAMETER_VALUE,\noperation_parameter.ID_OPERATION_PARAMETER\nfrom S4Q_E_OPERATION operation, S4Q_E_OPERATION_PARAMETER operation_parameter\nwhere operation.ID_OPERATION = $P{OPERATION_ID}\nAND operation.ID_OPERATION = operation_parameter.ID_OPERATION]]></queryString>\r\n\r\n	<field name=\"OPERATION_PARAMETER_NAME\" class=\"java.lang.String\"/>\r\n	<field name=\"OPERATION_PARAMETER_VALUE\" class=\"java.lang.String\"/>\r\n	<field name=\"ID_OPERATION_PARAMETER\" class=\"java.lang.Integer\"/>\r\n\r\n		<background>\r\n			<band height=\"0\"  isSplitAllowed=\"true\" >\r\n			</band>\r\n		</background>\r\n		<title>\r\n			<band height=\"0\"  isSplitAllowed=\"true\" >\r\n			</band>\r\n		</title>\r\n		<pageHeader>\r\n			<band height=\"0\"  isSplitAllowed=\"true\" >\r\n			</band>\r\n		</pageHeader>\r\n		<columnHeader>\r\n			<band height=\"30\"  isSplitAllowed=\"true\" >\r\n				<staticText>\r\n					<reportElement\n						x=\"0\"\n						y=\"0\"\n						width=\"634\"\n						height=\"17\"\n						key=\"staticText-1\"/>\r\n					<box></box>\r\n					<textElement textAlignment=\"Left\" verticalAlignment=\"Middle\">\r\n						<font fontName=\"Arial\" pdfFontName=\"Helvetica\" size=\"11\" isBold=\"false\"/>\r\n					</textElement>\r\n				<text><![CDATA[ OPERATION PARAMETERS]]></text>\r\n				</staticText>\r\n				<staticText>\r\n					<reportElement\n						mode=\"Opaque\"\n						x=\"0\"\n						y=\"17\"\n						width=\"391\"\n						height=\"13\"\n						forecolor=\"#000000\"\n						backcolor=\"#CCCCCC\"\n						key=\"staticText-2\"/>\r\n					<box>					<pen lineWidth=\"1.0\" lineColor=\"#000000\"/>\r\n					<topPen lineWidth=\"1.0\" lineColor=\"#000000\"/>\r\n					<leftPen lineWidth=\"1.0\" lineColor=\"#000000\"/>\r\n					<bottomPen lineWidth=\"1.0\" lineColor=\"#000000\"/>\r\n					<rightPen lineWidth=\"1.0\" lineColor=\"#000000\"/>\r\n</box>\r\n					<textElement>\r\n						<font fontName=\"Arial\" size=\"10\"/>\r\n					</textElement>\r\n				<text><![CDATA[ Name]]></text>\r\n				</staticText>\r\n				<staticText>\r\n					<reportElement\n						mode=\"Opaque\"\n						x=\"391\"\n						y=\"17\"\n						width=\"391\"\n						height=\"13\"\n						forecolor=\"#000000\"\n						backcolor=\"#CCCCCC\"\n						key=\"staticText-3\"/>\r\n					<box>					<pen lineWidth=\"1.0\" lineColor=\"#000000\"/>\r\n					<topPen lineWidth=\"1.0\" lineColor=\"#000000\"/>\r\n					<leftPen lineWidth=\"1.0\" lineColor=\"#000000\"/>\r\n					<bottomPen lineWidth=\"1.0\" lineColor=\"#000000\"/>\r\n					<rightPen lineWidth=\"1.0\" lineColor=\"#000000\"/>\r\n</box>\r\n					<textElement>\r\n						<font fontName=\"Arial\" size=\"10\"/>\r\n					</textElement>\r\n				<text><![CDATA[ Value]]></text>\r\n				</staticText>\r\n			</band>\r\n		</columnHeader>\r\n		<detail>\r\n			<band height=\"15\"  isSplitAllowed=\"true\" >\r\n				<textField isStretchWithOverflow=\"true\" pattern=\"\" isBlankWhenNull=\"true\" evaluationTime=\"Now\" hyperlinkType=\"None\"  hyperlinkTarget=\"Self\" >\r\n					<reportElement\n						x=\"391\"\n						y=\"0\"\n						width=\"391\"\n						height=\"15\"\n						key=\"textField-1\"\n						stretchType=\"RelativeToTallestObject\"/>\r\n					<box leftPadding=\"2\" rightPadding=\"2\">					<pen lineWidth=\"1.0\" lineColor=\"#000000\"/>\r\n					<topPen lineWidth=\"1.0\" lineStyle=\"Solid\" lineColor=\"#000000\"/>\r\n					<leftPen lineWidth=\"1.0\" lineStyle=\"Solid\" lineColor=\"#000000\"/>\r\n					<bottomPen lineWidth=\"1.0\" lineColor=\"#000000\"/>\r\n					<rightPen lineWidth=\"1.0\" lineStyle=\"Solid\" lineColor=\"#000000\"/>\r\n</box>\r\n					<textElement>\r\n						<font fontName=\"Arial\" size=\"10\"/>\r\n					</textElement>\r\n				<textFieldExpression   class=\"java.lang.String\"><![CDATA[$F{OPERATION_PARAMETER_VALUE}]]></textFieldExpression>\r\n				</textField>\r\n				<textField isStretchWithOverflow=\"true\" pattern=\"\" isBlankWhenNull=\"true\" evaluationTime=\"Now\" hyperlinkType=\"None\"  hyperlinkTarget=\"Self\" >\r\n					<reportElement\n						x=\"0\"\n						y=\"0\"\n						width=\"391\"\n						height=\"15\"\n						key=\"textField-2\"\n						stretchType=\"RelativeToTallestObject\"/>\r\n					<box leftPadding=\"2\" rightPadding=\"2\">					<pen lineWidth=\"1.0\" lineColor=\"#000000\"/>\r\n					<topPen lineWidth=\"1.0\" lineStyle=\"Solid\" lineColor=\"#000000\"/>\r\n					<leftPen lineWidth=\"1.0\" lineStyle=\"Solid\" lineColor=\"#000000\"/>\r\n					<bottomPen lineWidth=\"1.0\" lineColor=\"#000000\"/>\r\n					<rightPen lineWidth=\"1.0\" lineStyle=\"Solid\" lineColor=\"#000000\"/>\r\n</box>\r\n					<textElement>\r\n						<font fontName=\"Arial\" size=\"10\"/>\r\n					</textElement>\r\n				<textFieldExpression   class=\"java.lang.String\"><![CDATA[$F{OPERATION_PARAMETER_NAME}]]></textFieldExpression>\r\n				</textField>\r\n			</band>\r\n		</detail>\r\n		<columnFooter>\r\n			<band height=\"0\"  isSplitAllowed=\"true\" >\r\n			</band>\r\n		</columnFooter>\r\n		<pageFooter>\r\n			<band height=\"0\"  isSplitAllowed=\"true\" >\r\n			</band>\r\n		</pageFooter>\r\n		<summary>\r\n			<band height=\"0\"  isSplitAllowed=\"true\" >\r\n			</band>\r\n		</summary>\r\n</jasperReport>\r\n','s4qadmin',NULL,NULL,'2012-07-31 15:45:25',NULL,NULL,'3.5.0',NULL,NULL,NULL,'SPAGOBI'),(8,'<?xml version=\"1.0\" encoding=\"UTF-8\"  ?>\r\n<!-- Created with iReport - A designer for JasperReports -->\r\n<!DOCTYPE jasperReport PUBLIC \"//JasperReports//DTD Report Design//EN\" \"http://jasperreports.sourceforge.net/dtds/jasperreport.dtd\">\r\n<jasperReport\r\n		 name=\"subOperatonDetail\"\r\n		 columnCount=\"1\"\r\n		 printOrder=\"Vertical\"\r\n		 orientation=\"Landscape\"\r\n		 pageWidth=\"842\"\r\n		 pageHeight=\"595\"\r\n		 columnWidth=\"842\"\r\n		 columnSpacing=\"0\"\r\n		 leftMargin=\"0\"\r\n		 rightMargin=\"0\"\r\n		 topMargin=\"0\"\r\n		 bottomMargin=\"0\"\r\n		 whenNoDataType=\"NoPages\"\r\n		 isTitleNewPage=\"false\"\r\n		 isSummaryNewPage=\"false\">\r\n	<property name=\"ireport.scriptlethandling\" value=\"0\" />\r\n	<property name=\"ireport.encoding\" value=\"UTF-8\" />\r\n	<import value=\"java.util.*\" />\r\n	<import value=\"net.sf.jasperreports.engine.*\" />\r\n	<import value=\"net.sf.jasperreports.engine.data.*\" />\r\n\r\n	<parameter name=\"OPERATION_ID\" isForPrompting=\"true\" class=\"java.lang.String\"/>\r\n	<queryString><![CDATA[select source_type.EXTRACTOR_CLASS as extractor_class,\ndata_source.NAME as data_source_name,\noperation.ID_OPERATION,\noperation.NAME as operation_name,\noperation.DESCRIPTION as operation_description,\ninterface_type.NAME as interface_type_name,\noperation_parameter.NAME as operation_parameter_name,\noperation_parameter.VALUE as operation_parameter_value,\noperation_parameter.ID_OPERATION_PARAMETER,\ninterface_type.ID_INTERFACE_TYPE\nfrom S4Q_E_OPERATION operation\nleft join S4Q_E_DATA_SOURCE data_source\nON operation.ID_DATA_SOURCE = data_source.ID_DATA_SOURCE\nleft join S4Q_E_SOURCE_TYPE source_type\nON source_type.ID_SOURCE_TYPE = data_source.ID_SOURCE_TYPE\nleft join S4Q_E_INTERFACE_TYPE interface_type\nON interface_type.ID_INTERFACE_TYPE = operation.ID_INTERFACE_TYPE\nleft join S4Q_E_OPERATION_PARAMETER operation_parameter\nON operation_parameter.ID_OPERATION = operation.ID_OPERATION\nleft join S4Q_E_OPERATION_FIELD operation_field\nON operation_field.ID_OPERATION = operation.ID_OPERATION\nwhere operation.ID_OPERATION = $P{OPERATION_ID}]]></queryString>\r\n\r\n	<field name=\"EXTRACTOR_CLASS\" class=\"java.lang.String\"/>\r\n	<field name=\"DATA_SOURCE_NAME\" class=\"java.lang.String\"/>\r\n	<field name=\"ID_OPERATION\" class=\"java.math.BigDecimal\"/>\r\n	<field name=\"OPERATION_NAME\" class=\"java.lang.String\"/>\r\n	<field name=\"OPERATION_DESCRIPTION\" class=\"java.lang.String\"/>\r\n	<field name=\"INTERFACE_TYPE_NAME\" class=\"java.lang.String\"/>\r\n	<field name=\"OPERATION_PARAMETER_NAME\" class=\"java.lang.String\"/>\r\n	<field name=\"OPERATION_PARAMETER_VALUE\" class=\"java.lang.String\"/>\r\n	<field name=\"ID_OPERATION_PARAMETER\" class=\"java.math.BigDecimal\"/>\r\n	<field name=\"ID_INTERFACE_TYPE\" class=\"java.math.BigDecimal\"/>\r\n\r\n\r\n		<group  name=\"ID_OPERATION\" >\r\n			<groupExpression><![CDATA[$F{ID_OPERATION}]]></groupExpression>\r\n			<groupHeader>\r\n			<band height=\"26\"  isSplitAllowed=\"true\" >\r\n				<textField isStretchWithOverflow=\"true\" pattern=\"\" isBlankWhenNull=\"true\" evaluationTime=\"Now\" hyperlinkType=\"None\"  hyperlinkTarget=\"Self\" >\r\n					<reportElement\n						x=\"406\"\n						y=\"13\"\n						width=\"376\"\n						height=\"13\"\n						key=\"textField\"/>\r\n					<box leftPadding=\"2\" rightPadding=\"2\">					<pen lineWidth=\"1.0\" lineColor=\"#000000\"/>\r\n					<topPen lineWidth=\"1.0\" lineStyle=\"Solid\" lineColor=\"#000000\"/>\r\n					<leftPen lineWidth=\"1.0\" lineStyle=\"Solid\" lineColor=\"#000000\"/>\r\n					<bottomPen lineWidth=\"1.0\" lineColor=\"#000000\"/>\r\n					<rightPen lineWidth=\"1.0\" lineStyle=\"Solid\" lineColor=\"#000000\"/>\r\n</box>\r\n					<textElement>\r\n						<font fontName=\"Arial\" size=\"10\"/>\r\n					</textElement>\r\n				<textFieldExpression   class=\"java.lang.String\"><![CDATA[\" \" + $F{EXTRACTOR_CLASS}]]></textFieldExpression>\r\n				</textField>\r\n				<textField isStretchWithOverflow=\"true\" pattern=\"\" isBlankWhenNull=\"true\" evaluationTime=\"Now\" hyperlinkType=\"None\"  hyperlinkTarget=\"Self\" >\r\n					<reportElement\n						x=\"115\"\n						y=\"13\"\n						width=\"176\"\n						height=\"13\"\n						key=\"textField\"/>\r\n					<box leftPadding=\"2\" rightPadding=\"2\">					<pen lineWidth=\"1.0\" lineColor=\"#000000\"/>\r\n					<topPen lineWidth=\"1.0\" lineStyle=\"Solid\" lineColor=\"#000000\"/>\r\n					<leftPen lineWidth=\"1.0\" lineStyle=\"Solid\" lineColor=\"#000000\"/>\r\n					<bottomPen lineWidth=\"1.0\" lineColor=\"#000000\"/>\r\n					<rightPen lineWidth=\"1.0\" lineStyle=\"Solid\" lineColor=\"#000000\"/>\r\n</box>\r\n					<textElement>\r\n						<font fontName=\"Arial\" size=\"10\"/>\r\n					</textElement>\r\n				<textFieldExpression   class=\"java.lang.String\"><![CDATA[\" \" + $F{DATA_SOURCE_NAME}]]></textFieldExpression>\r\n				</textField>\r\n				<textField isStretchWithOverflow=\"true\" pattern=\"\" isBlankWhenNull=\"true\" evaluationTime=\"Now\" hyperlinkType=\"None\"  hyperlinkTarget=\"Self\" >\r\n					<reportElement\n						x=\"42\"\n						y=\"0\"\n						width=\"180\"\n						height=\"13\"\n						key=\"textField\"/>\r\n					<box leftPadding=\"2\" rightPadding=\"2\">					<pen lineWidth=\"1.0\" lineColor=\"#000000\"/>\r\n					<topPen lineWidth=\"1.0\" lineStyle=\"Solid\" lineColor=\"#000000\"/>\r\n					<leftPen lineWidth=\"1.0\" lineStyle=\"Solid\" lineColor=\"#000000\"/>\r\n					<bottomPen lineWidth=\"1.0\" lineColor=\"#000000\"/>\r\n					<rightPen lineWidth=\"1.0\" lineStyle=\"Solid\" lineColor=\"#000000\"/>\r\n</box>\r\n					<textElement>\r\n						<font fontName=\"Arial\" size=\"10\"/>\r\n					</textElement>\r\n				<textFieldExpression   class=\"java.lang.String\"><![CDATA[\" \" + $F{OPERATION_NAME}]]></textFieldExpression>\r\n				</textField>\r\n				<textField isStretchWithOverflow=\"true\" pattern=\"\" isBlankWhenNull=\"true\" evaluationTime=\"Now\" hyperlinkType=\"None\"  hyperlinkTarget=\"Self\" >\r\n					<reportElement\n						x=\"291\"\n						y=\"0\"\n						width=\"280\"\n						height=\"13\"\n						key=\"textField\"/>\r\n					<box leftPadding=\"2\" rightPadding=\"2\">					<pen lineWidth=\"1.0\" lineColor=\"#000000\"/>\r\n					<topPen lineWidth=\"1.0\" lineStyle=\"Solid\" lineColor=\"#000000\"/>\r\n					<leftPen lineWidth=\"1.0\" lineStyle=\"Solid\" lineColor=\"#000000\"/>\r\n					<bottomPen lineWidth=\"1.0\" lineColor=\"#000000\"/>\r\n					<rightPen lineWidth=\"1.0\" lineStyle=\"Solid\" lineColor=\"#000000\"/>\r\n</box>\r\n					<textElement>\r\n						<font fontName=\"Arial\" size=\"10\"/>\r\n					</textElement>\r\n				<textFieldExpression   class=\"java.lang.String\"><![CDATA[\" \" + $F{OPERATION_DESCRIPTION}]]></textFieldExpression>\r\n				</textField>\r\n				<textField isStretchWithOverflow=\"true\" pattern=\"\" isBlankWhenNull=\"true\" evaluationTime=\"Now\" hyperlinkType=\"None\"  hyperlinkTarget=\"Self\" >\r\n					<reportElement\n						x=\"640\"\n						y=\"0\"\n						width=\"142\"\n						height=\"13\"\n						key=\"textField\"/>\r\n					<box leftPadding=\"2\" rightPadding=\"2\">					<pen lineWidth=\"1.0\" lineColor=\"#000000\"/>\r\n					<topPen lineWidth=\"1.0\" lineStyle=\"Solid\" lineColor=\"#000000\"/>\r\n					<leftPen lineWidth=\"1.0\" lineStyle=\"Solid\" lineColor=\"#000000\"/>\r\n					<bottomPen lineWidth=\"1.0\" lineColor=\"#000000\"/>\r\n					<rightPen lineWidth=\"1.0\" lineStyle=\"Solid\" lineColor=\"#000000\"/>\r\n</box>\r\n					<textElement>\r\n						<font fontName=\"Arial\" size=\"10\"/>\r\n					</textElement>\r\n				<textFieldExpression   class=\"java.lang.String\"><![CDATA[\" \" + $F{INTERFACE_TYPE_NAME}]]></textFieldExpression>\r\n				</textField>\r\n				<staticText>\r\n					<reportElement\n						mode=\"Opaque\"\n						x=\"0\"\n						y=\"0\"\n						width=\"42\"\n						height=\"13\"\n						forecolor=\"#000000\"\n						backcolor=\"#CCCCCC\"\n						key=\"staticText-1\"/>\r\n					<box>					<pen lineWidth=\"1.0\" lineColor=\"#000000\"/>\r\n					<topPen lineWidth=\"1.0\" lineColor=\"#000000\"/>\r\n					<leftPen lineWidth=\"1.0\" lineColor=\"#000000\"/>\r\n					<bottomPen lineWidth=\"1.0\" lineColor=\"#000000\"/>\r\n					<rightPen lineWidth=\"1.0\" lineColor=\"#000000\"/>\r\n</box>\r\n					<textElement>\r\n						<font fontName=\"Arial\" size=\"10\"/>\r\n					</textElement>\r\n				<text><![CDATA[ Name:]]></text>\r\n				</staticText>\r\n				<staticText>\r\n					<reportElement\n						mode=\"Opaque\"\n						x=\"0\"\n						y=\"13\"\n						width=\"115\"\n						height=\"13\"\n						forecolor=\"#000000\"\n						backcolor=\"#CCCCCC\"\n						key=\"staticText-2\"/>\r\n					<box>					<pen lineWidth=\"1.0\" lineColor=\"#000000\"/>\r\n					<topPen lineWidth=\"1.0\" lineColor=\"#000000\"/>\r\n					<leftPen lineWidth=\"1.0\" lineColor=\"#000000\"/>\r\n					<bottomPen lineWidth=\"1.0\" lineColor=\"#000000\"/>\r\n					<rightPen lineWidth=\"1.0\" lineColor=\"#000000\"/>\r\n</box>\r\n					<textElement>\r\n						<font fontName=\"Arial\" size=\"10\"/>\r\n					</textElement>\r\n				<text><![CDATA[ Data Source Name:]]></text>\r\n				</staticText>\r\n				<staticText>\r\n					<reportElement\n						mode=\"Opaque\"\n						x=\"222\"\n						y=\"0\"\n						width=\"69\"\n						height=\"13\"\n						forecolor=\"#000000\"\n						backcolor=\"#CCCCCC\"\n						key=\"staticText-3\"/>\r\n					<box>					<pen lineWidth=\"1.0\" lineColor=\"#000000\"/>\r\n					<topPen lineWidth=\"1.0\" lineColor=\"#000000\"/>\r\n					<leftPen lineWidth=\"1.0\" lineColor=\"#000000\"/>\r\n					<bottomPen lineWidth=\"1.0\" lineColor=\"#000000\"/>\r\n					<rightPen lineWidth=\"1.0\" lineColor=\"#000000\"/>\r\n</box>\r\n					<textElement>\r\n						<font fontName=\"Arial\" size=\"10\"/>\r\n					</textElement>\r\n				<text><![CDATA[ Description:]]></text>\r\n				</staticText>\r\n				<staticText>\r\n					<reportElement\n						mode=\"Opaque\"\n						x=\"571\"\n						y=\"0\"\n						width=\"69\"\n						height=\"13\"\n						forecolor=\"#000000\"\n						backcolor=\"#CCCCCC\"\n						key=\"staticText-4\"/>\r\n					<box>					<pen lineWidth=\"1.0\" lineColor=\"#000000\"/>\r\n					<topPen lineWidth=\"1.0\" lineColor=\"#000000\"/>\r\n					<leftPen lineWidth=\"1.0\" lineColor=\"#000000\"/>\r\n					<bottomPen lineWidth=\"1.0\" lineColor=\"#000000\"/>\r\n					<rightPen lineWidth=\"1.0\" lineColor=\"#000000\"/>\r\n</box>\r\n					<textElement>\r\n						<font fontName=\"Arial\" size=\"10\"/>\r\n					</textElement>\r\n				<text><![CDATA[ Interface:]]></text>\r\n				</staticText>\r\n				<staticText>\r\n					<reportElement\n						mode=\"Opaque\"\n						x=\"291\"\n						y=\"13\"\n						width=\"115\"\n						height=\"13\"\n						forecolor=\"#000000\"\n						backcolor=\"#CCCCCC\"\n						key=\"staticText-5\"/>\r\n					<box>					<pen lineWidth=\"1.0\" lineColor=\"#000000\"/>\r\n					<topPen lineWidth=\"1.0\" lineColor=\"#000000\"/>\r\n					<leftPen lineWidth=\"1.0\" lineColor=\"#000000\"/>\r\n					<bottomPen lineWidth=\"1.0\" lineColor=\"#000000\"/>\r\n					<rightPen lineWidth=\"1.0\" lineColor=\"#000000\"/>\r\n</box>\r\n					<textElement>\r\n						<font fontName=\"Arial\" size=\"10\"/>\r\n					</textElement>\r\n				<text><![CDATA[ Extractor Class:]]></text>\r\n				</staticText>\r\n			</band>\r\n			</groupHeader>\r\n			<groupFooter>\r\n			<band height=\"0\"  isSplitAllowed=\"true\" >\r\n			</band>\r\n			</groupFooter>\r\n		</group>\r\n		<group  name=\"ID_OPERATION_PARAMETER\" >\r\n			<groupExpression><![CDATA[$F{ID_INTERFACE_TYPE}]]></groupExpression>\r\n			<groupHeader>\r\n			<band height=\"22\"  isSplitAllowed=\"true\" >\r\n				<subreport  isUsingCache=\"true\">\r\n					<reportElement\n						x=\"0\"\n						y=\"1\"\n						width=\"133\"\n						height=\"21\"\n						key=\"subreport-2\"/>\r\n					<subreportParameter  name=\"OPERATION_ID\">\r\n						<subreportParameterExpression><![CDATA[$F{ID_OPERATION}.toString()]]></subreportParameterExpression>\r\n					</subreportParameter>\r\n					<connectionExpression><![CDATA[$P{REPORT_CONNECTION}]]></connectionExpression>\r\n					<subreportExpression  class=\"java.lang.String\"><![CDATA[\"subOperationParameterDetail.jasper\"]]></subreportExpression>\r\n				</subreport>\r\n			</band>\r\n			</groupHeader>\r\n			<groupFooter>\r\n			<band height=\"0\"  isSplitAllowed=\"true\" >\r\n			</band>\r\n			</groupFooter>\r\n		</group>\r\n		<group  name=\"ID_OPERATION_FIELD\" >\r\n			<groupExpression><![CDATA[$F{ID_INTERFACE_TYPE}]]></groupExpression>\r\n			<groupHeader>\r\n			<band height=\"23\"  isSplitAllowed=\"true\" >\r\n				<subreport  isUsingCache=\"true\">\r\n					<reportElement\n						x=\"0\"\n						y=\"0\"\n						width=\"133\"\n						height=\"23\"\n						key=\"subreport-1\"/>\r\n					<subreportParameter  name=\"OPERATION_ID\">\r\n						<subreportParameterExpression><![CDATA[$F{ID_OPERATION}.toString()]]></subreportParameterExpression>\r\n					</subreportParameter>\r\n					<subreportParameter  name=\"INTERFACE_TYPE_ID\">\r\n						<subreportParameterExpression><![CDATA[$F{ID_INTERFACE_TYPE}.toString()]]></subreportParameterExpression>\r\n					</subreportParameter>\r\n					<connectionExpression><![CDATA[$P{REPORT_CONNECTION}]]></connectionExpression>\r\n					<subreportExpression  class=\"java.lang.String\"><![CDATA[\"subInterfaceFieldDetail.jasper\"]]></subreportExpression>\r\n				</subreport>\r\n			</band>\r\n			</groupHeader>\r\n			<groupFooter>\r\n			<band height=\"0\"  isSplitAllowed=\"true\" >\r\n			</band>\r\n			</groupFooter>\r\n		</group>\r\n		<background>\r\n			<band height=\"0\"  isSplitAllowed=\"true\" >\r\n			</band>\r\n		</background>\r\n		<title>\r\n			<band height=\"0\"  isSplitAllowed=\"true\" >\r\n			</band>\r\n		</title>\r\n		<pageHeader>\r\n			<band height=\"0\"  isSplitAllowed=\"true\" >\r\n			</band>\r\n		</pageHeader>\r\n		<columnHeader>\r\n			<band height=\"0\"  isSplitAllowed=\"true\" >\r\n			</band>\r\n		</columnHeader>\r\n		<detail>\r\n			<band height=\"0\"  isSplitAllowed=\"true\" >\r\n			</band>\r\n		</detail>\r\n		<columnFooter>\r\n			<band height=\"0\"  isSplitAllowed=\"true\" >\r\n			</band>\r\n		</columnFooter>\r\n		<pageFooter>\r\n			<band height=\"0\"  isSplitAllowed=\"true\" >\r\n			</band>\r\n		</pageFooter>\r\n		<summary>\r\n			<band height=\"0\"  isSplitAllowed=\"true\" >\r\n			</band>\r\n		</summary>\r\n</jasperReport>\r\n','s4qadmin',NULL,NULL,'2012-07-31 15:45:25',NULL,NULL,'3.5.0',NULL,NULL,NULL,'SPAGOBI');
/*!40000 ALTER TABLE `SBI_BINARY_CONTENTS` ENABLE KEYS */;
UNLOCK TABLES;

--
-- Table structure for table `SBI_CHECKS`
--

DROP TABLE IF EXISTS `SBI_CHECKS`;
/*!40101 SET @saved_cs_client     = @@character_set_client */;
/*!40101 SET character_set_client = utf8 */;
CREATE TABLE `SBI_CHECKS` (
  `CHECK_ID` int(11) NOT NULL,
  `DESCR` varchar(160) DEFAULT NULL,
  `LABEL` varchar(20) NOT NULL,
  `VALUE_TYPE_CD` varchar(20) NOT NULL,
  `VALUE_TYPE_ID` int(11) NOT NULL,
  `VALUE_1` varchar(400) DEFAULT NULL,
  `VALUE_2` varchar(400) DEFAULT NULL,
  `NAME` varchar(40) NOT NULL,
  `USER_IN` varchar(100) NOT NULL,
  `USER_UP` varchar(100) DEFAULT NULL,
  `USER_DE` varchar(100) DEFAULT NULL,
  `TIME_IN` timestamp NOT NULL DEFAULT CURRENT_TIMESTAMP ON UPDATE CURRENT_TIMESTAMP,
  `TIME_UP` timestamp NULL DEFAULT NULL,
  `TIME_DE` timestamp NULL DEFAULT NULL,
  `SBI_VERSION_IN` varchar(10) DEFAULT NULL,
  `SBI_VERSION_UP` varchar(10) DEFAULT NULL,
  `SBI_VERSION_DE` varchar(10) DEFAULT NULL,
  `META_VERSION` varchar(100) DEFAULT NULL,
  `ORGANIZATION` varchar(20) DEFAULT NULL,
  PRIMARY KEY (`CHECK_ID`),
  UNIQUE KEY `XAK1SBI_CHECKS` (`LABEL`,`ORGANIZATION`),
  KEY `FK_SBI_CHECKS_1` (`VALUE_TYPE_ID`),
  CONSTRAINT `FK_SBI_CHECKS_1` FOREIGN KEY (`VALUE_TYPE_ID`) REFERENCES `SBI_DOMAINS` (`VALUE_ID`)
) ENGINE=InnoDB DEFAULT CHARSET=latin1;
/*!40101 SET character_set_client = @saved_cs_client */;

--
-- Dumping data for table `SBI_CHECKS`
--

LOCK TABLES `SBI_CHECKS` WRITE;
/*!40000 ALTER TABLE `SBI_CHECKS` DISABLE KEYS */;
INSERT INTO `SBI_CHECKS` VALUES (1,'Control if parameter is an Internet Address','CK-FIX-01','INTERNET ADDRESS',48,'','','Internet Address','server',NULL,NULL,'2012-07-31 12:58:56',NULL,NULL,'3.5.0',NULL,NULL,NULL,'SPAGOBI'),(2,'Control if  a parameter is Numeric','CK-FIX-02','NUMERIC',49,'','','Numeric','server',NULL,NULL,'2012-07-31 12:58:56',NULL,NULL,'3.5.0',NULL,NULL,NULL,'SPAGOBI'),(3,'Control if  a parameter is Alfanumeric','CK-FIX-03','ALFANUMERIC',50,'','','Alfanumeric','server',NULL,NULL,'2012-07-31 12:58:56',NULL,NULL,'3.5.0',NULL,NULL,NULL,'SPAGOBI'),(4,'Control if a parameter is a letter string','CK-FIX-04','LETTERSTRING',51,'','','Letter String','server',NULL,NULL,'2012-07-31 12:58:56',NULL,NULL,'3.5.0',NULL,NULL,NULL,'SPAGOBI'),(5,'Control if the parameter is present','CK-FIX-05','MANDATORY',52,'','','Mandatory','server',NULL,NULL,'2012-07-31 12:58:56',NULL,NULL,'3.5.0',NULL,NULL,NULL,'SPAGOBI'),(6,'Control if parameter is a Fiscal Code','CK-FIX-06','FISCALCODE',53,'','','Fiscal Code','server',NULL,NULL,'2012-07-31 12:58:56',NULL,NULL,'3.5.0',NULL,NULL,NULL,'SPAGOBI'),(7,'Control if parameter is a E-Mail','CK-FIX-07','EMAIL',54,'','','E-Mail','server',NULL,NULL,'2012-07-31 12:58:56',NULL,NULL,'3.5.0',NULL,NULL,NULL,'SPAGOBI');
/*!40000 ALTER TABLE `SBI_CHECKS` ENABLE KEYS */;
UNLOCK TABLES;

--
-- Table structure for table `SBI_CONFIG`
--

DROP TABLE IF EXISTS `SBI_CONFIG`;
/*!40101 SET @saved_cs_client     = @@character_set_client */;
/*!40101 SET character_set_client = utf8 */;
CREATE TABLE `SBI_CONFIG` (
  `ID` int(11) NOT NULL,
  `LABEL` varchar(100) NOT NULL,
  `NAME` varchar(100) DEFAULT NULL,
  `DESCRIPTION` varchar(500) DEFAULT NULL,
  `IS_ACTIVE` tinyint(1) DEFAULT '1',
  `VALUE_CHECK` varchar(1000) DEFAULT NULL,
  `VALUE_TYPE_ID` int(11) DEFAULT NULL,
  `USER_IN` varchar(100) NOT NULL,
  `USER_UP` varchar(100) DEFAULT NULL,
  `USER_DE` varchar(100) DEFAULT NULL,
  `TIME_IN` timestamp NOT NULL DEFAULT CURRENT_TIMESTAMP ON UPDATE CURRENT_TIMESTAMP,
  `TIME_UP` timestamp NULL DEFAULT NULL,
  `TIME_DE` timestamp NULL DEFAULT NULL,
  `SBI_VERSION_IN` varchar(10) DEFAULT NULL,
  `SBI_VERSION_UP` varchar(10) DEFAULT NULL,
  `SBI_VERSION_DE` varchar(10) DEFAULT NULL,
  `META_VERSION` varchar(100) DEFAULT NULL,
  `ORGANIZATION` varchar(20) DEFAULT NULL,
  `CATEGORY` varchar(50) DEFAULT NULL,
  PRIMARY KEY (`ID`),
  UNIQUE KEY `XAK1SBI_CONFIG` (`LABEL`),
  KEY `FK_SBI_CONFIG_1` (`VALUE_TYPE_ID`),
  CONSTRAINT `FK_SBI_CONFIG_1` FOREIGN KEY (`VALUE_TYPE_ID`) REFERENCES `SBI_DOMAINS` (`VALUE_ID`)
) ENGINE=InnoDB DEFAULT CHARSET=latin1;
/*!40101 SET character_set_client = @saved_cs_client */;

--
-- Dumping data for table `SBI_CONFIG`
--

LOCK TABLES `SBI_CONFIG` WRITE;
/*!40000 ALTER TABLE `SBI_CONFIG` DISABLE KEYS */;
INSERT INTO `SBI_CONFIG` VALUES (1,'internal.security.encript.password','encript password','Enable the password encription',0,'true',29,'server',NULL,NULL,'2012-07-31 12:46:55',NULL,NULL,'3.5.0',NULL,NULL,NULL,NULL,'SECURITY'),(2,'changepwdmodule.len_min','Password Len Min','Minimum length',0,'8',29,'server',NULL,NULL,'2012-07-31 12:46:55',NULL,NULL,'3.5.0',NULL,NULL,NULL,NULL,'SECURITY'),(3,'changepwdmodule.special_char','Special char','Special chars',0,'_|-#$',30,'server',NULL,NULL,'2012-07-31 12:46:55',NULL,NULL,'3.5.0',NULL,NULL,NULL,NULL,'SECURITY'),(4,'changepwdmodule.upper_char','Upper char','Minimum a char must be in upper case',0,'ABCDEFGJKLMNOPQRSTUVWXYZ',30,'server',NULL,NULL,'2012-07-31 12:46:55',NULL,NULL,'3.5.0',NULL,NULL,NULL,NULL,'SECURITY'),(5,'changepwdmodule.lower_char','Lower char','Minimum a char must be in lower case',0,'abcdefghjklmnopqrstuwxyz',30,'server',NULL,NULL,'2012-07-31 12:46:55',NULL,NULL,'3.5.0',NULL,NULL,NULL,NULL,'SECURITY'),(6,'changepwdmodule.number','Number','Minimum a char must be a number',0,'0123456789',30,'server',NULL,NULL,'2012-07-31 12:46:55',NULL,NULL,'3.5.0',NULL,NULL,NULL,NULL,'SECURITY'),(7,'changepwdmodule.alphabetical','Alaphabetical','Minimum a char must be a letter',0,'abcdefghjklmnopqrstuwxyzABCDEFGHIJKLMNOPQRSTUVWXYZ',30,'server',NULL,NULL,'2012-07-31 12:46:55',NULL,NULL,'3.5.0',NULL,NULL,NULL,NULL,'SECURITY'),(8,'changepwdmodule.change','Change from last','The new pwd must be different from the lastest',0,'',NULL,'server',NULL,NULL,'2012-07-31 12:46:55',NULL,NULL,'3.5.0',NULL,NULL,NULL,NULL,'SECURITY'),(9,'changepwd.change_first','Change at first login ','The pwd must be changed at first login',0,'',NULL,'server',NULL,NULL,'2012-07-31 12:46:55',NULL,NULL,'3.5.0',NULL,NULL,NULL,NULL,'SECURITY'),(10,'changepwd.disactivation_time','Disactivation time','Number of months before disactivation',0,'6',29,'server',NULL,NULL,'2012-07-31 12:46:55',NULL,NULL,'3.5.0',NULL,NULL,NULL,NULL,'SECURITY'),(11,'changepwd.expired_time','Expired time','Number of days fo the expiration',0,'90',29,'server',NULL,NULL,'2012-07-31 12:46:55',NULL,NULL,'3.5.0',NULL,NULL,NULL,NULL,'SECURITY'),(12,'SPAGOBI.SPAGOBI-MODE.mode','SpagoBI mode','Enable the WebApplication or Portal mode',0,'WEB',30,'server',NULL,NULL,'2012-07-31 12:46:55',NULL,NULL,'3.5.0',NULL,NULL,NULL,NULL,'GENERIC_CONFIGURATION'),(13,'SPAGOBI.HOME.BANNER.view','show the banner','banner',0,'true',30,'server',NULL,NULL,'2012-07-31 12:46:55',NULL,NULL,'3.5.0',NULL,NULL,NULL,NULL,'GENERIC_CONFIGURATION'),(14,'SPAGOBI.HOME.FOOTER.view','show the footer','footer',0,'true',30,'server',NULL,NULL,'2012-07-31 12:46:55',NULL,NULL,'3.5.0',NULL,NULL,NULL,NULL,'GENERIC_CONFIGURATION'),(15,'SPAGOBI.MENU.pathTracked','pathTracked','pathTracked',0,'true',30,'server',NULL,NULL,'2012-07-31 12:46:55',NULL,NULL,'3.5.0',NULL,NULL,NULL,NULL,'GENERIC_CONFIGURATION'),(16,'SPAGOBI.LOOKUP.numberRows','SPAGOBI LOOKUP numberRows','The numnber of rows showed in each list',1,'20',30,'server',NULL,NULL,'2012-07-31 12:46:55',NULL,NULL,'3.5.0',NULL,NULL,NULL,NULL,'GENERIC_CONFIGURATION'),(17,'SPAGOBI.RESOURCE_PATH_JNDI_NAME','RESOURCE PATH JNDI NAME','The name of the JNDI variable that contains the RESOURCE PATH',1,'java://comp/env/spagobi_resource_path',30,'server',NULL,NULL,'2012-07-31 12:46:55',NULL,NULL,'3.5.0',NULL,NULL,NULL,NULL,'GENERIC_CONFIGURATION'),(18,'SPAGOBI.SPAGOBI_HOST_JNDI','SPAGOBI HOST JNDI','HOST JNDI',1,'java://comp/env/spagobi_host_url',30,'server',NULL,NULL,'2012-07-31 12:46:55',NULL,NULL,'3.5.0',NULL,NULL,NULL,NULL,'GENERIC_CONFIGURATION'),(19,'SPAGOBI.SPAGO_ADAPTERHTTP_URL','ADAPTERHTTP URL','ADAPTERHTTP URL',1,'/servlet/AdapterHTTP',30,'server',NULL,NULL,'2012-07-31 12:46:55',NULL,NULL,'3.5.0',NULL,NULL,NULL,NULL,'GENERIC_CONFIGURATION'),(20,'SPAGOBI.TEMPLATE_MAX_SIZE','TEMPLATE MAX SIZE','TEMPLATE MAX SIZE',1,'5242880',30,'server',NULL,NULL,'2012-07-31 12:46:55',NULL,NULL,'3.5.0',NULL,NULL,NULL,NULL,'GENERIC_CONFIGURATION'),(21,'SPAGOBI.SPAGOBI_CONTEXT','SPAGOBI CONTEXT','SPAGOBI CONTEXT',1,'/SpagoBI',30,'server',NULL,NULL,'2012-07-31 12:46:55',NULL,NULL,'3.5.0',NULL,NULL,NULL,NULL,'GENERIC_CONFIGURATION'),(22,'SPAGOBI.SESSION_EXPIRED_URL','SESSION EXPIRED URL','SESSION EXPIRED URL',1,'/WEB-INF/jsp/commons/sessionExpired.jsp',30,'server',NULL,NULL,'2012-07-31 12:46:55',NULL,NULL,'3.5.0',NULL,NULL,NULL,NULL,'GENERIC_CONFIGURATION'),(23,'SPAGOBI.DATASET.maxResult','DATASET maxResult','maxResult',1,'500000',30,'server',NULL,NULL,'2012-07-31 12:46:55',NULL,NULL,'3.5.0',NULL,NULL,NULL,NULL,'GENERIC_CONFIGURATION'),(24,'SPAGOBI.SESSION_PARAMETERS_MANAGER.enabled','SESSION PARAMETERS MANAGER','enabled',1,'false',30,'server',NULL,NULL,'2012-07-31 12:46:55',NULL,NULL,'3.5.0',NULL,NULL,NULL,NULL,'GENERIC_CONFIGURATION'),(25,'SPAGOBI.EXECUTION.PARAMETERS.statePersistenceEnabled','Parameter state persistence enabled','if true the default value for each parameter will be set automatically equal to the last value selected by the user',1,'false',30,'server',NULL,NULL,'2012-07-31 12:46:55',NULL,NULL,'3.5.0',NULL,NULL,NULL,NULL,'GENERIC_CONFIGURATION'),(26,'SPAGOBI.EXECUTION.PARAMETERS.statePersistenceScope','Parameter state persistence scope','if equals SESSION the parameter state will be saved in session (i.e. reseted after each logout). If equals to BROWSER the parameter state will be saved in a cookie and preserver over different login sessions',1,'SESSION',30,'server',NULL,NULL,'2012-07-31 12:46:55',NULL,NULL,'3.5.0',NULL,NULL,NULL,NULL,'GENERIC_CONFIGURATION'),(27,'SPAGOBI.EXECUTION.PARAMETERS.mementoPersistenceEnabled','Parameter memento persistence enabled','if true the last N values selected from a parameter by the user will be stored and used as selection shortcut for future executions',1,'true',30,'server',NULL,NULL,'2012-07-31 12:46:55',NULL,NULL,'3.5.0',NULL,NULL,NULL,NULL,'GENERIC_CONFIGURATION'),(28,'SPAGOBI.EXECUTION.PARAMETERS.mementoPersistenceScope','Parameter memento persistence scope','if equals SESSION the parameter memento will be saved in session (i.e. reseted after each logout). If equals to BROWSER the parameter memento will be saved in a cookie and preserver over different login sessions',1,'BROWSER',30,'server',NULL,NULL,'2012-07-31 12:46:55',NULL,NULL,'3.5.0',NULL,NULL,NULL,NULL,'GENERIC_CONFIGURATION'),(29,'SPAGOBI.EXECUTION.PARAMETERS.mementoPersistenceDepth','Parameter memento persistence depth','The number of values to save into the memento object associated to each parameter',1,'5',30,'server',NULL,NULL,'2012-07-31 12:46:55',NULL,NULL,'3.5.0',NULL,NULL,NULL,NULL,'GENERIC_CONFIGURATION'),(30,'SPAGOBI.DATE-FORMAT-SERVER.format','SERVE DATE FORMAT','Date format for communications with the server (both on sending and receiving) format attribute is for server side services, see java.text.SimpleDateFormat for details, while extJsFormat is for ExtJs client, that use another standard, see http://extjs.com/deploy/dev/docs/. IF YOU CHANGE ONE FORMAT YOU MUST CHANGE THE OTHER ONE ACCORDINGLY.',1,'dd/MM/yyyy',30,'server',NULL,NULL,'2012-07-31 12:46:55',NULL,NULL,'3.5.0',NULL,NULL,NULL,NULL,'DATE-FORMAT'),(31,'SPAGOBI.DATE-FORMAT-SERVER.extJsFormat','EXTJS SERVER DATE FORMAT','extJsFormat',1,'d/m/Y',30,'server',NULL,NULL,'2012-07-31 12:46:55',NULL,NULL,'3.5.0',NULL,NULL,NULL,NULL,'DATE-FORMAT'),(32,'SPAGOBI.DATE-FORMAT.format','DATE FORMAT','Date visual format if language is not found',1,'dd/MM/yyyy',30,'server',NULL,NULL,'2012-07-31 12:46:55',NULL,NULL,'3.5.0',NULL,NULL,NULL,NULL,'DATE-FORMAT'),(33,'SPAGOBI.DATE-FORMAT.extJsFormat','EXTJS DATE FORMAT','Date visual format if language is not found',1,'d/m/Y',30,'server',NULL,NULL,'2012-07-31 12:46:55',NULL,NULL,'3.5.0',NULL,NULL,NULL,NULL,'DATE-FORMAT'),(34,'SPAGOBI.DATE-FORMAT-IT_IT.format','IT DATE FORMAT','Date format used while displaying dates according to user current locale.Format attribute is for old presentation mechanism, see java.text.SimpleDateFormat for details, while extJsFormat is for ExtJs client, that use another standard, see http://extjs.com/deploy/dev/docs/. IF YOU CHANGE ONE FORMAT YOU MUST CHANGE THE OTHER ONE ACCORDINGLY.',1,'dd/MM/yyyy',30,'server',NULL,NULL,'2012-07-31 12:46:55',NULL,NULL,'3.5.0',NULL,NULL,NULL,NULL,'DATE-FORMAT'),(35,'SPAGOBI.DATE-FORMAT-IT_IT.extJsFormat','EXTJS IT DATE FORMAT','extJsFormat',1,'d/m/Y',30,'server',NULL,NULL,'2012-07-31 12:46:55',NULL,NULL,'3.5.0',NULL,NULL,NULL,NULL,'DATE-FORMAT'),(36,'SPAGOBI.DATE-FORMAT-EN_US.format','US DATE FORMAT','Date format used while displaying dates according to user current locale.Format attribute is for old presentation mechanism, see java.text.SimpleDateFormat for details, while extJsFormat is for ExtJs client, that use another standard, see http://extjs.com/deploy/dev/docs/. IF YOU CHANGE ONE FORMAT YOU MUST CHANGE THE OTHER ONE ACCORDINGLY.',1,'MM/dd/yyyy',30,'server',NULL,NULL,'2012-07-31 12:46:55',NULL,NULL,'3.5.0',NULL,NULL,NULL,NULL,'DATE-FORMAT'),(37,'SPAGOBI.DATE-FORMAT-EN_US.extJsFormat','EXTJS US DATE FORMAT','extJsFormat',1,'m/d/Y',30,'server',NULL,NULL,'2012-07-31 12:46:55',NULL,NULL,'3.5.0',NULL,NULL,NULL,NULL,'DATE-FORMAT'),(38,'SPAGOBI.DATE-FORMAT-FR_FR.format','FR DATE FORMAT','Date format used while displaying dates according to user current locale.Format attribute is for old presentation mechanism, see java.text.SimpleDateFormat for details, while extJsFormat is for ExtJs client, that use another standard, see http://extjs.com/deploy/dev/docs/. IF YOU CHANGE ONE FORMAT YOU MUST CHANGE THE OTHER ONE ACCORDINGLY.',1,'dd/MM/yyyy',30,'server',NULL,NULL,'2012-07-31 12:46:55',NULL,NULL,'3.5.0',NULL,NULL,NULL,NULL,'DATE-FORMAT'),(39,'SPAGOBI.DATE-FORMAT-FR_FR.extJsFormat','EXTJS RF DATE FORMAT','extJsFormat',1,'d/m/Y',30,'server',NULL,NULL,'2012-07-31 12:46:55',NULL,NULL,'3.5.0',NULL,NULL,NULL,NULL,'DATE-FORMAT'),(40,'SPAGOBI.DATE-FORMAT-ES_ES.format','ES DATE FORMAT','Date format used while displaying dates according to user current locale.Format attribute is for old presentation mechanism, see java.text.SimpleDateFormat for details, while extJsFormat is for ExtJs client, that use another standard, see http://extjs.com/deploy/dev/docs/. IF YOU CHANGE ONE FORMAT YOU MUST CHANGE THE OTHER ONE ACCORDINGLY.',1,'dd/MM/yyyy',30,'server',NULL,NULL,'2012-07-31 12:46:55',NULL,NULL,'3.5.0',NULL,NULL,NULL,NULL,'DATE-FORMAT'),(41,'SPAGOBI.DATE-FORMAT-ES_ES.extJsFormat','EXTJS ES DATE FORMAT','extJsFormat',1,'d/m/Y',30,'server',NULL,NULL,'2012-07-31 12:46:55',NULL,NULL,'3.5.0',NULL,NULL,NULL,NULL,'DATE-FORMAT'),(42,'SPAGOBI.TIMESTAMP-FORMAT.format','TIMESTAMP FORMAT','TimeStamp Format of SpagoBI DB',1,'dd/MM/yyyy hh:mm:ss',30,'server',NULL,NULL,'2012-07-31 12:46:55',NULL,NULL,'3.5.0',NULL,NULL,NULL,NULL,'DATE-FORMAT'),(43,'SPAGOBI.TIMESTAMP-FORMAT.extJsFormat','EXTJS TIMESTAMP FORMAT','TimeStamp Format of SpagoBI DB',1,'d/m/Y H:i:s',30,'server',NULL,NULL,'2012-07-31 12:46:55',NULL,NULL,'3.5.0',NULL,NULL,NULL,NULL,'DATE-FORMAT'),(44,'SPAGOBI.ORGANIZATIONAL-UNIT.jndiDatasource','jndiDatasource','jndiDatasource',1,'java:comp/env/jdbc/foodmart',30,'server',NULL,NULL,'2012-07-31 12:46:55',NULL,NULL,'3.5.0',NULL,NULL,NULL,NULL,'ORGANIZATIONAL-UNIT'),(45,'SPAGOBI.ORGANIZATIONAL-UNIT.getHierarchiesQuery','getHierarchiesQuery','getHierarchiesQuery',1,'SELECT distinct store_country as HIERARCHY, \' \' as COMPANY FROM store',30,'server',NULL,NULL,'2012-07-31 12:46:55',NULL,NULL,'3.5.0',NULL,NULL,NULL,NULL,'ORGANIZATIONAL-UNIT'),(46,'SPAGOBI.ORGANIZATIONAL-UNIT.getOUsQuery','getOUsQuery','getOUsQuery',1,'SELECT distinct a.store_state as name, a.store_state as code FROM store a union select b.store_city as name, b.store_city as code from store b union select c.store_name as name , c.store_name as code from store c',30,'server',NULL,NULL,'2012-07-31 12:46:55',NULL,NULL,'3.5.0',NULL,NULL,NULL,NULL,'ORGANIZATIONAL-UNIT'),(47,'SPAGOBI.ORGANIZATIONAL-UNIT.getRootByHierarchy','getRootByHierarchy','getRootByHierarchy',1,'SELECT distinct store_country as code, store_country as name FROM store where store_country = ?',30,'server',NULL,NULL,'2012-07-31 12:46:55',NULL,NULL,'3.5.0',NULL,NULL,NULL,NULL,'ORGANIZATIONAL-UNIT'),(48,'SPAGOBI.ORGANIZATIONAL-UNIT.getChildrenByLevel','getChildrenByLevel','getChildrenByLevel',1,'select distinct ! as code, ! as name from store where store_country = ? ',30,'server',NULL,NULL,'2012-07-31 12:46:55',NULL,NULL,'3.5.0',NULL,NULL,NULL,NULL,'ORGANIZATIONAL-UNIT'),(49,'SPAGOBI.ORGANIZATIONAL-UNIT.getRootLeaves','getRootLeaves','getRootLeaves',1,'',30,'server',NULL,NULL,'2012-07-31 12:46:55',NULL,NULL,'3.5.0',NULL,NULL,NULL,NULL,'ORGANIZATIONAL-UNIT'),(50,'SPAGOBI.ORGANIZATIONAL-UNIT.provider','provider','provider',1,'it.eng.spagobi.kpi.ou.provider.OrganizationalUnitListProviderFoodmart',30,'server',NULL,NULL,'2012-07-31 12:46:55',NULL,NULL,'3.5.0',NULL,NULL,NULL,NULL,'ORGANIZATIONAL-UNIT'),(51,'SPAGOBI.SECURITY.DEFAULT_USER','DEFAULT_USER','DEFAULT_USER used by portal environment',1,'biadmin',30,'server',NULL,NULL,'2012-07-31 12:46:55',NULL,NULL,'3.5.0',NULL,NULL,NULL,NULL,'SECURITY'),(52,'SPAGOBI.SECURITY.PORTAL-SECURITY-CLASS.className','Security Info provider','Security Info provider',1,'it.eng.spagobi.security.InternalSecurityInfoProviderImpl',30,'server',NULL,NULL,'2012-07-31 12:46:55',NULL,NULL,'3.5.0',NULL,NULL,NULL,NULL,'SECURITY'),(53,'SPAGOBI.SECURITY.USER-PROFILE-FACTORY-CLASS.className','Security Service Supplier','Security Service Supplier',1,'it.eng.spagobi.security.InternalSecurityServiceSupplierImpl',30,'server',NULL,NULL,'2012-07-31 12:46:55',NULL,NULL,'3.5.0',NULL,NULL,NULL,NULL,'SECURITY'),(54,'SPAGOBI.SECURITY.PORTAL-SECURITY-INIT-CLASS.className','Security Initializer','Security Initializer',1,'it.eng.spagobi.security.init.InternalSecurityInitializer',30,'server',NULL,NULL,'2012-07-31 12:46:55',NULL,NULL,'3.5.0',NULL,NULL,NULL,NULL,'SECURITY'),(55,'SPAGOBI.SECURITY.ROLE-NAME-PATTERN-FILTER','ROLE NAME PATTERN FILTER','ROLE-NAME-PATTERN-FILTER',1,'.*',30,'server',NULL,NULL,'2012-07-31 12:46:55',NULL,NULL,'3.5.0',NULL,NULL,NULL,NULL,'SECURITY'),(56,'SPAGOBI.SECURITY.ROLE-TYPE-PATTERNS.DEV_ROLE-PATTERN','DEV ROLE PATTERN','DEV ROLE PATTERN',1,'/spagobi/dev',30,'server',NULL,NULL,'2012-07-31 12:46:55',NULL,NULL,'3.5.0',NULL,NULL,NULL,NULL,'SECURITY'),(57,'SPAGOBI.SECURITY.ROLE-TYPE-PATTERNS.TEST_ROLE-PATTERN','TEST ROLE PATTERN','TEST ROLE PATTERN',1,'/spagobi/test',30,'server',NULL,NULL,'2012-07-31 12:46:55',NULL,NULL,'3.5.0',NULL,NULL,NULL,NULL,'SECURITY'),(58,'SPAGOBI.SECURITY.ROLE-TYPE-PATTERNS.MODEL_ADMIN-PATTERN','MODEL ADMIN PATTERN','MODEL ADMIN PATTERN',1,'/spagobi/modeladmin',30,'server',NULL,NULL,'2012-07-31 12:46:55',NULL,NULL,'3.5.0',NULL,NULL,NULL,NULL,'SECURITY'),(59,'SPAGOBI.SECURITY.ROLE-TYPE-PATTERNS.ADMIN-PATTERN','ADMIN -PATTERN','ADMIN -PATTERN',1,'/spagobi/admin',30,'server',NULL,NULL,'2012-07-31 12:46:55',NULL,NULL,'3.5.0',NULL,NULL,NULL,NULL,'SECURITY'),(60,'CAS_SSO.VALIDATE-USER.URL','CAS VALIDATE USER URL','CAS VALIDATE USER URL',1,'https://athos.engilab.ewebpd.eng.it:1447/cas',30,'server',NULL,NULL,'2012-07-31 12:46:55',NULL,NULL,'3.5.0',NULL,NULL,NULL,NULL,'SECURITY'),(61,'CAS_SSO.VALIDATE-USER.SERVICE','CAS VALIDATE USER SERVICE','CAS VALIDATE USER SERVICE',1,'http://localhost:58080/SpagoBI/proxyCallback',30,'server',NULL,NULL,'2012-07-31 12:46:55',NULL,NULL,'3.5.0',NULL,NULL,NULL,NULL,'SECURITY'),(62,'SPAGOBI.PORTLET_EDIT_MODE_ROLES.ROLE.name','PORTLET EDIT MODE ROLES','PORTLET EDIT MODE ROLES',1,'/spagobi/admin',30,'server',NULL,NULL,'2012-07-31 12:46:55',NULL,NULL,'3.5.0',NULL,NULL,NULL,NULL,'SECURITY'),(63,'SPAGOBI_SSO.ACTIVE','ACTIVE SSO FLAG','ACTIVE SSO FLAG',1,'false',30,'server',NULL,NULL,'2012-07-31 12:46:55',NULL,NULL,'3.5.0',NULL,NULL,NULL,NULL,'SECURITY'),(64,'SPAGOBI_SSO.PASS','PASS String','Some proxy element use this string to do some security check',1,'PASS',30,'server',NULL,NULL,'2012-07-31 12:46:55',NULL,NULL,'3.5.0',NULL,NULL,NULL,NULL,'SECURITY'),(65,'SPAGOBI_SSO.SECURITY_LOGOUT_URL','SECURITY LOGOUT URL','',1,'https://athos.engilab.ewebpd.eng.it:1447/cas/logout',30,'server',NULL,NULL,'2012-07-31 12:46:55',NULL,NULL,'3.5.0',NULL,NULL,NULL,NULL,'SECURITY'),(66,'SPAGOBI_SSO.INTEGRATION_CLASS_JNDI','SSO INTEGRATION CLASS JNDI','SSO INTEGRATION CLASS JNDI',1,'java://comp/env/spagobi_sso_class',30,'server',NULL,NULL,'2012-07-31 12:46:55',NULL,NULL,'3.5.0',NULL,NULL,NULL,NULL,'SECURITY'),(67,'SPAGOBI.DB-TIMESTAMP-FORMAT.format','DB TIMESTAMP FORMAT','DB TIMESTAMP FORMAT',1,'yyyy-MM-dd HH:mm:ss',30,'server',NULL,NULL,'2012-07-31 12:46:55',NULL,NULL,'3.5.0',NULL,NULL,NULL,NULL,'DATE-FORMAT'),(68,'SPAGOBI.DB_LOG.value','DB LOG','DB LOG',1,'false',30,'server',NULL,NULL,'2012-07-31 12:46:55',NULL,NULL,'3.5.0',NULL,NULL,NULL,NULL,'DATE-FORMAT'),(69,'SPAGOBI.THEMES.THEMES','THEMEs','All themes',1,'sbi_default',30,'server',NULL,NULL,'2012-07-31 12:46:55',NULL,NULL,'3.5.0',NULL,NULL,NULL,NULL,'THEMES'),(70,'SPAGOBI.THEMES.THEME.default','THEME default','THEME.default',1,'s4q_theme',30,'server',NULL,NULL,'2012-07-31 12:58:27',NULL,NULL,'3.5.0',NULL,NULL,NULL,NULL,'THEMES'),(71,'SPAGOBI.THEMES.THEME.sbi_default.view_name','THEME view_name','THEME.view_name',1,'default',30,'server',NULL,NULL,'2012-07-31 12:46:55',NULL,NULL,'3.5.0',NULL,NULL,NULL,NULL,'THEMES'),(72,'SPAGOBI.THEMES.THEME.sbi_default.ext_theme','THEME ext_theme','THEME.ext_theme',1,'xtheme-gray.css',30,'server',NULL,NULL,'2012-07-31 12:46:55',NULL,NULL,'3.5.0',NULL,NULL,NULL,NULL,'THEMES'),(73,'SPAGOBI.THEMES.THEME.sbi_default.name','default THEME name','THEME.default',1,'sbi_default',30,'server',NULL,NULL,'2012-07-31 12:46:55',NULL,NULL,'3.5.0',NULL,NULL,NULL,NULL,'THEMES'),(74,'SPAGOBI.LANGUAGE_SUPPORTED.LANGUAGES','LANGUAGES','All languages supported',1,'[it,IT],[en,US],[fr,FR],[es,ES]',30,'server',NULL,NULL,'2012-07-31 12:46:55',NULL,NULL,'3.5.0',NULL,NULL,NULL,NULL,'LANGUAGE_SUPPORTED'),(75,'SPAGOBI.LANGUAGE_SUPPORTED.LANGUAGE.default','default','default',1,'en,US',30,'server',NULL,NULL,'2012-07-31 12:46:55',NULL,NULL,'3.5.0',NULL,NULL,NULL,NULL,'LANGUAGE_SUPPORTED'),(76,'INDEX_INITIALIZATION.jndiResourcePath','INDEX_INITIALIZATION.jndiResourcePath','',1,'java://comp/env/spagobi_resource_path',30,'server',NULL,NULL,'2012-07-31 12:46:55',NULL,NULL,'3.5.0',NULL,NULL,NULL,NULL,'SEARCH_ENGINE'),(77,'INDEX_INITIALIZATION.name','INDEX_INITIALIZATION.jndiResourcePath','',1,'//idx',30,'server',NULL,NULL,'2012-07-31 12:46:55',NULL,NULL,'3.5.0',NULL,NULL,NULL,NULL,'SEARCH_ENGINE'),(78,'SCRIPT_LANGUAGE_DEFAULT','SCRIPT LANGUAGE DEFAULT','',1,'groovy',30,'server',NULL,NULL,'2012-07-31 12:46:55',NULL,NULL,'3.5.0',NULL,NULL,NULL,NULL,'SCRIPT_LANGUAGE'),(79,'SCRIPT_LANGUAGE.groovy.name','SCRIPT LANGUAGE.groovy.name','',1,'groovy',30,'server',NULL,NULL,'2012-07-31 12:46:55',NULL,NULL,'3.5.0',NULL,NULL,NULL,NULL,'SCRIPT_LANGUAGE'),(80,'SCRIPT_LANGUAGE.groovy.engineclass','SCRIPT LANGUAGE.groovy.engineclass','',1,'org.codehaus.groovy.bsf.GroovyEngine',30,'server',NULL,NULL,'2012-07-31 12:46:55',NULL,NULL,'3.5.0',NULL,NULL,NULL,NULL,'SCRIPT_LANGUAGE'),(81,'SCRIPT_LANGUAGE.groovy.shortidentifier','SCRIPT LANGUAGE.groovy.shortidentifier','',1,'gy',30,'server',NULL,NULL,'2012-07-31 12:46:55',NULL,NULL,'3.5.0',NULL,NULL,NULL,NULL,'SCRIPT_LANGUAGE'),(82,'SCRIPT_LANGUAGE.groovy.predefinedScriptFile','SCRIPT LANGUAGE.groovy.predefinedScriptFile','',1,'predefinedGroovyScript.groovy',30,'server',NULL,NULL,'2012-07-31 12:46:55',NULL,NULL,'3.5.0',NULL,NULL,NULL,NULL,'SCRIPT_LANGUAGE'),(83,'SCRIPT_LANGUAGE.groovy.identifier','SCRIPT LANGUAGE.groovy.identifier','',1,'groovy',30,'server',NULL,NULL,'2012-07-31 12:46:55',NULL,NULL,'3.5.0',NULL,NULL,NULL,NULL,'SCRIPT_LANGUAGE'),(84,'SCRIPT_LANGUAGE.javascript.name','SCRIPT LANGUAGE.groovy.name','',1,'javascript',30,'server',NULL,NULL,'2012-07-31 12:46:55',NULL,NULL,'3.5.0',NULL,NULL,NULL,NULL,'SCRIPT_LANGUAGE'),(85,'SCRIPT_LANGUAGE.javascript.shortidentifier','SCRIPT LANGUAGE.groovy.shortidentifier','',1,'js',30,'server',NULL,NULL,'2012-07-31 12:46:55',NULL,NULL,'3.5.0',NULL,NULL,NULL,NULL,'SCRIPT_LANGUAGE'),(86,'SCRIPT_LANGUAGE.javascript.predefinedScriptFile','SCRIPT LANGUAGE.groovy.predefinedScriptFile','',1,'predefinedJavascriptScript.js',30,'server',NULL,NULL,'2012-07-31 12:46:55',NULL,NULL,'3.5.0',NULL,NULL,NULL,NULL,'SCRIPT_LANGUAGE'),(87,'SCRIPT_LANGUAGE.javascript.identifier','SCRIPT LANGUAGE.groovy.identifier','',1,'javascript',30,'server',NULL,NULL,'2012-07-31 12:46:55',NULL,NULL,'3.5.0',NULL,NULL,NULL,NULL,'SCRIPT_LANGUAGE'),(88,'MAIL.PROFILES.scheduler.smtphost','Scheduler Smtp Host','',1,'mail.eng.it',30,'server',NULL,NULL,'2012-07-31 12:46:55',NULL,NULL,'3.5.0',NULL,NULL,NULL,NULL,'MAIL'),(89,'MAIL.PROFILES.scheduler.smtpport','Scheduler Smtp Port','',1,'110',30,'server',NULL,NULL,'2012-07-31 12:46:55',NULL,NULL,'3.5.0',NULL,NULL,NULL,NULL,'MAIL'),(90,'MAIL.PROFILES.scheduler.from','Scheduler From','',1,'spagobi@eng.it',30,'server',NULL,NULL,'2012-07-31 12:46:55',NULL,NULL,'3.5.0',NULL,NULL,NULL,NULL,'MAIL'),(91,'MAIL.PROFILES.scheduler.user','Scheduler User','',1,'',30,'server',NULL,NULL,'2012-07-31 12:46:55',NULL,NULL,'3.5.0',NULL,NULL,NULL,NULL,'MAIL'),(92,'MAIL.PROFILES.scheduler.password','Scheduler Password','',1,'',30,'server',NULL,NULL,'2012-07-31 12:46:55',NULL,NULL,'3.5.0',NULL,NULL,NULL,NULL,'MAIL'),(93,'MAIL.PROFILES.user.smtphost','Scheduler Smtp Host','',1,'mail.eng.it',30,'server',NULL,NULL,'2012-07-31 12:46:55',NULL,NULL,'3.5.0',NULL,NULL,NULL,NULL,'MAIL'),(94,'MAIL.PROFILES.user.smtpport','Scheduler Smtp Port','',1,'110',30,'server',NULL,NULL,'2012-07-31 12:46:55',NULL,NULL,'3.5.0',NULL,NULL,NULL,NULL,'MAIL'),(95,'MAIL.PROFILES.user.from','Scheduler From','',1,'spagobi@eng.it',30,'server',NULL,NULL,'2012-07-31 12:46:55',NULL,NULL,'3.5.0',NULL,NULL,NULL,NULL,'MAIL'),(96,'MAIL.PROFILES.user.user','Scheduler User','',1,'',30,'server',NULL,NULL,'2012-07-31 12:46:55',NULL,NULL,'3.5.0',NULL,NULL,NULL,NULL,'MAIL'),(97,'MAIL.PROFILES.user.password','Scheduler Password','',1,'',30,'server',NULL,NULL,'2012-07-31 12:46:55',NULL,NULL,'3.5.0',NULL,NULL,NULL,NULL,'MAIL'),(98,'MAIL.PROFILES.kpi_alarm.smtphost','Scheduler Smtp Host','',1,'mail.eng.it',30,'server',NULL,NULL,'2012-07-31 12:46:55',NULL,NULL,'3.5.0',NULL,NULL,NULL,NULL,'MAIL'),(99,'MAIL.PROFILES.kpi_alarm.smtpport','Scheduler Smtp Port','',1,'110',30,'server',NULL,NULL,'2012-07-31 12:46:55',NULL,NULL,'3.5.0',NULL,NULL,NULL,NULL,'MAIL'),(100,'MAIL.PROFILES.kpi_alarm.from','Scheduler From','',1,'spagobi@eng.it',30,'server',NULL,NULL,'2012-07-31 12:46:55',NULL,NULL,'3.5.0',NULL,NULL,NULL,NULL,'MAIL'),(101,'MAIL.PROFILES.kpi_alarm.user','Scheduler User','',1,'',30,'server',NULL,NULL,'2012-07-31 12:46:55',NULL,NULL,'3.5.0',NULL,NULL,NULL,NULL,'MAIL'),(102,'MAIL.PROFILES.kpi_alarm.password','Scheduler Password','',1,'',30,'server',NULL,NULL,'2012-07-31 12:46:55',NULL,NULL,'3.5.0',NULL,NULL,NULL,NULL,'MAIL'),(103,'DATA_SET_NULL_VALUE','DATA_SET_NULL_VALUE','Default value to replace null dataset values',1,'%',30,'server',NULL,NULL,'2012-07-31 12:46:55',NULL,NULL,'3.5.0',NULL,NULL,NULL,NULL,'MAIL'),(104,'JNDI_THREAD_MANAGER','JNDI_THREAD_MANAGER','Jndi to build work manager',1,'java:/comp/env/wm/SpagoWorkManager',30,'server',NULL,NULL,'2012-07-31 12:46:55',NULL,NULL,'3.5.0',NULL,NULL,NULL,NULL,'GENERIC_CONFIGURATION'),(105,'SPAGOBI.THEMES.THEME.s4q_theme.view_name','THEME view_name','THEME.view_name',1,'default',30,'server',NULL,NULL,'2012-07-31 12:58:27',NULL,NULL,'3.0.0',NULL,NULL,NULL,NULL,'THEMES'),(106,'SPAGOBI.THEMES.THEME.s4q_theme.ext_theme','THEME ext_theme','THEME ext_theme',1,'xtheme-gray.css',30,'server',NULL,NULL,'2012-07-31 12:58:27',NULL,NULL,'3.0.0',NULL,NULL,NULL,NULL,'THEMES');
/*!40000 ALTER TABLE `SBI_CONFIG` ENABLE KEYS */;
UNLOCK TABLES;

--
-- Table structure for table `SBI_DATA_SET`
--

DROP TABLE IF EXISTS `SBI_DATA_SET`;
/*!40101 SET @saved_cs_client     = @@character_set_client */;
/*!40101 SET character_set_client = utf8 */;
CREATE TABLE `SBI_DATA_SET` (
  `DS_ID` int(11) NOT NULL,
  `DESCR` varchar(160) DEFAULT NULL,
  `LABEL` varchar(50) NOT NULL,
  `NAME` varchar(50) NOT NULL,
  `USER_IN` varchar(100) NOT NULL,
  `USER_UP` varchar(100) DEFAULT NULL,
  `USER_DE` varchar(100) DEFAULT NULL,
  `TIME_IN` timestamp NOT NULL DEFAULT CURRENT_TIMESTAMP ON UPDATE CURRENT_TIMESTAMP,
  `TIME_UP` timestamp NULL DEFAULT NULL,
  `TIME_DE` timestamp NULL DEFAULT NULL,
  `SBI_VERSION_IN` varchar(10) DEFAULT NULL,
  `SBI_VERSION_UP` varchar(10) DEFAULT NULL,
  `SBI_VERSION_DE` varchar(10) DEFAULT NULL,
  `META_VERSION` varchar(100) DEFAULT NULL,
  `ORGANIZATION` varchar(20) DEFAULT NULL,
  PRIMARY KEY (`DS_ID`),
  UNIQUE KEY `XAK1SBI_DATA_SET` (`LABEL`,`ORGANIZATION`)
) ENGINE=InnoDB DEFAULT CHARSET=latin1;
/*!40101 SET character_set_client = @saved_cs_client */;

--
-- Dumping data for table `SBI_DATA_SET`
--

LOCK TABLES `SBI_DATA_SET` WRITE;
/*!40000 ALTER TABLE `SBI_DATA_SET` DISABLE KEYS */;
/*!40000 ALTER TABLE `SBI_DATA_SET` ENABLE KEYS */;
UNLOCK TABLES;

--
-- Table structure for table `SBI_DATA_SET_HISTORY`
--

DROP TABLE IF EXISTS `SBI_DATA_SET_HISTORY`;
/*!40101 SET @saved_cs_client     = @@character_set_client */;
/*!40101 SET character_set_client = utf8 */;
CREATE TABLE `SBI_DATA_SET_HISTORY` (
  `DS_H_ID` int(11) NOT NULL,
  `DS_ID` int(11) NOT NULL,
  `ACTIVE` tinyint(1) NOT NULL,
  `VERSION_NUM` int(11) NOT NULL,
  `OBJECT_TYPE` varchar(50) DEFAULT NULL,
  `DS_METADATA` text,
  `PARAMS` varchar(4000) DEFAULT NULL,
  `CATEGORY_ID` int(11) DEFAULT NULL,
  `FILE_NAME` varchar(300) DEFAULT NULL,
  `QUERY` text,
  `QUERY_SCRIPT` text,
  `QUERY_SCRIPT_LANGUAGE` varchar(100) DEFAULT NULL,
  `DATA_SOURCE_ID` int(11) DEFAULT NULL,
  `ADRESS` varchar(250) DEFAULT NULL,
  `OPERATION` varchar(50) DEFAULT NULL,
  `JCLASS_NAME` varchar(100) DEFAULT NULL,
  `LANGUAGE_SCRIPT` varchar(50) DEFAULT NULL,
  `SCRIPT` text,
  `JSON_QUERY` text,
  `DATAMARTS` varchar(400) DEFAULT NULL,
  `CUSTOM_DATA` text,
  `TRANSFORMER_ID` int(11) DEFAULT NULL,
  `PIVOT_COLUMN` varchar(50) DEFAULT NULL,
  `PIVOT_ROW` varchar(50) DEFAULT NULL,
  `PIVOT_VALUE` varchar(50) DEFAULT NULL,
  `NUM_ROWS` tinyint(1) DEFAULT '0',
  `USER_IN` varchar(100) NOT NULL,
  `TIME_IN` timestamp NOT NULL DEFAULT CURRENT_TIMESTAMP ON UPDATE CURRENT_TIMESTAMP,
  `SBI_VERSION_IN` varchar(10) DEFAULT NULL,
  `META_VERSION` varchar(100) DEFAULT NULL,
  `ORGANIZATION` varchar(20) DEFAULT NULL,
  PRIMARY KEY (`DS_H_ID`),
  KEY `FK_SBI_DATA_SET_T` (`TRANSFORMER_ID`),
  KEY `FK_SBI_DATA_SET_CAT` (`CATEGORY_ID`),
  KEY `FK_SBI_DATA_SET_DS` (`DATA_SOURCE_ID`),
  KEY `FK_SBI_DATA_SET_DS2` (`DS_ID`),
  CONSTRAINT `FK_SBI_DATA_SET_DS2` FOREIGN KEY (`DS_ID`) REFERENCES `SBI_DATA_SET` (`DS_ID`) ON DELETE CASCADE,
  CONSTRAINT `FK_SBI_DATA_SET_CAT` FOREIGN KEY (`CATEGORY_ID`) REFERENCES `SBI_DOMAINS` (`VALUE_ID`) ON DELETE CASCADE,
  CONSTRAINT `FK_SBI_DATA_SET_DS` FOREIGN KEY (`DATA_SOURCE_ID`) REFERENCES `SBI_DATA_SOURCE` (`DS_ID`) ON DELETE CASCADE,
  CONSTRAINT `FK_SBI_DATA_SET_T` FOREIGN KEY (`TRANSFORMER_ID`) REFERENCES `SBI_DOMAINS` (`VALUE_ID`) ON DELETE CASCADE
) ENGINE=InnoDB DEFAULT CHARSET=latin1;
/*!40101 SET character_set_client = @saved_cs_client */;

--
-- Dumping data for table `SBI_DATA_SET_HISTORY`
--

LOCK TABLES `SBI_DATA_SET_HISTORY` WRITE;
/*!40000 ALTER TABLE `SBI_DATA_SET_HISTORY` DISABLE KEYS */;
/*!40000 ALTER TABLE `SBI_DATA_SET_HISTORY` ENABLE KEYS */;
UNLOCK TABLES;

--
-- Table structure for table `SBI_DATA_SOURCE`
--

DROP TABLE IF EXISTS `SBI_DATA_SOURCE`;
/*!40101 SET @saved_cs_client     = @@character_set_client */;
/*!40101 SET character_set_client = utf8 */;
CREATE TABLE `SBI_DATA_SOURCE` (
  `DS_ID` int(11) NOT NULL,
  `DESCR` varchar(160) DEFAULT NULL,
  `LABEL` varchar(50) NOT NULL,
  `JNDI` varchar(50) DEFAULT NULL,
  `URL_CONNECTION` varchar(500) DEFAULT NULL,
  `USERNAME` varchar(50) DEFAULT NULL,
  `PWD` varchar(50) DEFAULT NULL,
  `DRIVER` varchar(160) DEFAULT NULL,
  `DIALECT_ID` int(11) NOT NULL,
  `MULTI_SCHEMA` tinyint(1) NOT NULL DEFAULT '0',
  `ATTR_SCHEMA` varchar(45) DEFAULT NULL,
  `USER_IN` varchar(100) NOT NULL,
  `USER_UP` varchar(100) DEFAULT NULL,
  `USER_DE` varchar(100) DEFAULT NULL,
  `TIME_IN` timestamp NOT NULL DEFAULT CURRENT_TIMESTAMP ON UPDATE CURRENT_TIMESTAMP,
  `TIME_UP` timestamp NOT NULL DEFAULT '0000-00-00 00:00:00',
  `TIME_DE` timestamp NOT NULL DEFAULT '0000-00-00 00:00:00',
  `SBI_VERSION_IN` varchar(10) DEFAULT NULL,
  `SBI_VERSION_UP` varchar(10) DEFAULT NULL,
  `SBI_VERSION_DE` varchar(10) DEFAULT NULL,
  `META_VERSION` varchar(100) DEFAULT NULL,
  `ORGANIZATION` varchar(20) DEFAULT NULL,
  PRIMARY KEY (`DS_ID`),
  UNIQUE KEY `XAK1SBI_DATA_SOURCE` (`LABEL`,`ORGANIZATION`),
  KEY `FK_SBI_DATA_SOURCE_1` (`DIALECT_ID`),
  CONSTRAINT `FK_SBI_DATA_SOURCE_1` FOREIGN KEY (`DIALECT_ID`) REFERENCES `SBI_DOMAINS` (`VALUE_ID`)
) ENGINE=InnoDB DEFAULT CHARSET=latin1;
/*!40101 SET character_set_client = @saved_cs_client */;

--
-- Dumping data for table `SBI_DATA_SOURCE`
--

LOCK TABLES `SBI_DATA_SOURCE` WRITE;
/*!40000 ALTER TABLE `SBI_DATA_SOURCE` DISABLE KEYS */;
INSERT INTO `SBI_DATA_SOURCE` VALUES (1,'SpagoBI','SpagoBI','java:comp/env/jdbc/spagobi',NULL,NULL,NULL,NULL,65,0,'','s4qadmin','s4qadmin',NULL,'2012-07-31 14:39:11','2012-07-31 14:39:16','2012-07-31 14:39:11','3.5.0','3.5.0',NULL,NULL,'SPAGOBI');
/*!40000 ALTER TABLE `SBI_DATA_SOURCE` ENABLE KEYS */;
UNLOCK TABLES;

--
-- Table structure for table `SBI_DIST_LIST`
--

DROP TABLE IF EXISTS `SBI_DIST_LIST`;
/*!40101 SET @saved_cs_client     = @@character_set_client */;
/*!40101 SET character_set_client = utf8 */;
CREATE TABLE `SBI_DIST_LIST` (
  `DL_ID` int(11) NOT NULL,
  `NAME` varchar(40) NOT NULL,
  `DESCR` varchar(160) DEFAULT NULL,
  `USER_IN` varchar(100) NOT NULL,
  `USER_UP` varchar(100) DEFAULT NULL,
  `USER_DE` varchar(100) DEFAULT NULL,
  `TIME_IN` timestamp NOT NULL DEFAULT CURRENT_TIMESTAMP ON UPDATE CURRENT_TIMESTAMP,
  `TIME_UP` timestamp NULL DEFAULT NULL,
  `TIME_DE` timestamp NULL DEFAULT NULL,
  `SBI_VERSION_IN` varchar(10) DEFAULT NULL,
  `SBI_VERSION_UP` varchar(10) DEFAULT NULL,
  `SBI_VERSION_DE` varchar(10) DEFAULT NULL,
  `META_VERSION` varchar(100) DEFAULT NULL,
  `ORGANIZATION` varchar(20) DEFAULT NULL,
  PRIMARY KEY (`DL_ID`),
  UNIQUE KEY `XAK1SBI_SBI_DIST_LIST` (`NAME`,`ORGANIZATION`)
) ENGINE=InnoDB DEFAULT CHARSET=latin1;
/*!40101 SET character_set_client = @saved_cs_client */;

--
-- Dumping data for table `SBI_DIST_LIST`
--

LOCK TABLES `SBI_DIST_LIST` WRITE;
/*!40000 ALTER TABLE `SBI_DIST_LIST` DISABLE KEYS */;
/*!40000 ALTER TABLE `SBI_DIST_LIST` ENABLE KEYS */;
UNLOCK TABLES;

--
-- Table structure for table `SBI_DIST_LIST_OBJECTS`
--

DROP TABLE IF EXISTS `SBI_DIST_LIST_OBJECTS`;
/*!40101 SET @saved_cs_client     = @@character_set_client */;
/*!40101 SET character_set_client = utf8 */;
CREATE TABLE `SBI_DIST_LIST_OBJECTS` (
  `REL_ID` int(11) NOT NULL,
  `DOC_ID` int(11) NOT NULL,
  `DL_ID` int(11) NOT NULL,
  `XML` varchar(5000) NOT NULL,
  `USER_IN` varchar(100) NOT NULL,
  `USER_UP` varchar(100) DEFAULT NULL,
  `USER_DE` varchar(100) DEFAULT NULL,
  `TIME_IN` timestamp NOT NULL DEFAULT CURRENT_TIMESTAMP ON UPDATE CURRENT_TIMESTAMP,
  `TIME_UP` timestamp NULL DEFAULT NULL,
  `TIME_DE` timestamp NULL DEFAULT NULL,
  `SBI_VERSION_IN` varchar(10) DEFAULT NULL,
  `SBI_VERSION_UP` varchar(10) DEFAULT NULL,
  `SBI_VERSION_DE` varchar(10) DEFAULT NULL,
  `META_VERSION` varchar(100) DEFAULT NULL,
  `ORGANIZATION` varchar(20) DEFAULT NULL,
  PRIMARY KEY (`REL_ID`),
  KEY `FK_SBI_DIST_LIST_OBJECTS_1` (`DOC_ID`),
  KEY `FK_SBI_DIST_LIST_OBJECTS_2` (`DL_ID`),
  CONSTRAINT `FK_SBI_DIST_LIST_OBJECTS_2` FOREIGN KEY (`DL_ID`) REFERENCES `SBI_DIST_LIST` (`DL_ID`) ON DELETE CASCADE,
  CONSTRAINT `FK_SBI_DIST_LIST_OBJECTS_1` FOREIGN KEY (`DOC_ID`) REFERENCES `SBI_OBJECTS` (`BIOBJ_ID`) ON DELETE CASCADE
) ENGINE=InnoDB DEFAULT CHARSET=latin1;
/*!40101 SET character_set_client = @saved_cs_client */;

--
-- Dumping data for table `SBI_DIST_LIST_OBJECTS`
--

LOCK TABLES `SBI_DIST_LIST_OBJECTS` WRITE;
/*!40000 ALTER TABLE `SBI_DIST_LIST_OBJECTS` DISABLE KEYS */;
/*!40000 ALTER TABLE `SBI_DIST_LIST_OBJECTS` ENABLE KEYS */;
UNLOCK TABLES;

--
-- Table structure for table `SBI_DIST_LIST_USER`
--

DROP TABLE IF EXISTS `SBI_DIST_LIST_USER`;
/*!40101 SET @saved_cs_client     = @@character_set_client */;
/*!40101 SET character_set_client = utf8 */;
CREATE TABLE `SBI_DIST_LIST_USER` (
  `DLU_ID` int(11) NOT NULL,
  `LIST_ID` int(11) NOT NULL,
  `USER_ID` varchar(40) NOT NULL,
  `E_MAIL` varchar(70) NOT NULL,
  `USER_IN` varchar(100) NOT NULL,
  `USER_UP` varchar(100) DEFAULT NULL,
  `USER_DE` varchar(100) DEFAULT NULL,
  `TIME_IN` timestamp NOT NULL DEFAULT CURRENT_TIMESTAMP ON UPDATE CURRENT_TIMESTAMP,
  `TIME_UP` timestamp NULL DEFAULT NULL,
  `TIME_DE` timestamp NULL DEFAULT NULL,
  `SBI_VERSION_IN` varchar(10) DEFAULT NULL,
  `SBI_VERSION_UP` varchar(10) DEFAULT NULL,
  `SBI_VERSION_DE` varchar(10) DEFAULT NULL,
  `META_VERSION` varchar(100) DEFAULT NULL,
  `ORGANIZATION` varchar(20) DEFAULT NULL,
  PRIMARY KEY (`DLU_ID`),
  UNIQUE KEY `XAK1SBI_DL_USER` (`LIST_ID`,`USER_ID`),
  CONSTRAINT `FK_SBI_DIST_LIST_USER_1` FOREIGN KEY (`LIST_ID`) REFERENCES `SBI_DIST_LIST` (`DL_ID`) ON DELETE CASCADE
) ENGINE=InnoDB DEFAULT CHARSET=latin1;
/*!40101 SET character_set_client = @saved_cs_client */;

--
-- Dumping data for table `SBI_DIST_LIST_USER`
--

LOCK TABLES `SBI_DIST_LIST_USER` WRITE;
/*!40000 ALTER TABLE `SBI_DIST_LIST_USER` DISABLE KEYS */;
/*!40000 ALTER TABLE `SBI_DIST_LIST_USER` ENABLE KEYS */;
UNLOCK TABLES;

--
-- Table structure for table `SBI_DOMAINS`
--

DROP TABLE IF EXISTS `SBI_DOMAINS`;
/*!40101 SET @saved_cs_client     = @@character_set_client */;
/*!40101 SET character_set_client = utf8 */;
CREATE TABLE `SBI_DOMAINS` (
  `VALUE_ID` int(11) NOT NULL,
  `VALUE_CD` varchar(100) DEFAULT NULL,
  `VALUE_NM` varchar(40) DEFAULT NULL,
  `DOMAIN_CD` varchar(20) DEFAULT NULL,
  `DOMAIN_NM` varchar(40) DEFAULT NULL,
  `VALUE_DS` varchar(160) DEFAULT NULL,
  `USER_IN` varchar(100) NOT NULL,
  `USER_UP` varchar(100) DEFAULT NULL,
  `USER_DE` varchar(100) DEFAULT NULL,
  `TIME_IN` timestamp NOT NULL DEFAULT CURRENT_TIMESTAMP ON UPDATE CURRENT_TIMESTAMP,
  `TIME_UP` timestamp NULL DEFAULT NULL,
  `TIME_DE` timestamp NULL DEFAULT NULL,
  `SBI_VERSION_IN` varchar(10) DEFAULT NULL,
  `SBI_VERSION_UP` varchar(10) DEFAULT NULL,
  `SBI_VERSION_DE` varchar(10) DEFAULT NULL,
  `META_VERSION` varchar(100) DEFAULT NULL,
  `ORGANIZATION` varchar(20) DEFAULT NULL,
  PRIMARY KEY (`VALUE_ID`),
  UNIQUE KEY `XAK1SBI_DOMAINS` (`VALUE_CD`,`DOMAIN_CD`)
) ENGINE=InnoDB DEFAULT CHARSET=latin1;
/*!40101 SET character_set_client = @saved_cs_client */;

--
-- Dumping data for table `SBI_DOMAINS`
--

LOCK TABLES `SBI_DOMAINS` WRITE;
/*!40000 ALTER TABLE `SBI_DOMAINS` DISABLE KEYS */;
INSERT INTO `SBI_DOMAINS` VALUES (1,'QUERY','sbidomains.nm.query','INPUT_TYPE','Input mode and values','sbidomains.ds.query','server',NULL,NULL,'2012-07-31 12:46:45',NULL,NULL,'3.5.0',NULL,NULL,NULL,NULL),(2,'SCRIPT','sbidomains.nm.script','INPUT_TYPE','Input mode and values','sbidomains.ds.script','server',NULL,NULL,'2012-07-31 12:46:45',NULL,NULL,'3.5.0',NULL,NULL,NULL,NULL),(3,'FIX_LOV','sbidomains.nm.fix_lov','INPUT_TYPE','Input mode and values','sbidomains.ds.fix_lov','server',NULL,NULL,'2012-07-31 12:46:46',NULL,NULL,'3.5.0',NULL,NULL,NULL,NULL),(4,'JAVA_CLASS','sbidomains.nm.java_class','INPUT_TYPE','Input mode and values','sbidomains.ds.java_class','server',NULL,NULL,'2012-07-31 12:46:46',NULL,NULL,'3.5.0',NULL,NULL,NULL,NULL),(5,'DATASET','sbidomains.nm.dataset','INPUT_TYPE','Input mode and values','sbidomains.ds.dataset','server',NULL,NULL,'2012-07-31 12:46:46',NULL,NULL,'3.5.0',NULL,NULL,NULL,NULL),(6,'REPORT','sbidomains.nm.report','BIOBJ_TYPE','BI Object types','sbidomains.ds.report','server',NULL,NULL,'2012-07-31 12:46:46',NULL,NULL,'3.5.0',NULL,NULL,NULL,NULL),(7,'OLAP','sbidomains.nm.olap','BIOBJ_TYPE','BI Object types','sbidomains.ds.olap','server',NULL,NULL,'2012-07-31 12:46:46',NULL,NULL,'3.5.0',NULL,NULL,NULL,NULL),(8,'DATA_MINING','sbidomains.nm.data_mining','BIOBJ_TYPE','BI Object types','sbidomains.ds.data_mining','server',NULL,NULL,'2012-07-31 12:46:46',NULL,NULL,'3.5.0',NULL,NULL,NULL,NULL),(9,'DASH','sbidomains.nm.dash','BIOBJ_TYPE','BI Object types','sbidomains.ds.dash','server',NULL,NULL,'2012-07-31 12:46:46',NULL,NULL,'3.5.0',NULL,NULL,NULL,NULL),(10,'DATAMART','sbidomains.nm.datamart','BIOBJ_TYPE','BI Object types','sbidomains.ds.datamart','server',NULL,NULL,'2012-07-31 12:46:46',NULL,NULL,'3.5.0',NULL,NULL,NULL,NULL),(11,'MAP','sbidomains.nm.map','BIOBJ_TYPE','BI Object types','sbidomains.ds.map','server',NULL,NULL,'2012-07-31 12:46:46',NULL,NULL,'3.5.0',NULL,NULL,NULL,NULL),(12,'DOSSIER','sbidomains.nm.dossier','BIOBJ_TYPE','BI Object types','sbidomains.ds.dossier','server',NULL,NULL,'2012-07-31 12:46:46',NULL,NULL,'3.5.0',NULL,NULL,NULL,NULL),(13,'OFFICE_DOC','sbidomains.nm.office_doc','BIOBJ_TYPE','BI Object types','sbidomains.ds.office_doc','server',NULL,NULL,'2012-07-31 12:46:46',NULL,NULL,'3.5.0',NULL,NULL,NULL,NULL),(14,'ETL','sbidomains.nm.etl','BIOBJ_TYPE','BI Object types','sbidomains.ds.etl','server',NULL,NULL,'2012-07-31 12:46:46',NULL,NULL,'3.5.0',NULL,NULL,NULL,NULL),(15,'DOCUMENT_COMPOSITE','sbidomains.nm.document_composite','BIOBJ_TYPE','BI Object types','sbidomains.ds.document_composite','server',NULL,NULL,'2012-07-31 12:46:46',NULL,NULL,'3.5.0',NULL,NULL,NULL,NULL),(16,'KPI','Kpi','BIOBJ_TYPE','BI Object types','Kpi business indicator','server',NULL,NULL,'2012-07-31 12:46:46',NULL,NULL,'3.5.0',NULL,NULL,NULL,NULL),(17,'SMART_FILTER','sbidomains.nm.smart_filter','BIOBJ_TYPE','BI Object types','sbidomains.ds.smart_filter','server',NULL,NULL,'2012-07-31 12:46:46',NULL,NULL,'3.5.0',NULL,NULL,NULL,NULL),(18,'CONSOLE','Console','BIOBJ_TYPE','BI Object types','sbidomains.ds.console','server',NULL,NULL,'2012-07-31 12:46:46',NULL,NULL,'3.5.0',NULL,NULL,NULL,NULL),(19,'WORKSHEET','sbidomains.nm.worksheet','BIOBJ_TYPE','BI Object types','sbidomains.ds.worksheet','server',NULL,NULL,'2012-07-31 12:46:46',NULL,NULL,'3.5.0',NULL,NULL,NULL,NULL),(20,'CHART','sbidomains.nm.chart','BIOBJ_TYPE','BI Object types','sbidomains.ds.chart','server',NULL,NULL,'2012-07-31 12:46:46',NULL,NULL,'3.5.0',NULL,NULL,NULL,NULL),(21,'MOBILE_REPORT','sbidomains.nm.mobile.report','BIOBJ_TYPE','BI Object types','sbidomains.ds.mobile.report','server',NULL,NULL,'2012-07-31 12:46:46',NULL,NULL,'3.5.0',NULL,NULL,NULL,NULL),(22,'MOBILE_CHART','sbidomains.nm.mobile.chart','BIOBJ_TYPE','BI Object types','sbidomains.ds.mobile.chart','server',NULL,NULL,'2012-07-31 12:46:46',NULL,NULL,'3.5.0',NULL,NULL,NULL,NULL),(23,'MOBILE_COCKPIT','sbidomains.nm.mobile.cockpit','BIOBJ_TYPE','BI Object types','sbidomains.ds.mobile.cockpit','server',NULL,NULL,'2012-07-31 12:46:46',NULL,NULL,'3.5.0',NULL,NULL,NULL,NULL),(24,'BOOL','sbidomains.nm.bool','VALUE_TYPE','Input value types to check','sbidomains.ds.bool','server',NULL,NULL,'2012-07-31 12:46:46',NULL,NULL,'3.5.0',NULL,NULL,NULL,NULL),(25,'SINGLE','sbidomains.nm.single','VALUE_TYPE','Input value types to check','sbidomains.ds.single','server',NULL,NULL,'2012-07-31 12:46:47',NULL,NULL,'3.5.0',NULL,NULL,NULL,NULL),(26,'MULTI','sbidomains.nm.multi','VALUE_TYPE','Input value types to check','sbidomains.ds.multi','server',NULL,NULL,'2012-07-31 12:46:47',NULL,NULL,'3.5.0',NULL,NULL,NULL,NULL),(27,'DATE','sbidomains.nm.date','PAR_TYPE','Parameter type','sbidomains.ds.date','server',NULL,NULL,'2012-07-31 12:46:47',NULL,NULL,'3.5.0',NULL,NULL,NULL,NULL),(29,'NUM','sbidomains.nm.num','PAR_TYPE','Parameter type','sbidomains.ds.num','server',NULL,NULL,'2012-07-31 12:46:47',NULL,NULL,'3.5.0',NULL,NULL,NULL,NULL),(30,'STRING','sbidomains.nm.string','PAR_TYPE','Parameter type','sbidomains.ds.string','server',NULL,NULL,'2012-07-31 12:46:47',NULL,NULL,'3.5.0',NULL,NULL,NULL,NULL),(31,'USER','sbidomains.nm.user','ROLE_TYPE','Role type','sbidomains.ds.user','server',NULL,NULL,'2012-07-31 12:46:47',NULL,NULL,'3.5.0',NULL,NULL,NULL,NULL),(32,'ADMIN','sbidomains.nm.admin','ROLE_TYPE','Role type','sbidomains.ds.admin','server',NULL,NULL,'2012-07-31 12:46:47',NULL,NULL,'3.5.0',NULL,NULL,NULL,NULL),(33,'DEV_ROLE','sbidomains.nm.dev_role','ROLE_TYPE','Role type','sbidomains.ds.dev_role','server',NULL,NULL,'2012-07-31 12:46:47',NULL,NULL,'3.5.0',NULL,NULL,NULL,NULL),(34,'TEST_ROLE','sbidomains.nm.test_role','ROLE_TYPE','Role type','sbidomains.ds.test_role','server',NULL,NULL,'2012-07-31 12:46:47',NULL,NULL,'3.5.0',NULL,NULL,NULL,NULL),(35,'MODEL_ADMIN','sbidomains.nm.model_admin','ROLE_TYPE','Role type','sbidomains.ds.model_admin','server',NULL,NULL,'2012-07-31 12:46:47',NULL,NULL,'3.5.0',NULL,NULL,NULL,NULL),(36,'SUSP','sbidomains.nm.susp','STATE','Object state','sbidomains.ds.susp','server',NULL,NULL,'2012-07-31 12:46:47',NULL,NULL,'3.5.0',NULL,NULL,NULL,NULL),(37,'LOW_FUNCT','sbidomains.nm.low_funct','FUNCT_TYPE','Functionality','sbidomains.ds.low_funct','server',NULL,NULL,'2012-07-31 12:46:47',NULL,NULL,'3.5.0',NULL,NULL,NULL,NULL),(38,'USER_FUNCT','sbidomains.nm.user_funct','FUNCT_TYPE','Functionality','sbidomains.ds.user_funct','server',NULL,NULL,'2012-07-31 12:46:47',NULL,NULL,'3.5.0',NULL,NULL,NULL,NULL),(39,'DEV','sbidomains.nm.dev','STATE','Object state','sbidomains.ds.dev','server',NULL,NULL,'2012-07-31 12:46:47',NULL,NULL,'3.5.0',NULL,NULL,NULL,NULL),(40,'TEST','sbidomains.nm.test','STATE','Object state','sbidomains.ds.test','server',NULL,NULL,'2012-07-31 12:46:47',NULL,NULL,'3.5.0',NULL,NULL,NULL,NULL),(41,'REL','sbidomains.nm.rel','STATE','Object state','sbidomains.ds.rel','server',NULL,NULL,'2012-07-31 12:46:47',NULL,NULL,'3.5.0',NULL,NULL,NULL,NULL),(42,'DATE','sbidomains.nm.date','CHECK','Check','sbidomains.ds.date','server',NULL,NULL,'2012-07-31 12:46:47',NULL,NULL,'3.5.0',NULL,NULL,NULL,NULL),(43,'REGEXP','sbidomains.nm.regexp','CHECK','Check','sbidomains.ds.regexp','server',NULL,NULL,'2012-07-31 12:46:48',NULL,NULL,'3.5.0',NULL,NULL,NULL,NULL),(44,'MAXLENGTH','sbidomains.nm.maxlength','CHECK','Check','sbidomains.ds.maxlength','server',NULL,NULL,'2012-07-31 12:46:48',NULL,NULL,'3.5.0',NULL,NULL,NULL,NULL),(45,'RANGE','sbidomains.nm.range','CHECK','Check','sbidomains.ds.range','server',NULL,NULL,'2012-07-31 12:46:48',NULL,NULL,'3.5.0',NULL,NULL,NULL,NULL),(46,'DECIMALS','sbidomains.nm.decimals','CHECK','Check','sbidomains.ds.decimals','server',NULL,NULL,'2012-07-31 12:46:48',NULL,NULL,'3.5.0',NULL,NULL,NULL,NULL),(47,'MINLENGTH','sbidomains.nm.minlength','CHECK','Check','sbidomains.ds.minlength','server',NULL,NULL,'2012-07-31 12:46:48',NULL,NULL,'3.5.0',NULL,NULL,NULL,NULL),(48,'INTERNET ADDRESS','sbidomains.nm.internet_address','PRED_CHECK','Pred Check','sbidomains.ds.internet_address','server',NULL,NULL,'2012-07-31 12:46:48',NULL,NULL,'3.5.0',NULL,NULL,NULL,NULL),(49,'NUMERIC','sbidomains.nm.numeric','PRED_CHECK','Pred Check','sbidomains.ds.numeric','server',NULL,NULL,'2012-07-31 12:46:48',NULL,NULL,'3.5.0',NULL,NULL,NULL,NULL),(50,'ALFANUMERIC','sbidomains.nm.alfanumeric','PRED_CHECK','Pred Check','sbidomains.ds.alfanumeric','server',NULL,NULL,'2012-07-31 12:46:48',NULL,NULL,'3.5.0',NULL,NULL,NULL,NULL),(51,'LETTERSTRING','sbidomains.nm.letterstring','PRED_CHECK','Pred Check','sbidomains.ds.letterstring','server',NULL,NULL,'2012-07-31 12:46:48',NULL,NULL,'3.5.0',NULL,NULL,NULL,NULL),(52,'MANDATORY','sbidomains.nm.mandatory','PRED_CHECK','Pred Check','sbidomains.ds.mandatory','server',NULL,NULL,'2012-07-31 12:46:48',NULL,NULL,'3.5.0',NULL,NULL,NULL,NULL),(53,'FISCALCODE','sbidomains.nm.fiscalcode','PRED_CHECK','Pred Check','sbidomains.ds.fiscalcode','server',NULL,NULL,'2012-07-31 12:46:48',NULL,NULL,'3.5.0',NULL,NULL,NULL,NULL),(54,'EMAIL','sbidomains.nm.email','PRED_CHECK','Pred Check','sbidomains.ds.email','server',NULL,NULL,'2012-07-31 12:46:48',NULL,NULL,'3.5.0',NULL,NULL,NULL,NULL),(55,'EXT','sbidomains.nm.ext','ENGINE_TYPE','Engine types','sbidomains.ds.ext','server',NULL,NULL,'2012-07-31 12:46:48',NULL,NULL,'3.5.0',NULL,NULL,NULL,NULL),(56,'INT','sbidomains.nm.int','ENGINE_TYPE','Engine types','sbidomains.ds.int','server',NULL,NULL,'2012-07-31 12:46:48',NULL,NULL,'3.5.0',NULL,NULL,NULL,NULL),(57,'LIST','sbidomains.nm.list','SELECTION_TYPE','Selection modality of parameter values','sbidomains.ds.list','server',NULL,NULL,'2012-07-31 12:46:48',NULL,NULL,'3.5.0',NULL,NULL,NULL,NULL),(58,'CHECK_LIST','sbidomains.nm.check_list','SELECTION_TYPE','Selection modality of parameter values','sbidomains.ds.check_list','server',NULL,NULL,'2012-07-31 12:46:48',NULL,NULL,'3.5.0',NULL,NULL,NULL,NULL),(59,'COMBOBOX','sbidomains.nm.combobox','SELECTION_TYPE','Selection modality of parameter values','sbidomains.ds.combobox','server',NULL,NULL,'2012-07-31 12:46:48',NULL,NULL,'3.5.0',NULL,NULL,NULL,NULL),(60,'-1','sbidomains.nm.default','DIALECT_HIB','Predefined hibernate dialect','sbidomains.ds.default','server',NULL,NULL,'2012-07-31 12:46:48',NULL,NULL,'3.5.0',NULL,NULL,NULL,NULL),(61,'org.hibernate.dialect.OracleDialect','sbidomains.nm.oracle','DIALECT_HIB','Predefined hibernate dialect','sbidomains.ds.oracle','server',NULL,NULL,'2012-07-31 12:46:48',NULL,NULL,'3.5.0',NULL,NULL,NULL,NULL),(62,'org.hibernate.dialect.Oracle9Dialect','sbidomains.nm.oracle_9i10g','DIALECT_HIB','Predefined hibernate dialect','sbidomains.ds.oracle_9i10g','server',NULL,NULL,'2012-07-31 12:46:48',NULL,NULL,'3.5.0',NULL,NULL,NULL,NULL),(63,'org.hibernate.dialect.SQLServerDialect','sbidomains.nm.sqlserver','DIALECT_HIB','Predefined hibernate dialect','sbidomains.ds.sqlserver','server',NULL,NULL,'2012-07-31 12:46:48',NULL,NULL,'3.5.0',NULL,NULL,NULL,NULL),(64,'org.hibernate.dialect.HSQLDialect','sbidomains.nm.hsql','DIALECT_HIB','Predefined hibernate dialect','sbidomains.ds.hsql','server',NULL,NULL,'2012-07-31 12:46:49',NULL,NULL,'3.5.0',NULL,NULL,NULL,NULL),(65,'org.hibernate.dialect.MySQLInnoDBDialect','sbidomains.nm.mysql','DIALECT_HIB','Predefined hibernate dialect','sbidomains.ds.mysql','server',NULL,NULL,'2012-07-31 12:46:49',NULL,NULL,'3.5.0',NULL,NULL,NULL,NULL),(66,'org.hibernate.dialect.PostgreSQLDialect','sbidomains.nm.postgresql','DIALECT_HIB','Predefined hibernate dialect','sbidomains.ds.postgresql','server',NULL,NULL,'2012-07-31 12:46:49',NULL,NULL,'3.5.0',NULL,NULL,NULL,NULL),(67,'org.hibernate.dialect.IngresDialect','sbidomains.nm.ingres','DIALECT_HIB','Predefined hibernate dialect','sbidomains.ds.ingres','server',NULL,NULL,'2012-07-31 12:46:49',NULL,NULL,'3.5.0',NULL,NULL,NULL,NULL),(68,'RANGE','sbidomains.nm.range','THRESHOLD_TYPE','Threshold Type','sbidomains.ds.range','server',NULL,NULL,'2012-07-31 12:46:49',NULL,NULL,'3.5.0',NULL,NULL,NULL,NULL),(69,'MINIMUM','sbidomains.nm.minimum','THRESHOLD_TYPE','Threshold Type','sbidomains.ds.minimum','server',NULL,NULL,'2012-07-31 12:46:49',NULL,NULL,'3.5.0',NULL,NULL,NULL,NULL),(70,'MAXIMUM','sbidomains.nm.maximum','THRESHOLD_TYPE','Threshold Type','sbidomains.ds.maximum','server',NULL,NULL,'2012-07-31 12:46:49',NULL,NULL,'3.5.0',NULL,NULL,NULL,NULL),(71,'URGENT','sbidomains.nm.Urgent','SEVERITY','Severity Level','sbidomains.ds.Urgent','server',NULL,NULL,'2012-07-31 12:46:49',NULL,NULL,'3.5.0',NULL,NULL,NULL,NULL),(72,'HIGH','sbidomains.nm.High','SEVERITY','Severity Level','sbidomains.ds.High','server',NULL,NULL,'2012-07-31 12:46:49',NULL,NULL,'3.5.0',NULL,NULL,NULL,NULL),(73,'MEDIUM','sbidomains.nm.Medium','SEVERITY','Severity Level','sbidomains.ds.Medium','server',NULL,NULL,'2012-07-31 12:46:49',NULL,NULL,'3.5.0',NULL,NULL,NULL,NULL),(74,'LOW','sbidomains.nm.Low','SEVERITY','Severity Level','sbidomains.ds.Low','server',NULL,NULL,'2012-07-31 12:46:49',NULL,NULL,'3.5.0',NULL,NULL,NULL,NULL),(75,'CSP','sbidomains.nm.CSP','RESOURCE','Resource type','sbidomains.ds.CSP','server',NULL,NULL,'2012-07-31 12:46:49',NULL,NULL,'3.5.0',NULL,NULL,NULL,NULL),(76,'PROCESS','sbidomains.nm.Process','RESOURCE','Resource type','sbidomains.ds.Process','server',NULL,NULL,'2012-07-31 12:46:49',NULL,NULL,'3.5.0',NULL,NULL,NULL,NULL),(77,'PROJECT','sbidomains.nm.Project','RESOURCE','Resource type','sbidomains.ds.Project','server',NULL,NULL,'2012-07-31 12:46:49',NULL,NULL,'3.5.0',NULL,NULL,NULL,NULL),(78,'SERVICE','sbidomains.nm.Service','RESOURCE','Resource type','sbidomains.ds.Service','server',NULL,NULL,'2012-07-31 12:46:49',NULL,NULL,'3.5.0',NULL,NULL,NULL,NULL),(79,'Meter','sbidomains.nm.Meter','KPI_CHART','Kpi Chart type','sbidomains.ds.Meter','server',NULL,NULL,'2012-07-31 12:46:49',NULL,NULL,'3.5.0',NULL,NULL,NULL,NULL),(80,'SimpleDial','sbidomains.nm.SimpleDial','KPI_CHART','Kpi Chart type','sbidomains.ds.SimpleDial','server',NULL,NULL,'2012-07-31 12:46:49',NULL,NULL,'3.5.0',NULL,NULL,NULL,NULL),(81,'Speedometer','sbidomains.nm.Speedometer','KPI_CHART','Kpi Chart type','sbidomains.ds.Speedometer','server',NULL,NULL,'2012-07-31 12:46:49',NULL,NULL,'3.5.0',NULL,NULL,NULL,NULL),(82,'Thermometer','sbidomains.nm.Thermometer','KPI_CHART','Kpi Chart type','sbidomains.ds.Thermometer','server',NULL,NULL,'2012-07-31 12:46:49',NULL,NULL,'3.5.0',NULL,NULL,NULL,NULL),(83,'BulletGraph','sbidomains.nm.BulletGraph','KPI_CHART','Kpi Chart type','sbidomains.ds.BulletGraph','server',NULL,NULL,'2012-07-31 12:46:49',NULL,NULL,'3.5.0',NULL,NULL,NULL,NULL),(84,'MAIL','sbidomains.nm.Mail','ALARM_MODALITY','Alarm Modality','sbidomains.ds.Mail','server',NULL,NULL,'2012-07-31 12:46:49',NULL,NULL,'3.5.0',NULL,NULL,NULL,NULL),(85,'SMS','sbidomains.nm.SMS','ALARM_MODALITY','Alarm Modality','sbidomains.ds.SMS','server',NULL,NULL,'2012-07-31 12:46:49',NULL,NULL,'3.5.0',NULL,NULL,NULL,NULL),(86,'GENERIC_ROOT','sbidomains.nm.Generic_root','MODEL_ROOT','Model root type','sbidomains.ds.Generic_root','server',NULL,NULL,'2012-07-31 12:46:49',NULL,NULL,'3.5.0',NULL,NULL,NULL,NULL),(87,'GENERIC_NODE','sbidomains.nm.Generic_Node','MODEL_NODE','Model node type','sbidomains.ds.Generic_Node','server',NULL,NULL,'2012-07-31 12:46:50',NULL,NULL,'3.5.0',NULL,NULL,NULL,NULL),(88,'PIVOT_TRANSFOMER','sbidomains.nm.pivot_transformer','TRANSFORMER_TYPE','Transformer types','sbidomains.ds.pivot_transformer','server',NULL,NULL,'2012-07-31 12:46:50',NULL,NULL,'3.5.0',NULL,NULL,NULL,NULL),(89,'PDF','PDF','EXPORT_TYPE','Exporters type','Export type','server',NULL,NULL,'2012-07-31 12:46:50',NULL,NULL,'3.5.0',NULL,NULL,NULL,NULL),(90,'XLS','XLS','EXPORT_TYPE','Exporters type','Export type','server',NULL,NULL,'2012-07-31 12:46:50',NULL,NULL,'3.5.0',NULL,NULL,NULL,NULL),(91,'CSV','CSV','EXPORT_TYPE','Exporters type','Export type','server',NULL,NULL,'2012-07-31 12:46:50',NULL,NULL,'3.5.0',NULL,NULL,NULL,NULL),(92,'XML','XML','EXPORT_TYPE','Exporters type','Export type','server',NULL,NULL,'2012-07-31 12:46:50',NULL,NULL,'3.5.0',NULL,NULL,NULL,NULL),(93,'TXT','TXT','EXPORT_TYPE','Exporters type','Export type','server',NULL,NULL,'2012-07-31 12:46:50',NULL,NULL,'3.5.0',NULL,NULL,NULL,NULL),(94,'JPG','JPG','EXPORT_TYPE','Exporters type','Export type','server',NULL,NULL,'2012-07-31 12:46:50',NULL,NULL,'3.5.0',NULL,NULL,NULL,NULL),(95,'PPT','PPT','EXPORT_TYPE','Exporters type','Export type','server',NULL,NULL,'2012-07-31 12:46:50',NULL,NULL,'3.5.0',NULL,NULL,NULL,NULL),(96,'RTF','RTF','EXPORT_TYPE','Exporters type','Export type','server',NULL,NULL,'2012-07-31 12:46:50',NULL,NULL,'3.5.0',NULL,NULL,NULL,NULL),(97,'JRXML','JRXML','EXPORT_TYPE','Exporters type','Export type','server',NULL,NULL,'2012-07-31 12:46:50',NULL,NULL,'3.5.0',NULL,NULL,NULL,NULL),(98,'XLSX','XLSX','EXPORT_TYPE','Exporters type','Export type','server',NULL,NULL,'2012-07-31 12:46:50',NULL,NULL,'3.5.0',NULL,NULL,NULL,NULL),(99,'Basic','Basic','KPI_TYPE','Kpi Type','','server',NULL,NULL,'2012-07-31 12:46:50',NULL,NULL,'3.5.0',NULL,NULL,NULL,NULL),(100,'Derived','Derived','KPI_TYPE','Kpi Type','','server',NULL,NULL,'2012-07-31 12:46:50',NULL,NULL,'3.5.0',NULL,NULL,NULL,NULL),(101,'Nominal scale','Nominal scale','METRIC_SCALE_TYPE','Metric Scale Type','','server',NULL,NULL,'2012-07-31 12:46:50',NULL,NULL,'3.5.0',NULL,NULL,NULL,NULL),(102,'Ordinal scale','Ordinal scale','METRIC_SCALE_TYPE','Metric Scale Type','','server',NULL,NULL,'2012-07-31 12:46:50',NULL,NULL,'3.5.0',NULL,NULL,NULL,NULL),(103,'Intervals scale','Intervals scale','METRIC_SCALE_TYPE','Metric Scale Type','','server',NULL,NULL,'2012-07-31 12:46:50',NULL,NULL,'3.5.0',NULL,NULL,NULL,NULL),(104,'Ratio scale','Ratio scale','METRIC_SCALE_TYPE','Metric Scale Type','','server',NULL,NULL,'2012-07-31 12:46:50',NULL,NULL,'3.5.0',NULL,NULL,NULL,NULL),(105,'Absolute scale','Absolute scale','METRIC_SCALE_TYPE','Metric Scale Type','','server',NULL,NULL,'2012-07-31 12:46:50',NULL,NULL,'3.5.0',NULL,NULL,NULL,NULL),(106,'Day scale','Day scale','METRIC_SCALE_TYPE','Metric Scale Type','','server',NULL,NULL,'2012-07-31 12:46:50',NULL,NULL,'3.5.0',NULL,NULL,NULL,NULL),(107,'COUNT','Count','MEASURE_TYPE','Measure Type','','server',NULL,NULL,'2012-07-31 12:46:50',NULL,NULL,'3.5.0',NULL,NULL,NULL,NULL),(108,'TIME','Time','MEASURE_TYPE','Measure Type','','server',NULL,NULL,'2012-07-31 12:46:51',NULL,NULL,'3.5.0',NULL,NULL,NULL,NULL),(109,'SIZE','Size','MEASURE_TYPE','Measure Type','','server',NULL,NULL,'2012-07-31 12:46:51',NULL,NULL,'3.5.0',NULL,NULL,NULL,NULL),(110,'org.hibernate.dialect.DB2400Dialect','sbidomains.nm.db2','DIALECT_HIB','Predefined hibernate dialect','sbidomains.ds.db2','server',NULL,NULL,'2012-07-31 12:46:51',NULL,NULL,'3.5.0',NULL,NULL,NULL,NULL),(111,'LONG_TEXT','LONG_TEXT','OBJMETA_DATA_TYPE','Predefined data type for metadata','Predefined data type LONG TEXT for metadata','server',NULL,NULL,'2012-07-31 12:46:51',NULL,NULL,'3.5.0',NULL,NULL,NULL,NULL),(112,'SHORT_TEXT','SHORT_TEXT','OBJMETA_DATA_TYPE','Predefined data type for metadata','Predefined data type SHORT TEXT for metadata','server',NULL,NULL,'2012-07-31 12:46:51',NULL,NULL,'3.5.0',NULL,NULL,NULL,NULL),(113,'ACCESSIBLE_HTML','Accessible Html','BIOBJ_TYPE','BI Object types','Accessible HTML','server',NULL,NULL,'2012-07-31 12:46:51',NULL,NULL,'3.5.0',NULL,NULL,NULL,NULL),(114,'Boolean','Udp Boolean Type','UDP_TYPE','Udp type','Predefined udp type','server',NULL,NULL,'2012-07-31 12:46:51',NULL,NULL,'3.5.0',NULL,NULL,NULL,NULL),(115,'Text','Udp Text Type','UDP_TYPE','Udp type','Predefined udp type','server',NULL,NULL,'2012-07-31 12:46:51',NULL,NULL,'3.5.0',NULL,NULL,NULL,NULL),(116,'Integer','Udp Integer Type','UDP_TYPE','Udp type','Predefined udp type','server',NULL,NULL,'2012-07-31 12:46:51',NULL,NULL,'3.5.0',NULL,NULL,NULL,NULL),(117,'Model','Model Family','UDP_FAMILY','Udp family','Predefined udp family','server',NULL,NULL,'2012-07-31 12:46:51',NULL,NULL,'3.5.0',NULL,NULL,NULL,NULL),(118,'Kpi','Kpi_Family','UDP_FAMILY','Udp famil','Predefined udp family','server',NULL,NULL,'2012-07-31 12:46:51',NULL,NULL,'3.5.0',NULL,NULL,NULL,NULL),(119,'groovy','Groovy','SCRIPT_TYPE','Script Type','Script Type','server',NULL,NULL,'2012-07-31 12:46:51',NULL,NULL,'3.5.0',NULL,NULL,NULL,NULL),(120,'ECMAScript','Javascript','SCRIPT_TYPE','Script Type','Script Type','server',NULL,NULL,'2012-07-31 12:46:51',NULL,NULL,'3.5.0',NULL,NULL,NULL,NULL),(121,'File','SbiFileDataSet','DATA_SET_TYPE','Data Set Type','SbiFileDataSet','server',NULL,NULL,'2012-07-31 12:46:51',NULL,NULL,'3.5.0',NULL,NULL,NULL,NULL),(122,'Query','SbiQueryDataSet','DATA_SET_TYPE','Data Set Type','SbiQueryDataSet','server',NULL,NULL,'2012-07-31 12:46:51',NULL,NULL,'3.5.0',NULL,NULL,NULL,NULL),(123,'Java Class','SbiJClassDataSet','DATA_SET_TYPE','Data Set Type','SbiJClassDataSet','server',NULL,NULL,'2012-07-31 12:46:51',NULL,NULL,'3.5.0',NULL,NULL,NULL,NULL),(124,'Web Service','SbiWSDataSet','DATA_SET_TYPE','Data Set Type','SbiWSDataSet','server',NULL,NULL,'2012-07-31 12:46:51',NULL,NULL,'3.5.0',NULL,NULL,NULL,NULL),(125,'Script','SbiScriptDataSet','DATA_SET_TYPE','Data Set Type','SbiScriptDataSet','server',NULL,NULL,'2012-07-31 12:46:51',NULL,NULL,'3.5.0',NULL,NULL,NULL,NULL),(126,'Qbe','SbiQbeDataSet','DATA_SET_TYPE','Data Set Type','SbiQbeDataSet','server',NULL,NULL,'2012-07-31 12:46:51',NULL,NULL,'3.5.0',NULL,NULL,NULL,NULL),(127,'Custom','SbiCustomDataSet','DATA_SET_TYPE','Data Set Type','SbiCustomDataSet','server',NULL,NULL,'2012-07-31 12:46:51',NULL,NULL,'3.5.0',NULL,NULL,NULL,NULL),(128,'Cat1','Cat1','CATEGORY_TYPE','Category Type','Cat1','server',NULL,NULL,'2012-07-31 12:46:52',NULL,NULL,'3.5.0',NULL,NULL,NULL,NULL),(129,'Cat2','Cat2','CATEGORY_TYPE','Category Type','Cat2','server',NULL,NULL,'2012-07-31 12:46:52',NULL,NULL,'3.5.0',NULL,NULL,NULL,NULL),(130,'DEVELOPMENT','sbidomains.permissiononfolder.nm.dev','PERMISSION_ON_FOLDER','Permission on folder','sbidomains.permissiononfolder.ds.dev','server',NULL,NULL,'2012-07-31 12:46:52',NULL,NULL,'3.5.0',NULL,NULL,NULL,NULL),(131,'TEST','sbidomains.permissiononfolder.nm.test','PERMISSION_ON_FOLDER','Permission on folder','sbidomains.permissiononfolder.ds.test','server',NULL,NULL,'2012-07-31 12:46:52',NULL,NULL,'3.5.0',NULL,NULL,NULL,NULL),(132,'EXECUTION','sbidomains.permissiononfolder.nm.execute','PERMISSION_ON_FOLDER','Permission on folder','sbidomains.permissiononfolder.ds.execute','server',NULL,NULL,'2012-07-31 12:46:52',NULL,NULL,'3.5.0',NULL,NULL,NULL,NULL),(133,'CREATION','sbidomains.permissiononfolder.nm.create','PERMISSION_ON_FOLDER','Permission on folder','sbidomains.permissiononfolder.ds.create','server',NULL,NULL,'2012-07-31 12:46:52',NULL,NULL,'3.5.0',NULL,NULL,NULL,NULL),(134,'ITA','Italian','LANG','Language ISO code','Italian','server',NULL,NULL,'2012-07-31 12:46:52',NULL,NULL,'3.5.0',NULL,NULL,NULL,NULL),(135,'SPA','Spanish','LANG','Language ISO code','Spanish','server',NULL,NULL,'2012-07-31 12:46:52',NULL,NULL,'3.5.0',NULL,NULL,NULL,NULL),(136,'ENG','English','LANG','Language ISO code','English','server',NULL,NULL,'2012-07-31 12:46:52',NULL,NULL,'3.5.0',NULL,NULL,NULL,NULL),(137,'FRA','French','LANG','Language ISO code','French','server',NULL,NULL,'2012-07-31 12:46:52',NULL,NULL,'3.5.0',NULL,NULL,NULL,NULL),(138,'S4QADMIN','sbidomains.nm.s4qadmin','ROLE_TYPE','Role type','sbidomains.ds.s4qadmin','server',NULL,NULL,'2012-07-31 12:58:27',NULL,NULL,NULL,NULL,NULL,NULL,NULL);
/*!40000 ALTER TABLE `SBI_DOMAINS` ENABLE KEYS */;
UNLOCK TABLES;

--
-- Table structure for table `SBI_DOSSIER_BIN_TEMP`
--

DROP TABLE IF EXISTS `SBI_DOSSIER_BIN_TEMP`;
/*!40101 SET @saved_cs_client     = @@character_set_client */;
/*!40101 SET character_set_client = utf8 */;
CREATE TABLE `SBI_DOSSIER_BIN_TEMP` (
  `BIN_ID` int(11) NOT NULL,
  `PART_ID` int(11) NOT NULL,
  `NAME` varchar(20) DEFAULT NULL,
  `BIN_CONTENT` mediumblob NOT NULL,
  `TYPE` varchar(20) NOT NULL,
  `CREATION_DATE` timestamp NOT NULL DEFAULT CURRENT_TIMESTAMP ON UPDATE CURRENT_TIMESTAMP,
  `USER_IN` varchar(100) NOT NULL,
  `USER_UP` varchar(100) DEFAULT NULL,
  `USER_DE` varchar(100) DEFAULT NULL,
  `TIME_IN` timestamp NOT NULL DEFAULT '0000-00-00 00:00:00',
  `TIME_UP` timestamp NULL DEFAULT NULL,
  `TIME_DE` timestamp NULL DEFAULT NULL,
  `SBI_VERSION_IN` varchar(10) DEFAULT NULL,
  `SBI_VERSION_UP` varchar(10) DEFAULT NULL,
  `SBI_VERSION_DE` varchar(10) DEFAULT NULL,
  `META_VERSION` varchar(100) DEFAULT NULL,
  `ORGANIZATION` varchar(20) DEFAULT NULL,
  PRIMARY KEY (`BIN_ID`),
  KEY `FK_SBI_DOSSIER_BIN_TEMP_1` (`PART_ID`),
  CONSTRAINT `FK_SBI_DOSSIER_BIN_TEMP_1` FOREIGN KEY (`PART_ID`) REFERENCES `SBI_DOSSIER_TEMP` (`PART_ID`) ON DELETE CASCADE
) ENGINE=InnoDB DEFAULT CHARSET=latin1;
/*!40101 SET character_set_client = @saved_cs_client */;

--
-- Dumping data for table `SBI_DOSSIER_BIN_TEMP`
--

LOCK TABLES `SBI_DOSSIER_BIN_TEMP` WRITE;
/*!40000 ALTER TABLE `SBI_DOSSIER_BIN_TEMP` DISABLE KEYS */;
/*!40000 ALTER TABLE `SBI_DOSSIER_BIN_TEMP` ENABLE KEYS */;
UNLOCK TABLES;

--
-- Table structure for table `SBI_DOSSIER_PRES`
--

DROP TABLE IF EXISTS `SBI_DOSSIER_PRES`;
/*!40101 SET @saved_cs_client     = @@character_set_client */;
/*!40101 SET character_set_client = utf8 */;
CREATE TABLE `SBI_DOSSIER_PRES` (
  `PRESENTATION_ID` int(11) NOT NULL,
  `WORKFLOW_PROCESS_ID` bigint(20) NOT NULL,
  `BIOBJ_ID` int(11) NOT NULL,
  `BIN_ID` int(11) NOT NULL,
  `NAME` varchar(40) NOT NULL,
  `PROG` int(11) DEFAULT NULL,
  `CREATION_DATE` timestamp NOT NULL DEFAULT CURRENT_TIMESTAMP ON UPDATE CURRENT_TIMESTAMP,
  `APPROVED` smallint(6) DEFAULT NULL,
  `USER_IN` varchar(100) NOT NULL,
  `USER_UP` varchar(100) DEFAULT NULL,
  `USER_DE` varchar(100) DEFAULT NULL,
  `TIME_IN` timestamp NOT NULL DEFAULT '0000-00-00 00:00:00',
  `TIME_UP` timestamp NULL DEFAULT NULL,
  `TIME_DE` timestamp NULL DEFAULT NULL,
  `SBI_VERSION_IN` varchar(10) DEFAULT NULL,
  `SBI_VERSION_UP` varchar(10) DEFAULT NULL,
  `SBI_VERSION_DE` varchar(10) DEFAULT NULL,
  `META_VERSION` varchar(100) DEFAULT NULL,
  `ORGANIZATION` varchar(20) DEFAULT NULL,
  PRIMARY KEY (`PRESENTATION_ID`),
  KEY `FK_SBI_DOSSIER_PRES_1` (`BIN_ID`),
  KEY `FK_SBI_DOSSIER_PRES_2` (`BIOBJ_ID`),
  CONSTRAINT `FK_SBI_DOSSIER_PRES_2` FOREIGN KEY (`BIOBJ_ID`) REFERENCES `SBI_OBJECTS` (`BIOBJ_ID`),
  CONSTRAINT `FK_SBI_DOSSIER_PRES_1` FOREIGN KEY (`BIN_ID`) REFERENCES `SBI_BINARY_CONTENTS` (`BIN_ID`)
) ENGINE=InnoDB DEFAULT CHARSET=latin1;
/*!40101 SET character_set_client = @saved_cs_client */;

--
-- Dumping data for table `SBI_DOSSIER_PRES`
--

LOCK TABLES `SBI_DOSSIER_PRES` WRITE;
/*!40000 ALTER TABLE `SBI_DOSSIER_PRES` DISABLE KEYS */;
/*!40000 ALTER TABLE `SBI_DOSSIER_PRES` ENABLE KEYS */;
UNLOCK TABLES;

--
-- Table structure for table `SBI_DOSSIER_TEMP`
--

DROP TABLE IF EXISTS `SBI_DOSSIER_TEMP`;
/*!40101 SET @saved_cs_client     = @@character_set_client */;
/*!40101 SET character_set_client = utf8 */;
CREATE TABLE `SBI_DOSSIER_TEMP` (
  `PART_ID` int(11) NOT NULL,
  `WORKFLOW_PROCESS_ID` bigint(20) NOT NULL,
  `BIOBJ_ID` int(11) NOT NULL,
  `PAGE_ID` int(11) NOT NULL,
  `USER_IN` varchar(100) NOT NULL,
  `USER_UP` varchar(100) DEFAULT NULL,
  `USER_DE` varchar(100) DEFAULT NULL,
  `TIME_IN` timestamp NOT NULL DEFAULT CURRENT_TIMESTAMP ON UPDATE CURRENT_TIMESTAMP,
  `TIME_UP` timestamp NULL DEFAULT NULL,
  `TIME_DE` timestamp NULL DEFAULT NULL,
  `SBI_VERSION_IN` varchar(10) DEFAULT NULL,
  `SBI_VERSION_UP` varchar(10) DEFAULT NULL,
  `SBI_VERSION_DE` varchar(10) DEFAULT NULL,
  `META_VERSION` varchar(100) DEFAULT NULL,
  `ORGANIZATION` varchar(20) DEFAULT NULL,
  PRIMARY KEY (`PART_ID`),
  KEY `FK_SBI_DOSSIER_TEMP_1` (`BIOBJ_ID`),
  CONSTRAINT `FK_SBI_DOSSIER_TEMP_1` FOREIGN KEY (`BIOBJ_ID`) REFERENCES `SBI_OBJECTS` (`BIOBJ_ID`)
) ENGINE=InnoDB DEFAULT CHARSET=latin1;
/*!40101 SET character_set_client = @saved_cs_client */;

--
-- Dumping data for table `SBI_DOSSIER_TEMP`
--

LOCK TABLES `SBI_DOSSIER_TEMP` WRITE;
/*!40000 ALTER TABLE `SBI_DOSSIER_TEMP` DISABLE KEYS */;
/*!40000 ALTER TABLE `SBI_DOSSIER_TEMP` ENABLE KEYS */;
UNLOCK TABLES;

--
-- Table structure for table `SBI_ENGINES`
--

DROP TABLE IF EXISTS `SBI_ENGINES`;
/*!40101 SET @saved_cs_client     = @@character_set_client */;
/*!40101 SET character_set_client = utf8 */;
CREATE TABLE `SBI_ENGINES` (
  `ENGINE_ID` int(11) NOT NULL,
  `ENCRYPT` smallint(6) DEFAULT NULL,
  `NAME` varchar(40) NOT NULL,
  `DESCR` varchar(160) DEFAULT NULL,
  `MAIN_URL` varchar(400) DEFAULT NULL,
  `SECN_URL` varchar(400) DEFAULT NULL,
  `OBJ_UPL_DIR` varchar(400) DEFAULT NULL,
  `OBJ_USE_DIR` varchar(400) DEFAULT NULL,
  `DRIVER_NM` varchar(400) DEFAULT NULL,
  `LABEL` varchar(40) NOT NULL,
  `ENGINE_TYPE` int(11) NOT NULL,
  `CLASS_NM` varchar(400) DEFAULT NULL,
  `BIOBJ_TYPE` int(11) NOT NULL,
  `DEFAULT_DS_ID` int(11) DEFAULT NULL,
  `USE_DATASET` tinyint(1) DEFAULT '0',
  `USE_DATASOURCE` tinyint(1) DEFAULT '0',
  `USER_IN` varchar(100) NOT NULL,
  `USER_UP` varchar(100) DEFAULT NULL,
  `USER_DE` varchar(100) DEFAULT NULL,
  `TIME_IN` timestamp NOT NULL DEFAULT CURRENT_TIMESTAMP ON UPDATE CURRENT_TIMESTAMP,
  `TIME_UP` timestamp NULL DEFAULT NULL,
  `TIME_DE` timestamp NULL DEFAULT NULL,
  `SBI_VERSION_IN` varchar(10) DEFAULT NULL,
  `SBI_VERSION_UP` varchar(10) DEFAULT NULL,
  `SBI_VERSION_DE` varchar(10) DEFAULT NULL,
  `META_VERSION` varchar(100) DEFAULT NULL,
  `ORGANIZATION` varchar(20) DEFAULT NULL,
  PRIMARY KEY (`ENGINE_ID`),
  UNIQUE KEY `XAK1SBI_ENGINES` (`LABEL`,`ORGANIZATION`),
  KEY `FK_SBI_ENGINES_1` (`BIOBJ_TYPE`),
  KEY `FK_SBI_ENGINES_2` (`ENGINE_TYPE`),
  KEY `FK_SBI_ENGINE_3` (`DEFAULT_DS_ID`),
  CONSTRAINT `FK_SBI_ENGINE_3` FOREIGN KEY (`DEFAULT_DS_ID`) REFERENCES `SBI_DATA_SOURCE` (`DS_ID`),
  CONSTRAINT `FK_SBI_ENGINES_1` FOREIGN KEY (`BIOBJ_TYPE`) REFERENCES `SBI_DOMAINS` (`VALUE_ID`),
  CONSTRAINT `FK_SBI_ENGINES_2` FOREIGN KEY (`ENGINE_TYPE`) REFERENCES `SBI_DOMAINS` (`VALUE_ID`)
) ENGINE=InnoDB DEFAULT CHARSET=latin1;
/*!40101 SET character_set_client = @saved_cs_client */;

--
-- Dumping data for table `SBI_ENGINES`
--

LOCK TABLES `SBI_ENGINES` WRITE;
/*!40000 ALTER TABLE `SBI_ENGINES` DISABLE KEYS */;
INSERT INTO `SBI_ENGINES` VALUES (1,0,'Dashboard Engine','Dashboard Engine','',NULL,NULL,NULL,'','SpagoBIDashboardEng',56,'it.eng.spagobi.engines.dashboard.SpagoBIDashboardInternalEngine',9,NULL,1,0,'server',NULL,NULL,'2012-07-31 12:58:55',NULL,NULL,'3.5.0',NULL,NULL,NULL,'SPAGOBI'),(2,0,'JFreeChart Engine','JFree Chart Engine','',NULL,NULL,NULL,'','SpagoBIJFreeChartEng',56,'it.eng.spagobi.engines.chart.SpagoBIChartInternalEngine',9,NULL,1,0,'server',NULL,NULL,'2012-07-31 12:58:55',NULL,NULL,'3.5.0',NULL,NULL,NULL,'SPAGOBI'),(3,0,'Dossier Engine','Dossier Engine','',NULL,NULL,NULL,'','SpagoBIDossierEngine',56,'it.eng.spagobi.engines.dossier.SpagoBIDossierInternalEngine',12,NULL,0,0,'server',NULL,NULL,'2012-07-31 12:58:55',NULL,NULL,'3.5.0',NULL,NULL,NULL,'SPAGOBI'),(4,0,'Office Document Engine','Office Document Engine','',NULL,NULL,NULL,'','SpagoBIOfficeEngine',56,'it.eng.spagobi.engines.officedocument.SpagoBIOfficeDocumentInternalEngine',13,NULL,0,0,'server',NULL,NULL,'2012-07-31 12:58:55',NULL,NULL,'3.5.0',NULL,NULL,NULL,'SPAGOBI'),(5,0,'Document Composition Engine','Document Composition Engine','',NULL,NULL,NULL,'','SpagoBICompositeDocE',56,'it.eng.spagobi.engines.documentcomposition.SpagoBIDocumentCompositionInternalEngine',15,NULL,0,0,'server',NULL,NULL,'2012-07-31 12:58:55',NULL,NULL,'3.5.0',NULL,NULL,NULL,'SPAGOBI'),(6,0,'Kpi Engine','Kpi Engine','',NULL,NULL,NULL,'','SpagoBIKpiEngine',56,'it.eng.spagobi.engines.kpi.SpagoBIKpiInternalEngine',16,NULL,0,0,'server',NULL,NULL,'2012-07-31 12:58:55',NULL,NULL,'3.5.0',NULL,NULL,NULL,'SPAGOBI'),(7,0,'Birt Report Engine','Birt Report Engine','/SpagoBIBirtReportEngine/BirtReportServlet',NULL,NULL,NULL,'it.eng.spagobi.engines.drivers.birt.BirtReportDriver','SpagoBIBirtReportEng',55,'',6,NULL,0,1,'server',NULL,NULL,'2012-07-31 12:58:55',NULL,NULL,'3.5.0',NULL,NULL,NULL,'SPAGOBI'),(8,0,'Geo Engine','Geo Engine','/SpagoBIGeoEngine/servlet/AdapterHTTP',NULL,NULL,NULL,'it.eng.spagobi.engines.drivers.geo.GeoDriver','SpagoBIGeoEngine',55,'',11,NULL,0,1,'server',NULL,NULL,'2012-07-31 12:58:55',NULL,NULL,'3.5.0',NULL,NULL,NULL,'SPAGOBI'),(9,0,'JPivot Engine','JPivot Mondrian Engine','/SpagoBIJPivotEngine/JPivotServlet',NULL,NULL,NULL,'it.eng.spagobi.engines.drivers.jpivot.JPivotDriver','SpagoBIJPivotEngine',55,'',7,NULL,0,1,'server',NULL,NULL,'2012-07-31 12:58:55',NULL,NULL,'3.5.0',NULL,NULL,NULL,'SPAGOBI'),(10,0,'Jasper Report Engine','Jasper Report Engine','/SpagoBIJasperReportEngine/JasperReportServlet',NULL,NULL,NULL,'it.eng.spagobi.engines.drivers.jasperreport.JasperReportDriver','SpagoBIJasperReportE',55,'',6,NULL,0,1,'server',NULL,NULL,'2012-07-31 12:58:55',NULL,NULL,'3.5.0',NULL,NULL,NULL,'SPAGOBI'),(11,0,'Qbe Engine','Qbe Engine','/SpagoBIQbeEngine/servlet/AdapterHTTP',NULL,NULL,NULL,'it.eng.spagobi.engines.drivers.qbe.QbeDriver','SpagoBIQbeEngine',55,'',10,NULL,0,1,'server',NULL,NULL,'2012-07-31 12:58:55',NULL,NULL,'3.5.0',NULL,NULL,NULL,'SPAGOBI'),(12,0,'Talend Engine','Talend Engine','/SpagoBITalendEngine/JobRunService',NULL,NULL,NULL,'it.eng.spagobi.engines.drivers.talend.TalendDriver','SpagoBITalendEngine',55,'',14,NULL,0,1,'server',NULL,NULL,'2012-07-31 12:58:55',NULL,NULL,'3.5.0',NULL,NULL,NULL,'SPAGOBI'),(13,0,'Weka Engine','Weka Engine','/SpagoBIWekaEngine/WekaServlet',NULL,NULL,NULL,'it.eng.spagobi.engines.drivers.weka.WekaDriver','SpagoBIWekaEngine',55,'',8,NULL,0,1,'server',NULL,NULL,'2012-07-31 12:58:56',NULL,NULL,'3.5.0',NULL,NULL,NULL,'SPAGOBI'),(14,0,'Accessible Report Engine','Accessible Report Engine','/SpagoBIAccessibilityEngine/servlet/AccessibilityServlet',NULL,NULL,NULL,'it.eng.spagobi.engines.drivers.accessibility.AccessibilityDriver','SpagoBIAccessibleRep',55,'',113,NULL,1,1,'server',NULL,NULL,'2012-07-31 12:58:56',NULL,NULL,'3.5.0',NULL,NULL,NULL,'SPAGOBI'),(15,0,'Process Engine','Process Engine','/SpagoBICommonJEngine/servlet/AdapterHTTP',NULL,NULL,NULL,'it.eng.spagobi.engines.drivers.commonj.CommonjDriver','SpagoBIProcessEngine',55,'',14,NULL,0,0,'server',NULL,NULL,'2012-07-31 12:58:56',NULL,NULL,'3.5.0',NULL,NULL,NULL,'SPAGOBI'),(16,0,'Smart Filter Engine',' Smart Filter Engine','/SpagoBIQbeEngine/servlet/AdapterHTTP',NULL,NULL,NULL,'it.eng.spagobi.engines.drivers.smartfilter.SmartFilterDriver','SpagoBISmartFilterEn',55,'',17,NULL,0,1,'server',NULL,NULL,'2012-07-31 12:58:56',NULL,NULL,'3.5.0',NULL,NULL,NULL,'SPAGOBI'),(17,0,'Gis Engine','Gis Engine','/SpagoBIGeoReportEngine/GeoReportEngineStartAction',NULL,NULL,NULL,'it.eng.spagobi.engines.drivers.generic.GenericDriver','SpagoBIGisEngine',55,'',11,NULL,1,1,'server',NULL,NULL,'2012-07-31 12:58:56',NULL,NULL,'3.5.0',NULL,NULL,NULL,'SPAGOBI'),(18,0,'Console Engine','Console Engine','/SpagoBIConsoleEngine/servlet/AdapterHTTP',NULL,NULL,NULL,'it.eng.spagobi.engines.drivers.console.ConsoleDriver','SpagoBIConsoleEngine',55,'',18,NULL,1,1,'server',NULL,NULL,'2012-07-31 12:58:56',NULL,NULL,'3.5.0',NULL,NULL,NULL,'SPAGOBI'),(19,0,'Worksheet Engine','Worksheet Engine','/SpagoBIQbeEngine/servlet/AdapterHTTP',NULL,NULL,NULL,'it.eng.spagobi.engines.drivers.worksheet.WorksheetDriver','SpagoBIWorksheetEng',55,'',19,NULL,0,1,'server',NULL,NULL,'2012-07-31 12:58:56',NULL,NULL,'3.5.0',NULL,NULL,NULL,'SPAGOBI'),(20,0,'JSChart Engine','JSChart Engine','/SpagoBIChartEngine/servlet/AdapterHTTP',NULL,NULL,NULL,'it.eng.spagobi.engines.drivers.chart.ChartDriver','SpagoBIJSChartEngine',55,'',20,NULL,0,1,'server',NULL,NULL,'2012-07-31 12:58:56',NULL,NULL,'3.5.0',NULL,NULL,NULL,'SPAGOBI'),(21,0,'JPalo Engine','JPalo Engine','/SpagoBIJPaloEngine/com.tensegrity.wpalo.SpagoBIJPaloEngine/JPaloEngineStartServlet',NULL,NULL,NULL,'it.eng.spagobi.engines.drivers.jpalo.JPaloDriver','SpagoBIJPaloEngine',55,'',7,NULL,0,0,'server',NULL,NULL,'2012-07-31 12:58:56',NULL,NULL,'3.5.0',NULL,NULL,NULL,'SPAGOBI'),(22,0,'Mobile Report Engine','Report engine for mobile devices','/SpagoBIMobileEngine/servlet/AdapterHTTP?ACTION_NAME=MOBILE_ENGINE_START_ACTION',NULL,NULL,NULL,'it.eng.spagobi.engines.drivers.mobile.report.MobileReportDriver','SpagoBITableMobileEn',55,'',21,NULL,1,1,'server',NULL,NULL,'2012-07-31 12:58:56',NULL,NULL,'3.5.0',NULL,NULL,NULL,'SPAGOBI'),(23,0,'Mobile Chart Engine','Chart engine for mobile devices','/SpagoBIMobileEngine/servlet/AdapterHTTP?ACTION_NAME=MOBILE_ENGINE_START_ACTION',NULL,NULL,NULL,'it.eng.spagobi.engines.drivers.mobile.chart.MobileChartDriver','SpagoBIChartMobileEn',55,'',22,NULL,1,1,'server',NULL,NULL,'2012-07-31 12:58:56',NULL,NULL,'3.5.0',NULL,NULL,NULL,'SPAGOBI'),(24,0,'Mobile Cockpit Engine','Cockpit engine for mobile devices','/SpagoBIMobileEngine/servlet/AdapterHTTP?ACTION_NAME=MOBILE_ENGINE_START_ACTION',NULL,NULL,NULL,'it.eng.spagobi.engines.drivers.mobile.cockpit.MobileCockpitDriver','SpagoBICockpitMobile',55,'',23,NULL,0,0,'server',NULL,NULL,'2012-07-31 12:58:56',NULL,NULL,'3.5.0',NULL,NULL,NULL,'SPAGOBI');
/*!40000 ALTER TABLE `SBI_ENGINES` ENABLE KEYS */;
UNLOCK TABLES;

--
-- Table structure for table `SBI_EVENTS`
--

DROP TABLE IF EXISTS `SBI_EVENTS`;
/*!40101 SET @saved_cs_client     = @@character_set_client */;
/*!40101 SET character_set_client = utf8 */;
CREATE TABLE `SBI_EVENTS` (
  `ID` int(11) NOT NULL,
  `USER_EVENT` varchar(40) NOT NULL,
  `USER_IN` varchar(100) NOT NULL,
  `USER_UP` varchar(100) DEFAULT NULL,
  `USER_DE` varchar(100) DEFAULT NULL,
  `TIME_IN` timestamp NOT NULL DEFAULT CURRENT_TIMESTAMP ON UPDATE CURRENT_TIMESTAMP,
  `TIME_UP` timestamp NULL DEFAULT NULL,
  `TIME_DE` timestamp NULL DEFAULT NULL,
  `SBI_VERSION_IN` varchar(10) DEFAULT NULL,
  `SBI_VERSION_UP` varchar(10) DEFAULT NULL,
  `SBI_VERSION_DE` varchar(10) DEFAULT NULL,
  `META_VERSION` varchar(100) DEFAULT NULL,
  `ORGANIZATION` varchar(20) DEFAULT NULL,
  PRIMARY KEY (`ID`)
) ENGINE=InnoDB DEFAULT CHARSET=latin1;
/*!40101 SET character_set_client = @saved_cs_client */;

--
-- Dumping data for table `SBI_EVENTS`
--

LOCK TABLES `SBI_EVENTS` WRITE;
/*!40000 ALTER TABLE `SBI_EVENTS` DISABLE KEYS */;
/*!40000 ALTER TABLE `SBI_EVENTS` ENABLE KEYS */;
UNLOCK TABLES;

--
-- Table structure for table `SBI_EVENTS_LOG`
--

DROP TABLE IF EXISTS `SBI_EVENTS_LOG`;
/*!40101 SET @saved_cs_client     = @@character_set_client */;
/*!40101 SET character_set_client = utf8 */;
CREATE TABLE `SBI_EVENTS_LOG` (
  `ID` int(11) NOT NULL,
  `USER_EVENT` varchar(40) NOT NULL,
  `EVENT_DATE` timestamp NOT NULL DEFAULT CURRENT_TIMESTAMP,
  `DESCR` text NOT NULL,
  `PARAMS` varchar(1000) DEFAULT NULL,
  `HANDLER` varchar(400) NOT NULL DEFAULT 'it.eng.spagobi.events.handlers.DefaultEventPresentationHandler',
  `USER_IN` varchar(100) NOT NULL,
  `USER_UP` varchar(100) DEFAULT NULL,
  `USER_DE` varchar(100) DEFAULT NULL,
  `TIME_IN` timestamp NOT NULL DEFAULT '0000-00-00 00:00:00',
  `TIME_UP` timestamp NULL DEFAULT NULL,
  `TIME_DE` timestamp NULL DEFAULT NULL,
  `SBI_VERSION_IN` varchar(10) DEFAULT NULL,
  `SBI_VERSION_UP` varchar(10) DEFAULT NULL,
  `SBI_VERSION_DE` varchar(10) DEFAULT NULL,
  `META_VERSION` varchar(100) DEFAULT NULL,
  `ORGANIZATION` varchar(20) DEFAULT NULL,
  PRIMARY KEY (`ID`)
) ENGINE=InnoDB DEFAULT CHARSET=latin1;
/*!40101 SET character_set_client = @saved_cs_client */;

--
-- Dumping data for table `SBI_EVENTS_LOG`
--

LOCK TABLES `SBI_EVENTS_LOG` WRITE;
/*!40000 ALTER TABLE `SBI_EVENTS_LOG` DISABLE KEYS */;
/*!40000 ALTER TABLE `SBI_EVENTS_LOG` ENABLE KEYS */;
UNLOCK TABLES;

--
-- Table structure for table `SBI_EVENTS_ROLES`
--

DROP TABLE IF EXISTS `SBI_EVENTS_ROLES`;
/*!40101 SET @saved_cs_client     = @@character_set_client */;
/*!40101 SET character_set_client = utf8 */;
CREATE TABLE `SBI_EVENTS_ROLES` (
  `EVENT_ID` int(11) NOT NULL,
  `ROLE_ID` int(11) NOT NULL,
  PRIMARY KEY (`EVENT_ID`,`ROLE_ID`),
  KEY `FK_SBI_EVENTS_ROLES_1` (`ROLE_ID`),
  CONSTRAINT `FK_SBI_EVENTS_ROLES_2` FOREIGN KEY (`EVENT_ID`) REFERENCES `SBI_EVENTS_LOG` (`ID`),
  CONSTRAINT `FK_SBI_EVENTS_ROLES_1` FOREIGN KEY (`ROLE_ID`) REFERENCES `SBI_EXT_ROLES` (`EXT_ROLE_ID`)
) ENGINE=InnoDB DEFAULT CHARSET=latin1;
/*!40101 SET character_set_client = @saved_cs_client */;

--
-- Dumping data for table `SBI_EVENTS_ROLES`
--

LOCK TABLES `SBI_EVENTS_ROLES` WRITE;
/*!40000 ALTER TABLE `SBI_EVENTS_ROLES` DISABLE KEYS */;
/*!40000 ALTER TABLE `SBI_EVENTS_ROLES` ENABLE KEYS */;
UNLOCK TABLES;

--
-- Table structure for table `SBI_EXPORTERS`
--

DROP TABLE IF EXISTS `SBI_EXPORTERS`;
/*!40101 SET @saved_cs_client     = @@character_set_client */;
/*!40101 SET character_set_client = utf8 */;
CREATE TABLE `SBI_EXPORTERS` (
  `ENGINE_ID` int(11) NOT NULL,
  `DOMAIN_ID` int(11) NOT NULL,
  `DEFAULT_VALUE` tinyint(1) DEFAULT NULL,
  PRIMARY KEY (`ENGINE_ID`,`DOMAIN_ID`),
  UNIQUE KEY `XAK1SBI_EXPORTERS` (`ENGINE_ID`,`DOMAIN_ID`),
  KEY `DOMAIN_ID` (`DOMAIN_ID`),
  CONSTRAINT `SBI_EXPORTERS_ibfk_2` FOREIGN KEY (`DOMAIN_ID`) REFERENCES `SBI_DOMAINS` (`VALUE_ID`),
  CONSTRAINT `SBI_EXPORTERS_ibfk_1` FOREIGN KEY (`ENGINE_ID`) REFERENCES `SBI_ENGINES` (`ENGINE_ID`)
) ENGINE=InnoDB DEFAULT CHARSET=latin1;
/*!40101 SET character_set_client = @saved_cs_client */;

--
-- Dumping data for table `SBI_EXPORTERS`
--

LOCK TABLES `SBI_EXPORTERS` WRITE;
/*!40000 ALTER TABLE `SBI_EXPORTERS` DISABLE KEYS */;
INSERT INTO `SBI_EXPORTERS` VALUES (1,89,1),(2,89,1),(6,89,1),(7,89,1),(7,90,0),(7,91,0),(7,94,0),(7,96,0),(8,89,1),(8,94,1),(9,89,0),(9,90,1),(10,89,1),(10,90,0),(10,94,0),(10,96,0),(11,89,1),(11,90,0),(11,91,0),(11,96,0),(11,97,0),(11,98,0),(16,89,1),(16,90,0),(16,91,0),(16,96,0),(18,89,1),(19,89,0),(19,90,1),(19,98,0),(20,89,0),(20,94,1);
/*!40000 ALTER TABLE `SBI_EXPORTERS` ENABLE KEYS */;
UNLOCK TABLES;

--
-- Table structure for table `SBI_EXT_ROLES`
--

DROP TABLE IF EXISTS `SBI_EXT_ROLES`;
/*!40101 SET @saved_cs_client     = @@character_set_client */;
/*!40101 SET character_set_client = utf8 */;
CREATE TABLE `SBI_EXT_ROLES` (
  `EXT_ROLE_ID` int(11) NOT NULL,
  `NAME` varchar(100) NOT NULL,
  `DESCR` varchar(160) DEFAULT NULL,
  `CODE` varchar(20) DEFAULT NULL,
  `ROLE_TYPE_CD` varchar(20) NOT NULL,
  `ROLE_TYPE_ID` int(11) NOT NULL,
  `SAVE_SUBOBJECTS` tinyint(1) DEFAULT '1',
  `SEE_SUBOBJECTS` tinyint(1) DEFAULT '1',
  `SEE_VIEWPOINTS` tinyint(1) DEFAULT '1',
  `SEE_SNAPSHOTS` tinyint(1) DEFAULT '1',
  `SEE_NOTES` tinyint(1) DEFAULT '1',
  `SEND_MAIL` tinyint(1) DEFAULT '1',
  `SAVE_INTO_FOLDER` tinyint(1) DEFAULT '1',
  `SAVE_REMEMBER_ME` tinyint(1) DEFAULT '1',
  `SEE_METADATA` tinyint(1) DEFAULT '1',
  `SAVE_METADATA` tinyint(1) DEFAULT '1',
  `BUILD_QBE_QUERY` tinyint(1) DEFAULT '1',
  `DO_MASSIVE_EXPORT` tinyint(1) DEFAULT '1',
  `EDIT_WORKSHEET` tinyint(1) DEFAULT '1',
  `USER_IN` varchar(100) NOT NULL,
  `USER_UP` varchar(100) DEFAULT NULL,
  `USER_DE` varchar(100) DEFAULT NULL,
  `TIME_IN` timestamp NOT NULL DEFAULT CURRENT_TIMESTAMP ON UPDATE CURRENT_TIMESTAMP,
  `TIME_UP` timestamp NULL DEFAULT NULL,
  `TIME_DE` timestamp NULL DEFAULT NULL,
  `SBI_VERSION_IN` varchar(10) DEFAULT NULL,
  `SBI_VERSION_UP` varchar(10) DEFAULT NULL,
  `SBI_VERSION_DE` varchar(10) DEFAULT NULL,
  `META_VERSION` varchar(100) DEFAULT NULL,
  `ORGANIZATION` varchar(20) DEFAULT NULL,
  `MANAGE_USERS` tinyint(1) DEFAULT '0',
  PRIMARY KEY (`EXT_ROLE_ID`),
  UNIQUE KEY `XAK1SBI_EXT_ROLES` (`NAME`,`ORGANIZATION`),
  KEY `FK_SBI_EXT_ROLES_1` (`ROLE_TYPE_ID`),
  CONSTRAINT `FK_SBI_EXT_ROLES_1` FOREIGN KEY (`ROLE_TYPE_ID`) REFERENCES `SBI_DOMAINS` (`VALUE_ID`)
) ENGINE=InnoDB DEFAULT CHARSET=latin1;
/*!40101 SET character_set_client = @saved_cs_client */;

--
-- Dumping data for table `SBI_EXT_ROLES`
--

LOCK TABLES `SBI_EXT_ROLES` WRITE;
/*!40000 ALTER TABLE `SBI_EXT_ROLES` DISABLE KEYS */;
INSERT INTO `SBI_EXT_ROLES` VALUES (1,'/spagobi/dev','/spagobi/dev',NULL,'DEV_ROLE',33,NULL,NULL,NULL,NULL,NULL,NULL,NULL,NULL,NULL,NULL,NULL,NULL,NULL,'server_init',NULL,NULL,'2012-07-31 12:47:02',NULL,NULL,'3.5.0',NULL,NULL,NULL,'SPAGOBI',0),(2,'/spagobi/test','/spagobi/test',NULL,'TEST_ROLE',34,NULL,NULL,NULL,NULL,NULL,NULL,NULL,NULL,NULL,NULL,NULL,NULL,NULL,'server_init',NULL,NULL,'2012-07-31 12:47:02',NULL,NULL,'3.5.0',NULL,NULL,NULL,'SPAGOBI',0),(3,'/spagobi/user','/spagobi/user',NULL,'USER',31,NULL,NULL,NULL,NULL,NULL,NULL,NULL,NULL,NULL,NULL,NULL,NULL,NULL,'server_init',NULL,NULL,'2012-07-31 12:47:02',NULL,NULL,'3.5.0',NULL,NULL,NULL,'SPAGOBI',0),(4,'/spagobi/userb','/spagobi/userb',NULL,'USER',31,NULL,NULL,NULL,NULL,NULL,NULL,NULL,NULL,NULL,NULL,NULL,NULL,NULL,'server_init',NULL,NULL,'2012-07-31 12:47:02',NULL,NULL,'3.5.0',NULL,NULL,NULL,'SPAGOBI',0),(5,'/spagobi/admin','/spagobi/admin',NULL,'ADMIN',32,NULL,NULL,NULL,NULL,NULL,NULL,NULL,NULL,NULL,NULL,NULL,NULL,NULL,'server_init',NULL,NULL,'2012-07-31 12:47:02',NULL,NULL,'3.5.0',NULL,NULL,NULL,'SPAGOBI',0),(6,'/spagobi/modeladmin','/spagobi/modeladmin',NULL,'MODEL_ADMIN',35,NULL,NULL,NULL,NULL,NULL,NULL,NULL,NULL,NULL,NULL,NULL,NULL,NULL,'server_init',NULL,NULL,'2012-07-31 12:47:02',NULL,NULL,'3.5.0',NULL,NULL,NULL,'SPAGOBI',0),(7,'/spagobi/op_reva','/spagobi/op_reva',NULL,'USER',31,NULL,NULL,NULL,NULL,NULL,NULL,NULL,NULL,NULL,NULL,NULL,NULL,NULL,'server_init',NULL,NULL,'2012-07-31 12:47:02',NULL,NULL,'3.5.0',NULL,NULL,NULL,'SPAGOBI',0),(8,'/spagobi/an_reva','/spagobi/an_reva',NULL,'USER',31,NULL,NULL,NULL,NULL,NULL,NULL,NULL,NULL,NULL,NULL,NULL,NULL,NULL,'server_init',NULL,NULL,'2012-07-31 12:47:03',NULL,NULL,'3.5.0',NULL,NULL,NULL,'SPAGOBI',0),(9,'/spagobi/bam','/spagobi/bam',NULL,'USER',31,NULL,NULL,NULL,NULL,NULL,NULL,NULL,NULL,NULL,NULL,NULL,NULL,NULL,'server_init',NULL,NULL,'2012-07-31 12:47:03',NULL,NULL,'3.5.0',NULL,NULL,NULL,'SPAGOBI',0),(10,'/spagobi/user/demo','/spagobi/user/demo',NULL,'USER',31,NULL,NULL,NULL,NULL,NULL,NULL,NULL,NULL,NULL,NULL,NULL,NULL,NULL,'server_init',NULL,NULL,'2012-07-31 12:47:03',NULL,NULL,'3.5.0',NULL,NULL,NULL,'SPAGOBI',0),(11,'/spagobi/s4qadmin','/spagobi/s4qadmin','','S4QADMIN',138,1,1,1,1,1,1,1,1,1,1,1,1,1,'server',NULL,NULL,'2012-07-31 12:58:27',NULL,NULL,NULL,NULL,NULL,NULL,NULL,0),(12,'/spagobi/s4qadmin','/spagobi/s4qadmin','','S4QADMIN',138,1,1,1,1,1,1,1,1,1,1,1,1,0,'server','biadmin',NULL,'2012-07-31 12:58:58','2012-07-31 13:02:29',NULL,'3.5.0','3.5.0',NULL,NULL,'SPAGOBI',0);
/*!40000 ALTER TABLE `SBI_EXT_ROLES` ENABLE KEYS */;
UNLOCK TABLES;

--
-- Table structure for table `SBI_EXT_USER_ROLES`
--

DROP TABLE IF EXISTS `SBI_EXT_USER_ROLES`;
/*!40101 SET @saved_cs_client     = @@character_set_client */;
/*!40101 SET character_set_client = utf8 */;
CREATE TABLE `SBI_EXT_USER_ROLES` (
  `ID` int(11) NOT NULL,
  `EXT_ROLE_ID` int(11) NOT NULL,
  `USER_IN` varchar(100) NOT NULL,
  `USER_UP` varchar(100) DEFAULT NULL,
  `USER_DE` varchar(100) DEFAULT NULL,
  `TIME_IN` timestamp NOT NULL DEFAULT CURRENT_TIMESTAMP ON UPDATE CURRENT_TIMESTAMP,
  `TIME_UP` timestamp NULL DEFAULT NULL,
  `TIME_DE` timestamp NULL DEFAULT NULL,
  `SBI_VERSION_IN` varchar(10) DEFAULT NULL,
  `SBI_VERSION_UP` varchar(10) DEFAULT NULL,
  `SBI_VERSION_DE` varchar(10) DEFAULT NULL,
  `META_VERSION` varchar(100) DEFAULT NULL,
  `ORGANIZATION` varchar(20) DEFAULT NULL,
  PRIMARY KEY (`ID`,`EXT_ROLE_ID`),
  KEY `FK_SBI_EXT_USER_ROLES_2` (`EXT_ROLE_ID`),
  CONSTRAINT `FK_SBI_EXT_USER_ROLES_2` FOREIGN KEY (`EXT_ROLE_ID`) REFERENCES `SBI_EXT_ROLES` (`EXT_ROLE_ID`),
  CONSTRAINT `FK_SBI_EXT_USER_ROLES_1` FOREIGN KEY (`ID`) REFERENCES `SBI_USER` (`ID`) ON DELETE CASCADE
) ENGINE=InnoDB DEFAULT CHARSET=latin1;
/*!40101 SET character_set_client = @saved_cs_client */;

--
-- Dumping data for table `SBI_EXT_USER_ROLES`
--

LOCK TABLES `SBI_EXT_USER_ROLES` WRITE;
/*!40000 ALTER TABLE `SBI_EXT_USER_ROLES` DISABLE KEYS */;
INSERT INTO `SBI_EXT_USER_ROLES` VALUES (1,5,'server',NULL,NULL,'2012-07-31 12:47:04',NULL,NULL,'3.5.0',NULL,NULL,NULL,NULL),(2,3,'server',NULL,NULL,'2012-07-31 12:47:04',NULL,NULL,'3.5.0',NULL,NULL,NULL,NULL),(3,10,'server',NULL,NULL,'2012-07-31 12:47:04',NULL,NULL,'3.5.0',NULL,NULL,NULL,NULL),(4,2,'server',NULL,NULL,'2012-07-31 12:47:04',NULL,NULL,'3.5.0',NULL,NULL,NULL,NULL),(5,1,'server',NULL,NULL,'2012-07-31 12:47:04',NULL,NULL,'3.5.0',NULL,NULL,NULL,NULL),(6,9,'server',NULL,NULL,'2012-07-31 12:47:04',NULL,NULL,'3.5.0',NULL,NULL,NULL,NULL),(7,12,'biadmin',NULL,NULL,'2012-07-31 13:01:04',NULL,NULL,'3.5.0',NULL,NULL,NULL,'SPAGOBI'),(8,3,'s4qadmin',NULL,NULL,'2012-08-02 12:37:41',NULL,NULL,'3.5.0',NULL,NULL,NULL,'SPAGOBI');
/*!40000 ALTER TABLE `SBI_EXT_USER_ROLES` ENABLE KEYS */;
UNLOCK TABLES;

--
-- Table structure for table `SBI_FUNCTIONS`
--

DROP TABLE IF EXISTS `SBI_FUNCTIONS`;
/*!40101 SET @saved_cs_client     = @@character_set_client */;
/*!40101 SET character_set_client = utf8 */;
CREATE TABLE `SBI_FUNCTIONS` (
  `FUNCT_ID` int(11) NOT NULL,
  `FUNCT_TYPE_CD` varchar(20) NOT NULL,
  `PARENT_FUNCT_ID` int(11) DEFAULT NULL,
  `NAME` varchar(40) DEFAULT NULL,
  `DESCR` varchar(160) DEFAULT NULL,
  `PATH` varchar(400) DEFAULT NULL,
  `CODE` varchar(40) NOT NULL,
  `PROG` int(11) NOT NULL,
  `FUNCT_TYPE_ID` int(11) NOT NULL,
  `USER_IN` varchar(100) NOT NULL,
  `USER_UP` varchar(100) DEFAULT NULL,
  `USER_DE` varchar(100) DEFAULT NULL,
  `TIME_IN` timestamp NOT NULL DEFAULT CURRENT_TIMESTAMP ON UPDATE CURRENT_TIMESTAMP,
  `TIME_UP` timestamp NULL DEFAULT NULL,
  `TIME_DE` timestamp NULL DEFAULT NULL,
  `SBI_VERSION_IN` varchar(10) DEFAULT NULL,
  `SBI_VERSION_UP` varchar(10) DEFAULT NULL,
  `SBI_VERSION_DE` varchar(10) DEFAULT NULL,
  `META_VERSION` varchar(100) DEFAULT NULL,
  `ORGANIZATION` varchar(20) DEFAULT NULL,
  PRIMARY KEY (`FUNCT_ID`),
  UNIQUE KEY `XAK1SBI_FUNCTIONS` (`CODE`,`ORGANIZATION`),
  KEY `FK_SBI_FUNCTIONS_1` (`FUNCT_TYPE_ID`),
  KEY `FK_SBI_FUNCTIONS_2` (`PARENT_FUNCT_ID`),
  CONSTRAINT `FK_SBI_FUNCTIONS_2` FOREIGN KEY (`PARENT_FUNCT_ID`) REFERENCES `SBI_FUNCTIONS` (`FUNCT_ID`),
  CONSTRAINT `FK_SBI_FUNCTIONS_1` FOREIGN KEY (`FUNCT_TYPE_ID`) REFERENCES `SBI_DOMAINS` (`VALUE_ID`)
) ENGINE=InnoDB DEFAULT CHARSET=latin1;
/*!40101 SET character_set_client = @saved_cs_client */;

--
-- Dumping data for table `SBI_FUNCTIONS`
--

LOCK TABLES `SBI_FUNCTIONS` WRITE;
/*!40000 ALTER TABLE `SBI_FUNCTIONS` DISABLE KEYS */;
INSERT INTO `SBI_FUNCTIONS` VALUES (1,'LOW_FUNCT',NULL,'Functionalities','Functionalities','/Functionalities','Functionalities',1,37,'server',NULL,NULL,'2012-07-31 12:47:01',NULL,NULL,'3.5.0',NULL,NULL,NULL,'SPAGOBI'),(2,'LOW_FUNCT',1,'Monitoring','Monitoring','/Functionalities/Monitoring','Monitoring',1,37,'server',NULL,NULL,'2012-07-31 14:40:05',NULL,NULL,'3.5.0',NULL,NULL,NULL,'SPAGOBI');
/*!40000 ALTER TABLE `SBI_FUNCTIONS` ENABLE KEYS */;
UNLOCK TABLES;

--
-- Table structure for table `SBI_FUNC_ROLE`
--

DROP TABLE IF EXISTS `SBI_FUNC_ROLE`;
/*!40101 SET @saved_cs_client     = @@character_set_client */;
/*!40101 SET character_set_client = utf8 */;
CREATE TABLE `SBI_FUNC_ROLE` (
  `ROLE_ID` int(11) NOT NULL,
  `FUNCT_ID` int(11) NOT NULL,
  `STATE_CD` varchar(20) DEFAULT NULL,
  `STATE_ID` int(11) NOT NULL,
  `USER_IN` varchar(100) NOT NULL,
  `USER_UP` varchar(100) DEFAULT NULL,
  `USER_DE` varchar(100) DEFAULT NULL,
  `TIME_IN` timestamp NOT NULL DEFAULT CURRENT_TIMESTAMP ON UPDATE CURRENT_TIMESTAMP,
  `TIME_UP` timestamp NULL DEFAULT NULL,
  `TIME_DE` timestamp NULL DEFAULT NULL,
  `SBI_VERSION_IN` varchar(10) DEFAULT NULL,
  `SBI_VERSION_UP` varchar(10) DEFAULT NULL,
  `SBI_VERSION_DE` varchar(10) DEFAULT NULL,
  `META_VERSION` varchar(100) DEFAULT NULL,
  `ORGANIZATION` varchar(20) DEFAULT NULL,
  PRIMARY KEY (`FUNCT_ID`,`STATE_ID`,`ROLE_ID`),
  KEY `FK_SBI_FUNC_ROLE_1` (`ROLE_ID`),
  KEY `FK_SBI_FUNC_ROLE_2` (`STATE_ID`),
  CONSTRAINT `FK_SBI_FUNC_ROLE_2` FOREIGN KEY (`STATE_ID`) REFERENCES `SBI_DOMAINS` (`VALUE_ID`),
  CONSTRAINT `FK_SBI_FUNC_ROLE_1` FOREIGN KEY (`ROLE_ID`) REFERENCES `SBI_EXT_ROLES` (`EXT_ROLE_ID`),
  CONSTRAINT `FK_SBI_FUNC_ROLE_3` FOREIGN KEY (`FUNCT_ID`) REFERENCES `SBI_FUNCTIONS` (`FUNCT_ID`)
) ENGINE=InnoDB DEFAULT CHARSET=latin1;
/*!40101 SET character_set_client = @saved_cs_client */;

--
-- Dumping data for table `SBI_FUNC_ROLE`
--

LOCK TABLES `SBI_FUNC_ROLE` WRITE;
/*!40000 ALTER TABLE `SBI_FUNC_ROLE` DISABLE KEYS */;
INSERT INTO `SBI_FUNC_ROLE` VALUES (5,2,'DEVELOPMENT',130,'server','server',NULL,'2012-07-31 14:40:05','2012-07-31 14:40:05',NULL,'3.5.0','3.5.0',NULL,NULL,'SPAGOBI'),(10,2,'DEVELOPMENT',130,'server','server',NULL,'2012-07-31 14:40:05','2012-07-31 14:40:05',NULL,'3.5.0','3.5.0',NULL,NULL,'SPAGOBI'),(12,2,'DEVELOPMENT',130,'server','server',NULL,'2012-07-31 14:40:05','2012-07-31 14:40:05',NULL,'3.5.0','3.5.0',NULL,NULL,'SPAGOBI'),(5,2,'TEST',131,'server','server',NULL,'2012-07-31 14:40:05','2012-07-31 14:40:05',NULL,'3.5.0','3.5.0',NULL,NULL,'SPAGOBI'),(10,2,'TEST',131,'server','server',NULL,'2012-07-31 14:40:05','2012-07-31 14:40:05',NULL,'3.5.0','3.5.0',NULL,NULL,'SPAGOBI'),(12,2,'TEST',131,'server','server',NULL,'2012-07-31 14:40:05','2012-07-31 14:40:05',NULL,'3.5.0','3.5.0',NULL,NULL,'SPAGOBI'),(5,2,'EXECUTION',132,'server','server',NULL,'2012-07-31 14:40:05','2012-07-31 14:40:05',NULL,'3.5.0','3.5.0',NULL,NULL,'SPAGOBI'),(10,2,'EXECUTION',132,'server','server',NULL,'2012-07-31 14:40:05','2012-07-31 14:40:05',NULL,'3.5.0','3.5.0',NULL,NULL,'SPAGOBI'),(12,2,'EXECUTION',132,'server','server',NULL,'2012-07-31 14:40:05','2012-07-31 14:40:05',NULL,'3.5.0','3.5.0',NULL,NULL,'SPAGOBI'),(5,2,'CREATION',133,'server','server',NULL,'2012-07-31 14:40:05','2012-07-31 14:40:05',NULL,'3.5.0','3.5.0',NULL,NULL,'SPAGOBI'),(10,2,'CREATION',133,'server','server',NULL,'2012-07-31 14:40:05','2012-07-31 14:40:05',NULL,'3.5.0','3.5.0',NULL,NULL,'SPAGOBI'),(12,2,'CREATION',133,'server','server',NULL,'2012-07-31 14:40:05','2012-07-31 14:40:05',NULL,'3.5.0','3.5.0',NULL,NULL,'SPAGOBI');
/*!40000 ALTER TABLE `SBI_FUNC_ROLE` ENABLE KEYS */;
UNLOCK TABLES;

--
-- Table structure for table `SBI_GEO_FEATURES`
--

DROP TABLE IF EXISTS `SBI_GEO_FEATURES`;
/*!40101 SET @saved_cs_client     = @@character_set_client */;
/*!40101 SET character_set_client = utf8 */;
CREATE TABLE `SBI_GEO_FEATURES` (
  `FEATURE_ID` int(11) NOT NULL,
  `NAME` varchar(40) NOT NULL,
  `DESCR` varchar(160) DEFAULT NULL,
  `TYPE` varchar(40) DEFAULT NULL,
  `USER_IN` varchar(100) NOT NULL,
  `USER_UP` varchar(100) DEFAULT NULL,
  `USER_DE` varchar(100) DEFAULT NULL,
  `TIME_IN` timestamp NOT NULL DEFAULT CURRENT_TIMESTAMP ON UPDATE CURRENT_TIMESTAMP,
  `TIME_UP` timestamp NULL DEFAULT NULL,
  `TIME_DE` timestamp NULL DEFAULT NULL,
  `SBI_VERSION_IN` varchar(10) DEFAULT NULL,
  `SBI_VERSION_UP` varchar(10) DEFAULT NULL,
  `SBI_VERSION_DE` varchar(10) DEFAULT NULL,
  `META_VERSION` varchar(100) DEFAULT NULL,
  `ORGANIZATION` varchar(20) DEFAULT NULL,
  PRIMARY KEY (`FEATURE_ID`),
  UNIQUE KEY `XAK1SBI_GEO_FEATURES` (`NAME`,`ORGANIZATION`)
) ENGINE=InnoDB DEFAULT CHARSET=latin1;
/*!40101 SET character_set_client = @saved_cs_client */;

--
-- Dumping data for table `SBI_GEO_FEATURES`
--

LOCK TABLES `SBI_GEO_FEATURES` WRITE;
/*!40000 ALTER TABLE `SBI_GEO_FEATURES` DISABLE KEYS */;
/*!40000 ALTER TABLE `SBI_GEO_FEATURES` ENABLE KEYS */;
UNLOCK TABLES;

--
-- Table structure for table `SBI_GEO_MAPS`
--

DROP TABLE IF EXISTS `SBI_GEO_MAPS`;
/*!40101 SET @saved_cs_client     = @@character_set_client */;
/*!40101 SET character_set_client = utf8 */;
CREATE TABLE `SBI_GEO_MAPS` (
  `MAP_ID` int(11) NOT NULL,
  `NAME` varchar(40) NOT NULL,
  `DESCR` varchar(160) DEFAULT NULL,
  `URL` varchar(400) DEFAULT NULL,
  `FORMAT` varchar(40) DEFAULT NULL,
  `BIN_ID` int(11) NOT NULL,
  `USER_IN` varchar(100) NOT NULL,
  `USER_UP` varchar(100) DEFAULT NULL,
  `USER_DE` varchar(100) DEFAULT NULL,
  `TIME_IN` timestamp NOT NULL DEFAULT CURRENT_TIMESTAMP ON UPDATE CURRENT_TIMESTAMP,
  `TIME_UP` timestamp NULL DEFAULT NULL,
  `TIME_DE` timestamp NULL DEFAULT NULL,
  `SBI_VERSION_IN` varchar(10) DEFAULT NULL,
  `SBI_VERSION_UP` varchar(10) DEFAULT NULL,
  `SBI_VERSION_DE` varchar(10) DEFAULT NULL,
  `META_VERSION` varchar(100) DEFAULT NULL,
  `ORGANIZATION` varchar(20) DEFAULT NULL,
  PRIMARY KEY (`MAP_ID`),
  UNIQUE KEY `XAK1SBI_GEO_MAPS` (`NAME`,`ORGANIZATION`),
  KEY `FK_SBI_GEO_MAPS_1` (`BIN_ID`),
  CONSTRAINT `FK_SBI_GEO_MAPS_1` FOREIGN KEY (`BIN_ID`) REFERENCES `SBI_BINARY_CONTENTS` (`BIN_ID`)
) ENGINE=InnoDB DEFAULT CHARSET=latin1;
/*!40101 SET character_set_client = @saved_cs_client */;

--
-- Dumping data for table `SBI_GEO_MAPS`
--

LOCK TABLES `SBI_GEO_MAPS` WRITE;
/*!40000 ALTER TABLE `SBI_GEO_MAPS` DISABLE KEYS */;
/*!40000 ALTER TABLE `SBI_GEO_MAPS` ENABLE KEYS */;
UNLOCK TABLES;

--
-- Table structure for table `SBI_GEO_MAP_FEATURES`
--

DROP TABLE IF EXISTS `SBI_GEO_MAP_FEATURES`;
/*!40101 SET @saved_cs_client     = @@character_set_client */;
/*!40101 SET character_set_client = utf8 */;
CREATE TABLE `SBI_GEO_MAP_FEATURES` (
  `MAP_ID` int(11) NOT NULL,
  `FEATURE_ID` int(11) NOT NULL,
  `SVG_GROUP` varchar(40) DEFAULT NULL,
  `VISIBLE_FLAG` varchar(1) DEFAULT NULL,
  `USER_IN` varchar(100) NOT NULL,
  `USER_UP` varchar(100) DEFAULT NULL,
  `USER_DE` varchar(100) DEFAULT NULL,
  `TIME_IN` timestamp NOT NULL DEFAULT CURRENT_TIMESTAMP ON UPDATE CURRENT_TIMESTAMP,
  `TIME_UP` timestamp NULL DEFAULT NULL,
  `TIME_DE` timestamp NULL DEFAULT NULL,
  `SBI_VERSION_IN` varchar(10) DEFAULT NULL,
  `SBI_VERSION_UP` varchar(10) DEFAULT NULL,
  `SBI_VERSION_DE` varchar(10) DEFAULT NULL,
  `META_VERSION` varchar(100) DEFAULT NULL,
  `ORGANIZATION` varchar(20) DEFAULT NULL,
  PRIMARY KEY (`MAP_ID`,`FEATURE_ID`),
  KEY `FK_GEO_MAP_FEATURES2` (`FEATURE_ID`),
  CONSTRAINT `FK_GEO_MAP_FEATURES2` FOREIGN KEY (`FEATURE_ID`) REFERENCES `SBI_GEO_FEATURES` (`FEATURE_ID`),
  CONSTRAINT `FK_GEO_MAP_FEATURES1` FOREIGN KEY (`MAP_ID`) REFERENCES `SBI_GEO_MAPS` (`MAP_ID`)
) ENGINE=InnoDB DEFAULT CHARSET=latin1;
/*!40101 SET character_set_client = @saved_cs_client */;

--
-- Dumping data for table `SBI_GEO_MAP_FEATURES`
--

LOCK TABLES `SBI_GEO_MAP_FEATURES` WRITE;
/*!40000 ALTER TABLE `SBI_GEO_MAP_FEATURES` DISABLE KEYS */;
/*!40000 ALTER TABLE `SBI_GEO_MAP_FEATURES` ENABLE KEYS */;
UNLOCK TABLES;

--
-- Table structure for table `SBI_GOAL`
--

DROP TABLE IF EXISTS `SBI_GOAL`;
/*!40101 SET @saved_cs_client     = @@character_set_client */;
/*!40101 SET character_set_client = utf8 */;
CREATE TABLE `SBI_GOAL` (
  `GOAL_ID` int(11) NOT NULL,
  `GRANT_ID` int(11) NOT NULL,
  `START_DATE` date NOT NULL,
  `END_DATE` date NOT NULL,
  `NAME` varchar(20) NOT NULL,
  `LABEL` varchar(20) NOT NULL,
  `DESCRIPTION` varchar(1000) DEFAULT NULL,
  `USER_IN` varchar(100) NOT NULL,
  `USER_UP` varchar(100) DEFAULT NULL,
  `USER_DE` varchar(100) DEFAULT NULL,
  `TIME_IN` timestamp NOT NULL DEFAULT CURRENT_TIMESTAMP ON UPDATE CURRENT_TIMESTAMP,
  `TIME_UP` timestamp NULL DEFAULT NULL,
  `TIME_DE` timestamp NULL DEFAULT NULL,
  `SBI_VERSION_IN` varchar(10) DEFAULT NULL,
  `SBI_VERSION_UP` varchar(10) DEFAULT NULL,
  `SBI_VERSION_DE` varchar(10) DEFAULT NULL,
  `META_VERSION` varchar(100) DEFAULT NULL,
  `ORGANIZATION` varchar(20) DEFAULT NULL,
  PRIMARY KEY (`GOAL_ID`),
  UNIQUE KEY `XIF1SBI_SBI_GOAL` (`NAME`,`ORGANIZATION`),
  KEY `FK_GRANT_ID_GRANT` (`GRANT_ID`),
  CONSTRAINT `FK_GRANT_ID_GRANT` FOREIGN KEY (`GRANT_ID`) REFERENCES `SBI_ORG_UNIT_GRANT` (`ID`) ON DELETE CASCADE
) ENGINE=InnoDB DEFAULT CHARSET=latin1;
/*!40101 SET character_set_client = @saved_cs_client */;

--
-- Dumping data for table `SBI_GOAL`
--

LOCK TABLES `SBI_GOAL` WRITE;
/*!40000 ALTER TABLE `SBI_GOAL` DISABLE KEYS */;
/*!40000 ALTER TABLE `SBI_GOAL` ENABLE KEYS */;
UNLOCK TABLES;

--
-- Table structure for table `SBI_GOAL_HIERARCHY`
--

DROP TABLE IF EXISTS `SBI_GOAL_HIERARCHY`;
/*!40101 SET @saved_cs_client     = @@character_set_client */;
/*!40101 SET character_set_client = utf8 */;
CREATE TABLE `SBI_GOAL_HIERARCHY` (
  `GOAL_HIERARCHY_ID` int(11) NOT NULL,
  `ORG_UNIT_ID` int(11) NOT NULL,
  `GOAL_ID` int(11) NOT NULL,
  `PARENT_ID` int(11) DEFAULT NULL,
  `NAME` varchar(50) NOT NULL,
  `LABEL` varchar(50) DEFAULT NULL,
  `GOAL` varchar(1000) DEFAULT NULL,
  `USER_IN` varchar(100) NOT NULL,
  `USER_UP` varchar(100) DEFAULT NULL,
  `USER_DE` varchar(100) DEFAULT NULL,
  `TIME_IN` timestamp NOT NULL DEFAULT CURRENT_TIMESTAMP ON UPDATE CURRENT_TIMESTAMP,
  `TIME_UP` timestamp NULL DEFAULT NULL,
  `TIME_DE` timestamp NULL DEFAULT NULL,
  `SBI_VERSION_IN` varchar(10) DEFAULT NULL,
  `SBI_VERSION_UP` varchar(10) DEFAULT NULL,
  `SBI_VERSION_DE` varchar(10) DEFAULT NULL,
  `META_VERSION` varchar(100) DEFAULT NULL,
  `ORGANIZATION` varchar(20) DEFAULT NULL,
  PRIMARY KEY (`GOAL_HIERARCHY_ID`),
  UNIQUE KEY `XIF1SBI_SBI_GOAL_HIERARCHY` (`LABEL`,`ORGANIZATION`),
  KEY `FK_SBI_GOAL_HIERARCHY_GOAL` (`GOAL_ID`),
  KEY `FK_SBI_GOAL_HIERARCHY_PARENT` (`PARENT_ID`),
  CONSTRAINT `FK_SBI_GOAL_HIERARCHY_PARENT` FOREIGN KEY (`PARENT_ID`) REFERENCES `SBI_GOAL_HIERARCHY` (`GOAL_HIERARCHY_ID`) ON DELETE CASCADE,
  CONSTRAINT `FK_SBI_GOAL_HIERARCHY_GOAL` FOREIGN KEY (`GOAL_ID`) REFERENCES `SBI_GOAL` (`GOAL_ID`) ON DELETE CASCADE
) ENGINE=InnoDB DEFAULT CHARSET=latin1;
/*!40101 SET character_set_client = @saved_cs_client */;

--
-- Dumping data for table `SBI_GOAL_HIERARCHY`
--

LOCK TABLES `SBI_GOAL_HIERARCHY` WRITE;
/*!40000 ALTER TABLE `SBI_GOAL_HIERARCHY` DISABLE KEYS */;
/*!40000 ALTER TABLE `SBI_GOAL_HIERARCHY` ENABLE KEYS */;
UNLOCK TABLES;

--
-- Table structure for table `SBI_GOAL_KPI`
--

DROP TABLE IF EXISTS `SBI_GOAL_KPI`;
/*!40101 SET @saved_cs_client     = @@character_set_client */;
/*!40101 SET character_set_client = utf8 */;
CREATE TABLE `SBI_GOAL_KPI` (
  `GOAL_KPI_ID` int(11) NOT NULL,
  `KPI_INSTANCE_ID` int(11) NOT NULL,
  `GOAL_HIERARCHY_ID` int(11) NOT NULL,
  `WEIGHT1` double DEFAULT NULL,
  `WEIGHT2` double DEFAULT NULL,
  `THRESHOLD1` double DEFAULT NULL,
  `THRESHOLD2` double DEFAULT NULL,
  `THRESHOLD1SIGN` int(11) DEFAULT NULL,
  `THRESHOLD2SIGN` int(11) DEFAULT NULL,
  `USER_IN` varchar(100) NOT NULL,
  `USER_UP` varchar(100) DEFAULT NULL,
  `USER_DE` varchar(100) DEFAULT NULL,
  `TIME_IN` timestamp NOT NULL DEFAULT CURRENT_TIMESTAMP ON UPDATE CURRENT_TIMESTAMP,
  `TIME_UP` timestamp NULL DEFAULT NULL,
  `TIME_DE` timestamp NULL DEFAULT NULL,
  `SBI_VERSION_IN` varchar(10) DEFAULT NULL,
  `SBI_VERSION_UP` varchar(10) DEFAULT NULL,
  `SBI_VERSION_DE` varchar(10) DEFAULT NULL,
  `META_VERSION` varchar(100) DEFAULT NULL,
  `ORGANIZATION` varchar(20) DEFAULT NULL,
  PRIMARY KEY (`GOAL_KPI_ID`),
  KEY `FK_SBI_GOAL_KPI_GOAL` (`GOAL_HIERARCHY_ID`),
  KEY `FK_SBI_GOAL_KPI_KPI` (`KPI_INSTANCE_ID`),
  CONSTRAINT `FK_SBI_GOAL_KPI_KPI` FOREIGN KEY (`KPI_INSTANCE_ID`) REFERENCES `SBI_KPI_MODEL_INST` (`KPI_MODEL_INST`) ON DELETE CASCADE,
  CONSTRAINT `FK_SBI_GOAL_KPI_GOAL` FOREIGN KEY (`GOAL_HIERARCHY_ID`) REFERENCES `SBI_GOAL_HIERARCHY` (`GOAL_HIERARCHY_ID`) ON DELETE CASCADE
) ENGINE=InnoDB DEFAULT CHARSET=latin1;
/*!40101 SET character_set_client = @saved_cs_client */;

--
-- Dumping data for table `SBI_GOAL_KPI`
--

LOCK TABLES `SBI_GOAL_KPI` WRITE;
/*!40000 ALTER TABLE `SBI_GOAL_KPI` DISABLE KEYS */;
/*!40000 ALTER TABLE `SBI_GOAL_KPI` ENABLE KEYS */;
UNLOCK TABLES;

--
-- Table structure for table `SBI_I18N_MESSAGES`
--

DROP TABLE IF EXISTS `SBI_I18N_MESSAGES`;
/*!40101 SET @saved_cs_client     = @@character_set_client */;
/*!40101 SET character_set_client = utf8 */;
CREATE TABLE `SBI_I18N_MESSAGES` (
  `LANGUAGE_CD` int(11) NOT NULL,
  `LABEL` varchar(200) NOT NULL,
  `MESSAGE` text,
  `USER_IN` varchar(100) NOT NULL,
  `USER_UP` varchar(100) DEFAULT NULL,
  `USER_DE` varchar(100) DEFAULT NULL,
  `TIME_IN` timestamp NOT NULL DEFAULT CURRENT_TIMESTAMP ON UPDATE CURRENT_TIMESTAMP,
  `TIME_UP` timestamp NULL DEFAULT NULL,
  `TIME_DE` timestamp NULL DEFAULT NULL,
  `SBI_VERSION_IN` varchar(10) DEFAULT NULL,
  `SBI_VERSION_UP` varchar(10) DEFAULT NULL,
  `SBI_VERSION_DE` varchar(10) DEFAULT NULL,
  `META_VERSION` varchar(100) DEFAULT NULL,
  `ORGANIZATION` varchar(20) NOT NULL DEFAULT '',
  PRIMARY KEY (`LANGUAGE_CD`,`LABEL`,`ORGANIZATION`),
  CONSTRAINT `FK_SBI_I18N_MESSAGES` FOREIGN KEY (`LANGUAGE_CD`) REFERENCES `SBI_DOMAINS` (`VALUE_ID`)
) ENGINE=InnoDB DEFAULT CHARSET=latin1;
/*!40101 SET character_set_client = @saved_cs_client */;

--
-- Dumping data for table `SBI_I18N_MESSAGES`
--

LOCK TABLES `SBI_I18N_MESSAGES` WRITE;
/*!40000 ALTER TABLE `SBI_I18N_MESSAGES` DISABLE KEYS */;
/*!40000 ALTER TABLE `SBI_I18N_MESSAGES` ENABLE KEYS */;
UNLOCK TABLES;

--
-- Table structure for table `SBI_KPI`
--

DROP TABLE IF EXISTS `SBI_KPI`;
/*!40101 SET @saved_cs_client     = @@character_set_client */;
/*!40101 SET character_set_client = utf8 */;
CREATE TABLE `SBI_KPI` (
  `KPI_ID` int(11) NOT NULL,
  `ID_MEASURE_UNIT` int(11) DEFAULT NULL,
  `DS_ID` int(11) DEFAULT NULL,
  `THRESHOLD_ID` int(11) DEFAULT NULL,
  `ID_KPI_PARENT` int(11) DEFAULT NULL,
  `NAME` varchar(400) NOT NULL,
  `CODE` varchar(40) DEFAULT NULL,
  `METRIC` varchar(1000) DEFAULT NULL,
  `DESCRIPTION` varchar(1000) DEFAULT NULL,
  `WEIGHT` double DEFAULT NULL,
  `IS_ADDITIVE` char(1) DEFAULT NULL,
  `FLG_IS_FATHER` char(1) DEFAULT NULL,
  `KPI_TYPE` int(11) DEFAULT NULL,
  `METRIC_SCALE_TYPE` int(11) DEFAULT NULL,
  `MEASURE_TYPE` int(11) DEFAULT NULL,
  `INTERPRETATION` varchar(1000) DEFAULT NULL,
  `INPUT_ATTRIBUTES` varchar(1000) DEFAULT NULL,
  `MODEL_REFERENCE` varchar(255) DEFAULT NULL,
  `TARGET_AUDIENCE` varchar(1000) DEFAULT NULL,
  `USER_IN` varchar(100) NOT NULL,
  `USER_UP` varchar(100) DEFAULT NULL,
  `USER_DE` varchar(100) DEFAULT NULL,
  `TIME_IN` timestamp NOT NULL DEFAULT CURRENT_TIMESTAMP ON UPDATE CURRENT_TIMESTAMP,
  `TIME_UP` timestamp NULL DEFAULT NULL,
  `TIME_DE` timestamp NULL DEFAULT NULL,
  `SBI_VERSION_IN` varchar(10) DEFAULT NULL,
  `SBI_VERSION_UP` varchar(10) DEFAULT NULL,
  `SBI_VERSION_DE` varchar(10) DEFAULT NULL,
  `META_VERSION` varchar(100) DEFAULT NULL,
  `ORGANIZATION` varchar(20) DEFAULT NULL,
  PRIMARY KEY (`KPI_ID`),
  UNIQUE KEY `XAK1SBI_KPI` (`CODE`,`ORGANIZATION`),
  KEY `ID_MEASURE_UNIT` (`ID_MEASURE_UNIT`),
  KEY `THRESHOLD_ID` (`THRESHOLD_ID`),
  KEY `DS_ID` (`DS_ID`),
  KEY `ID_KPI_PARENT` (`ID_KPI_PARENT`),
  KEY `KPI_TYPE` (`KPI_TYPE`),
  KEY `METRIC_SCALE_TYPE` (`METRIC_SCALE_TYPE`),
  KEY `MEASURE_TYPE` (`MEASURE_TYPE`),
  CONSTRAINT `SBI_KPI_ibfk_7` FOREIGN KEY (`MEASURE_TYPE`) REFERENCES `SBI_DOMAINS` (`VALUE_ID`),
  CONSTRAINT `SBI_KPI_ibfk_1` FOREIGN KEY (`ID_MEASURE_UNIT`) REFERENCES `SBI_MEASURE_UNIT` (`ID_MEASURE_UNIT`),
  CONSTRAINT `SBI_KPI_ibfk_2` FOREIGN KEY (`THRESHOLD_ID`) REFERENCES `SBI_THRESHOLD` (`THRESHOLD_ID`) ON DELETE NO ACTION ON UPDATE NO ACTION,
  CONSTRAINT `SBI_KPI_ibfk_3` FOREIGN KEY (`DS_ID`) REFERENCES `SBI_DATA_SET` (`DS_ID`),
  CONSTRAINT `SBI_KPI_ibfk_4` FOREIGN KEY (`ID_KPI_PARENT`) REFERENCES `SBI_KPI` (`KPI_ID`),
  CONSTRAINT `SBI_KPI_ibfk_5` FOREIGN KEY (`KPI_TYPE`) REFERENCES `SBI_DOMAINS` (`VALUE_ID`),
  CONSTRAINT `SBI_KPI_ibfk_6` FOREIGN KEY (`METRIC_SCALE_TYPE`) REFERENCES `SBI_DOMAINS` (`VALUE_ID`)
) ENGINE=InnoDB DEFAULT CHARSET=latin1;
/*!40101 SET character_set_client = @saved_cs_client */;

--
-- Dumping data for table `SBI_KPI`
--

LOCK TABLES `SBI_KPI` WRITE;
/*!40000 ALTER TABLE `SBI_KPI` DISABLE KEYS */;
/*!40000 ALTER TABLE `SBI_KPI` ENABLE KEYS */;
UNLOCK TABLES;

--
-- Table structure for table `SBI_KPI_COMMENTS`
--

DROP TABLE IF EXISTS `SBI_KPI_COMMENTS`;
/*!40101 SET @saved_cs_client     = @@character_set_client */;
/*!40101 SET character_set_client = utf8 */;
CREATE TABLE `SBI_KPI_COMMENTS` (
  `KPI_COMMENT_ID` int(11) NOT NULL AUTO_INCREMENT,
  `KPI_INST_ID` int(11) DEFAULT NULL,
  `BIN_ID` int(11) DEFAULT NULL,
  `EXEC_REQ` varchar(500) DEFAULT NULL,
  `OWNER` varchar(50) DEFAULT NULL,
  `ISPUBLIC` tinyint(1) DEFAULT NULL,
  `CREATION_DATE` timestamp NOT NULL DEFAULT CURRENT_TIMESTAMP ON UPDATE CURRENT_TIMESTAMP,
  `LAST_CHANGE_DATE` timestamp NOT NULL DEFAULT '0000-00-00 00:00:00',
  `USER_IN` varchar(100) NOT NULL,
  `USER_UP` varchar(100) DEFAULT NULL,
  `USER_DE` varchar(100) DEFAULT NULL,
  `TIME_IN` timestamp NOT NULL DEFAULT '0000-00-00 00:00:00',
  `TIME_UP` timestamp NULL DEFAULT NULL,
  `TIME_DE` timestamp NULL DEFAULT NULL,
  `SBI_VERSION_IN` varchar(10) DEFAULT NULL,
  `SBI_VERSION_UP` varchar(10) DEFAULT NULL,
  `SBI_VERSION_DE` varchar(10) DEFAULT NULL,
  `META_VERSION` varchar(100) DEFAULT NULL,
  `ORGANIZATION` varchar(20) DEFAULT NULL,
  PRIMARY KEY (`KPI_COMMENT_ID`),
  KEY `FK_SBI_KPI_COMMENT_1` (`BIN_ID`),
  KEY `FK_SBI_KPI_COMMENT_2` (`KPI_INST_ID`),
  CONSTRAINT `FK_SBI_KPI_COMMENT_2` FOREIGN KEY (`KPI_INST_ID`) REFERENCES `SBI_KPI_INSTANCE` (`ID_KPI_INSTANCE`),
  CONSTRAINT `FK_SBI_KPI_COMMENT_1` FOREIGN KEY (`BIN_ID`) REFERENCES `SBI_BINARY_CONTENTS` (`BIN_ID`)
) ENGINE=InnoDB DEFAULT CHARSET=latin1;
/*!40101 SET character_set_client = @saved_cs_client */;

--
-- Dumping data for table `SBI_KPI_COMMENTS`
--

LOCK TABLES `SBI_KPI_COMMENTS` WRITE;
/*!40000 ALTER TABLE `SBI_KPI_COMMENTS` DISABLE KEYS */;
/*!40000 ALTER TABLE `SBI_KPI_COMMENTS` ENABLE KEYS */;
UNLOCK TABLES;

--
-- Table structure for table `SBI_KPI_DOCUMENTS`
--

DROP TABLE IF EXISTS `SBI_KPI_DOCUMENTS`;
/*!40101 SET @saved_cs_client     = @@character_set_client */;
/*!40101 SET character_set_client = utf8 */;
CREATE TABLE `SBI_KPI_DOCUMENTS` (
  `ID_KPI_DOC` int(11) NOT NULL,
  `BIOBJ_ID` int(11) NOT NULL,
  `KPI_ID` int(11) NOT NULL,
  `USER_IN` varchar(100) NOT NULL,
  `USER_UP` varchar(100) DEFAULT NULL,
  `USER_DE` varchar(100) DEFAULT NULL,
  `TIME_IN` timestamp NOT NULL DEFAULT CURRENT_TIMESTAMP ON UPDATE CURRENT_TIMESTAMP,
  `TIME_UP` timestamp NULL DEFAULT NULL,
  `TIME_DE` timestamp NULL DEFAULT NULL,
  `SBI_VERSION_IN` varchar(10) DEFAULT NULL,
  `SBI_VERSION_UP` varchar(10) DEFAULT NULL,
  `SBI_VERSION_DE` varchar(10) DEFAULT NULL,
  `META_VERSION` varchar(100) DEFAULT NULL,
  `ORGANIZATION` varchar(20) DEFAULT NULL,
  PRIMARY KEY (`ID_KPI_DOC`),
  KEY `FK_SBI_KPI_DOCUMENTS_1` (`BIOBJ_ID`),
  KEY `KPI_ID` (`KPI_ID`),
  CONSTRAINT `SBI_KPI_DOCUMENTS_ibfk_1` FOREIGN KEY (`KPI_ID`) REFERENCES `SBI_KPI` (`KPI_ID`),
  CONSTRAINT `FK_SBI_KPI_DOCUMENTS_1` FOREIGN KEY (`BIOBJ_ID`) REFERENCES `SBI_OBJECTS` (`BIOBJ_ID`) ON DELETE CASCADE ON UPDATE CASCADE
) ENGINE=InnoDB DEFAULT CHARSET=latin1;
/*!40101 SET character_set_client = @saved_cs_client */;

--
-- Dumping data for table `SBI_KPI_DOCUMENTS`
--

LOCK TABLES `SBI_KPI_DOCUMENTS` WRITE;
/*!40000 ALTER TABLE `SBI_KPI_DOCUMENTS` DISABLE KEYS */;
/*!40000 ALTER TABLE `SBI_KPI_DOCUMENTS` ENABLE KEYS */;
UNLOCK TABLES;

--
-- Table structure for table `SBI_KPI_ERROR`
--

DROP TABLE IF EXISTS `SBI_KPI_ERROR`;
/*!40101 SET @saved_cs_client     = @@character_set_client */;
/*!40101 SET character_set_client = utf8 */;
CREATE TABLE `SBI_KPI_ERROR` (
  `KPI_ERROR_ID` int(11) NOT NULL,
  `KPI_MODEL_INST_ID` int(11) NOT NULL,
  `USER_MSG` varchar(1000) DEFAULT NULL,
  `FULL_MSG` text,
  `TS_DATE` timestamp NOT NULL DEFAULT CURRENT_TIMESTAMP ON UPDATE CURRENT_TIMESTAMP,
  `LABEL_MOD_INST` varchar(100) DEFAULT NULL,
  `PARAMETERS` varchar(1000) DEFAULT NULL,
  `USER_IN` varchar(100) NOT NULL,
  `USER_UP` varchar(100) DEFAULT NULL,
  `USER_DE` varchar(100) DEFAULT NULL,
  `TIME_IN` timestamp NOT NULL DEFAULT '0000-00-00 00:00:00',
  `TIME_UP` timestamp NULL DEFAULT NULL,
  `TIME_DE` timestamp NULL DEFAULT NULL,
  `SBI_VERSION_IN` varchar(10) DEFAULT NULL,
  `SBI_VERSION_UP` varchar(10) DEFAULT NULL,
  `SBI_VERSION_DE` varchar(10) DEFAULT NULL,
  `META_VERSION` varchar(100) DEFAULT NULL,
  `ORGANIZATION` varchar(20) DEFAULT NULL,
  PRIMARY KEY (`KPI_ERROR_ID`),
  KEY `FK_SBI_KPI_ERROR_MODEL_1` (`KPI_MODEL_INST_ID`),
  CONSTRAINT `FK_SBI_KPI_ERROR_MODEL_1` FOREIGN KEY (`KPI_MODEL_INST_ID`) REFERENCES `SBI_KPI_MODEL_INST` (`KPI_MODEL_INST`)
) ENGINE=InnoDB DEFAULT CHARSET=latin1;
/*!40101 SET character_set_client = @saved_cs_client */;

--
-- Dumping data for table `SBI_KPI_ERROR`
--

LOCK TABLES `SBI_KPI_ERROR` WRITE;
/*!40000 ALTER TABLE `SBI_KPI_ERROR` DISABLE KEYS */;
/*!40000 ALTER TABLE `SBI_KPI_ERROR` ENABLE KEYS */;
UNLOCK TABLES;

--
-- Table structure for table `SBI_KPI_INSTANCE`
--

DROP TABLE IF EXISTS `SBI_KPI_INSTANCE`;
/*!40101 SET @saved_cs_client     = @@character_set_client */;
/*!40101 SET character_set_client = utf8 */;
CREATE TABLE `SBI_KPI_INSTANCE` (
  `ID_KPI_INSTANCE` int(11) NOT NULL,
  `KPI_ID` int(11) NOT NULL,
  `THRESHOLD_ID` int(11) DEFAULT NULL,
  `CHART_TYPE_ID` int(11) DEFAULT NULL,
  `ID_MEASURE_UNIT` int(11) DEFAULT NULL,
  `WEIGHT` double DEFAULT NULL,
  `TARGET` double DEFAULT NULL,
  `BEGIN_DT` datetime DEFAULT NULL,
  `USER_IN` varchar(100) NOT NULL,
  `USER_UP` varchar(100) DEFAULT NULL,
  `USER_DE` varchar(100) DEFAULT NULL,
  `TIME_IN` timestamp NOT NULL DEFAULT CURRENT_TIMESTAMP ON UPDATE CURRENT_TIMESTAMP,
  `TIME_UP` timestamp NULL DEFAULT NULL,
  `TIME_DE` timestamp NULL DEFAULT NULL,
  `SBI_VERSION_IN` varchar(10) DEFAULT NULL,
  `SBI_VERSION_UP` varchar(10) DEFAULT NULL,
  `SBI_VERSION_DE` varchar(10) DEFAULT NULL,
  `META_VERSION` varchar(100) DEFAULT NULL,
  `ORGANIZATION` varchar(20) DEFAULT NULL,
  PRIMARY KEY (`ID_KPI_INSTANCE`),
  KEY `KPI_ID` (`KPI_ID`),
  KEY `CHART_TYPE_ID` (`CHART_TYPE_ID`),
  KEY `ID_MEASURE_UNIT` (`ID_MEASURE_UNIT`),
  KEY `THRESHOLD_ID` (`THRESHOLD_ID`),
  CONSTRAINT `SBI_KPI_INSTANCE_ibfk_4` FOREIGN KEY (`THRESHOLD_ID`) REFERENCES `SBI_THRESHOLD` (`THRESHOLD_ID`),
  CONSTRAINT `SBI_KPI_INSTANCE_ibfk_1` FOREIGN KEY (`KPI_ID`) REFERENCES `SBI_KPI` (`KPI_ID`),
  CONSTRAINT `SBI_KPI_INSTANCE_ibfk_2` FOREIGN KEY (`CHART_TYPE_ID`) REFERENCES `SBI_DOMAINS` (`VALUE_ID`),
  CONSTRAINT `SBI_KPI_INSTANCE_ibfk_3` FOREIGN KEY (`ID_MEASURE_UNIT`) REFERENCES `SBI_MEASURE_UNIT` (`ID_MEASURE_UNIT`)
) ENGINE=InnoDB DEFAULT CHARSET=latin1;
/*!40101 SET character_set_client = @saved_cs_client */;

--
-- Dumping data for table `SBI_KPI_INSTANCE`
--

LOCK TABLES `SBI_KPI_INSTANCE` WRITE;
/*!40000 ALTER TABLE `SBI_KPI_INSTANCE` DISABLE KEYS */;
/*!40000 ALTER TABLE `SBI_KPI_INSTANCE` ENABLE KEYS */;
UNLOCK TABLES;

--
-- Table structure for table `SBI_KPI_INSTANCE_HISTORY`
--

DROP TABLE IF EXISTS `SBI_KPI_INSTANCE_HISTORY`;
/*!40101 SET @saved_cs_client     = @@character_set_client */;
/*!40101 SET character_set_client = utf8 */;
CREATE TABLE `SBI_KPI_INSTANCE_HISTORY` (
  `ID_KPI_INSTANCE_HISTORY` int(11) NOT NULL,
  `ID_KPI_INSTANCE` int(11) NOT NULL,
  `THRESHOLD_ID` int(11) DEFAULT NULL,
  `CHART_TYPE_ID` int(11) DEFAULT NULL,
  `ID_MEASURE_UNIT` int(11) DEFAULT NULL,
  `WEIGHT` double DEFAULT NULL,
  `TARGET` double DEFAULT NULL,
  `BEGIN_DT` datetime DEFAULT NULL,
  `END_DT` datetime DEFAULT NULL,
  `USER_IN` varchar(100) NOT NULL,
  `USER_UP` varchar(100) DEFAULT NULL,
  `USER_DE` varchar(100) DEFAULT NULL,
  `TIME_IN` timestamp NOT NULL DEFAULT CURRENT_TIMESTAMP ON UPDATE CURRENT_TIMESTAMP,
  `TIME_UP` timestamp NULL DEFAULT NULL,
  `TIME_DE` timestamp NULL DEFAULT NULL,
  `SBI_VERSION_IN` varchar(10) DEFAULT NULL,
  `SBI_VERSION_UP` varchar(10) DEFAULT NULL,
  `SBI_VERSION_DE` varchar(10) DEFAULT NULL,
  `META_VERSION` varchar(100) DEFAULT NULL,
  `ORGANIZATION` varchar(20) DEFAULT NULL,
  PRIMARY KEY (`ID_KPI_INSTANCE_HISTORY`),
  KEY `ID_MEASURE_UNIT` (`ID_MEASURE_UNIT`),
  KEY `THRESHOLD_ID` (`THRESHOLD_ID`),
  KEY `CHART_TYPE_ID` (`CHART_TYPE_ID`),
  KEY `ID_KPI_INSTANCE` (`ID_KPI_INSTANCE`),
  CONSTRAINT `SBI_KPI_INSTANCE_HISTORY_ibfk_4` FOREIGN KEY (`ID_KPI_INSTANCE`) REFERENCES `SBI_KPI_INSTANCE` (`ID_KPI_INSTANCE`),
  CONSTRAINT `SBI_KPI_INSTANCE_HISTORY_ibfk_1` FOREIGN KEY (`ID_MEASURE_UNIT`) REFERENCES `SBI_MEASURE_UNIT` (`ID_MEASURE_UNIT`),
  CONSTRAINT `SBI_KPI_INSTANCE_HISTORY_ibfk_2` FOREIGN KEY (`THRESHOLD_ID`) REFERENCES `SBI_THRESHOLD` (`THRESHOLD_ID`),
  CONSTRAINT `SBI_KPI_INSTANCE_HISTORY_ibfk_3` FOREIGN KEY (`CHART_TYPE_ID`) REFERENCES `SBI_DOMAINS` (`VALUE_ID`)
) ENGINE=InnoDB DEFAULT CHARSET=latin1;
/*!40101 SET character_set_client = @saved_cs_client */;

--
-- Dumping data for table `SBI_KPI_INSTANCE_HISTORY`
--

LOCK TABLES `SBI_KPI_INSTANCE_HISTORY` WRITE;
/*!40000 ALTER TABLE `SBI_KPI_INSTANCE_HISTORY` DISABLE KEYS */;
/*!40000 ALTER TABLE `SBI_KPI_INSTANCE_HISTORY` ENABLE KEYS */;
UNLOCK TABLES;

--
-- Table structure for table `SBI_KPI_INST_PERIOD`
--

DROP TABLE IF EXISTS `SBI_KPI_INST_PERIOD`;
/*!40101 SET @saved_cs_client     = @@character_set_client */;
/*!40101 SET character_set_client = utf8 */;
CREATE TABLE `SBI_KPI_INST_PERIOD` (
  `KPI_INST_PERIOD_ID` int(11) NOT NULL,
  `KPI_INSTANCE_ID` int(11) NOT NULL,
  `PERIODICITY_ID` int(11) NOT NULL,
  `DEFAULT_VALUE` tinyint(1) DEFAULT NULL,
  `USER_IN` varchar(100) NOT NULL,
  `USER_UP` varchar(100) DEFAULT NULL,
  `USER_DE` varchar(100) DEFAULT NULL,
  `TIME_IN` timestamp NOT NULL DEFAULT CURRENT_TIMESTAMP ON UPDATE CURRENT_TIMESTAMP,
  `TIME_UP` timestamp NULL DEFAULT NULL,
  `TIME_DE` timestamp NULL DEFAULT NULL,
  `SBI_VERSION_IN` varchar(10) DEFAULT NULL,
  `SBI_VERSION_UP` varchar(10) DEFAULT NULL,
  `SBI_VERSION_DE` varchar(10) DEFAULT NULL,
  `META_VERSION` varchar(100) DEFAULT NULL,
  `ORGANIZATION` varchar(20) DEFAULT NULL,
  PRIMARY KEY (`KPI_INST_PERIOD_ID`),
  KEY `PERIODICITY_ID` (`PERIODICITY_ID`),
  KEY `KPI_INSTANCE_ID` (`KPI_INSTANCE_ID`),
  CONSTRAINT `SBI_KPI_INST_PERIOD_ibfk_2` FOREIGN KEY (`KPI_INSTANCE_ID`) REFERENCES `SBI_KPI_INSTANCE` (`ID_KPI_INSTANCE`),
  CONSTRAINT `SBI_KPI_INST_PERIOD_ibfk_1` FOREIGN KEY (`PERIODICITY_ID`) REFERENCES `SBI_KPI_PERIODICITY` (`ID_KPI_PERIODICITY`)
) ENGINE=InnoDB DEFAULT CHARSET=latin1;
/*!40101 SET character_set_client = @saved_cs_client */;

--
-- Dumping data for table `SBI_KPI_INST_PERIOD`
--

LOCK TABLES `SBI_KPI_INST_PERIOD` WRITE;
/*!40000 ALTER TABLE `SBI_KPI_INST_PERIOD` DISABLE KEYS */;
/*!40000 ALTER TABLE `SBI_KPI_INST_PERIOD` ENABLE KEYS */;
UNLOCK TABLES;

--
-- Table structure for table `SBI_KPI_MODEL`
--

DROP TABLE IF EXISTS `SBI_KPI_MODEL`;
/*!40101 SET @saved_cs_client     = @@character_set_client */;
/*!40101 SET character_set_client = utf8 */;
CREATE TABLE `SBI_KPI_MODEL` (
  `KPI_MODEL_ID` int(11) NOT NULL,
  `KPI_ID` int(11) DEFAULT NULL,
  `KPI_MODEL_TYPE_ID` int(11) NOT NULL,
  `KPI_PARENT_MODEL_ID` int(11) DEFAULT NULL,
  `KPI_MODEL_CD` varchar(40) NOT NULL,
  `KPI_MODEL_NM` varchar(400) DEFAULT NULL,
  `KPI_MODEL_DESC` varchar(1000) DEFAULT NULL,
  `KPI_MODEL_LBL` varchar(100) NOT NULL,
  `USER_IN` varchar(100) NOT NULL,
  `USER_UP` varchar(100) DEFAULT NULL,
  `USER_DE` varchar(100) DEFAULT NULL,
  `TIME_IN` timestamp NOT NULL DEFAULT CURRENT_TIMESTAMP ON UPDATE CURRENT_TIMESTAMP,
  `TIME_UP` timestamp NULL DEFAULT NULL,
  `TIME_DE` timestamp NULL DEFAULT NULL,
  `SBI_VERSION_IN` varchar(10) DEFAULT NULL,
  `SBI_VERSION_UP` varchar(10) DEFAULT NULL,
  `SBI_VERSION_DE` varchar(10) DEFAULT NULL,
  `META_VERSION` varchar(100) DEFAULT NULL,
  `ORGANIZATION` varchar(20) DEFAULT NULL,
  PRIMARY KEY (`KPI_MODEL_ID`),
  UNIQUE KEY `XIF1SBI_KPI_MODEL` (`KPI_MODEL_LBL`,`ORGANIZATION`),
  UNIQUE KEY `UNIQUE_PAR_ID_CD` (`KPI_PARENT_MODEL_ID`,`KPI_MODEL_CD`),
  KEY `KPI_MODEL_TYPE_ID` (`KPI_MODEL_TYPE_ID`),
  KEY `KPI_ID` (`KPI_ID`),
  CONSTRAINT `SBI_KPI_MODEL_ibfk_3` FOREIGN KEY (`KPI_ID`) REFERENCES `SBI_KPI` (`KPI_ID`),
  CONSTRAINT `SBI_KPI_MODEL_ibfk_1` FOREIGN KEY (`KPI_PARENT_MODEL_ID`) REFERENCES `SBI_KPI_MODEL` (`KPI_MODEL_ID`),
  CONSTRAINT `SBI_KPI_MODEL_ibfk_2` FOREIGN KEY (`KPI_MODEL_TYPE_ID`) REFERENCES `SBI_DOMAINS` (`VALUE_ID`)
) ENGINE=InnoDB DEFAULT CHARSET=latin1;
/*!40101 SET character_set_client = @saved_cs_client */;

--
-- Dumping data for table `SBI_KPI_MODEL`
--

LOCK TABLES `SBI_KPI_MODEL` WRITE;
/*!40000 ALTER TABLE `SBI_KPI_MODEL` DISABLE KEYS */;
/*!40000 ALTER TABLE `SBI_KPI_MODEL` ENABLE KEYS */;
UNLOCK TABLES;

--
-- Table structure for table `SBI_KPI_MODEL_INST`
--

DROP TABLE IF EXISTS `SBI_KPI_MODEL_INST`;
/*!40101 SET @saved_cs_client     = @@character_set_client */;
/*!40101 SET character_set_client = utf8 */;
CREATE TABLE `SBI_KPI_MODEL_INST` (
  `KPI_MODEL_INST` int(11) NOT NULL,
  `KPI_MODEL_INST_PARENT` int(11) DEFAULT NULL,
  `KPI_MODEL_ID` int(11) DEFAULT NULL,
  `ID_KPI_INSTANCE` int(11) DEFAULT NULL,
  `NAME` varchar(400) DEFAULT NULL,
  `LABEL` varchar(100) NOT NULL,
  `DESCRIPTION` varchar(1000) DEFAULT NULL,
  `START_DATE` datetime DEFAULT NULL,
  `END_DATE` datetime DEFAULT NULL,
  `MODELUUID` varchar(400) DEFAULT NULL,
  `USER_IN` varchar(100) NOT NULL,
  `USER_UP` varchar(100) DEFAULT NULL,
  `USER_DE` varchar(100) DEFAULT NULL,
  `TIME_IN` timestamp NOT NULL DEFAULT CURRENT_TIMESTAMP ON UPDATE CURRENT_TIMESTAMP,
  `TIME_UP` timestamp NULL DEFAULT NULL,
  `TIME_DE` timestamp NULL DEFAULT NULL,
  `SBI_VERSION_IN` varchar(10) DEFAULT NULL,
  `SBI_VERSION_UP` varchar(10) DEFAULT NULL,
  `SBI_VERSION_DE` varchar(10) DEFAULT NULL,
  `META_VERSION` varchar(100) DEFAULT NULL,
  `ORGANIZATION` varchar(20) DEFAULT NULL,
  PRIMARY KEY (`KPI_MODEL_INST`),
  UNIQUE KEY `XAK2SBI_KPI_MODEL_INST` (`LABEL`,`ORGANIZATION`),
  KEY `KPI_MODEL_INST_PARENT` (`KPI_MODEL_INST_PARENT`),
  KEY `KPI_MODEL_ID` (`KPI_MODEL_ID`),
  KEY `ID_KPI_INSTANCE` (`ID_KPI_INSTANCE`),
  CONSTRAINT `SBI_KPI_MODEL_INST_ibfk_3` FOREIGN KEY (`ID_KPI_INSTANCE`) REFERENCES `SBI_KPI_INSTANCE` (`ID_KPI_INSTANCE`),
  CONSTRAINT `SBI_KPI_MODEL_INST_ibfk_1` FOREIGN KEY (`KPI_MODEL_INST_PARENT`) REFERENCES `SBI_KPI_MODEL_INST` (`KPI_MODEL_INST`),
  CONSTRAINT `SBI_KPI_MODEL_INST_ibfk_2` FOREIGN KEY (`KPI_MODEL_ID`) REFERENCES `SBI_KPI_MODEL` (`KPI_MODEL_ID`)
) ENGINE=InnoDB DEFAULT CHARSET=latin1;
/*!40101 SET character_set_client = @saved_cs_client */;

--
-- Dumping data for table `SBI_KPI_MODEL_INST`
--

LOCK TABLES `SBI_KPI_MODEL_INST` WRITE;
/*!40000 ALTER TABLE `SBI_KPI_MODEL_INST` DISABLE KEYS */;
/*!40000 ALTER TABLE `SBI_KPI_MODEL_INST` ENABLE KEYS */;
UNLOCK TABLES;

--
-- Table structure for table `SBI_KPI_MODEL_RESOURCES`
--

DROP TABLE IF EXISTS `SBI_KPI_MODEL_RESOURCES`;
/*!40101 SET @saved_cs_client     = @@character_set_client */;
/*!40101 SET character_set_client = utf8 */;
CREATE TABLE `SBI_KPI_MODEL_RESOURCES` (
  `KPI_MODEL_RESOURCES_ID` int(11) NOT NULL,
  `RESOURCE_ID` int(11) NOT NULL,
  `KPI_MODEL_INST` int(11) NOT NULL,
  `USER_IN` varchar(100) NOT NULL,
  `USER_UP` varchar(100) DEFAULT NULL,
  `USER_DE` varchar(100) DEFAULT NULL,
  `TIME_IN` timestamp NOT NULL DEFAULT CURRENT_TIMESTAMP ON UPDATE CURRENT_TIMESTAMP,
  `TIME_UP` timestamp NULL DEFAULT NULL,
  `TIME_DE` timestamp NULL DEFAULT NULL,
  `SBI_VERSION_IN` varchar(10) DEFAULT NULL,
  `SBI_VERSION_UP` varchar(10) DEFAULT NULL,
  `SBI_VERSION_DE` varchar(10) DEFAULT NULL,
  `META_VERSION` varchar(100) DEFAULT NULL,
  `ORGANIZATION` varchar(20) DEFAULT NULL,
  PRIMARY KEY (`KPI_MODEL_RESOURCES_ID`),
  KEY `KPI_MODEL_INST` (`KPI_MODEL_INST`),
  KEY `RESOURCE_ID` (`RESOURCE_ID`),
  CONSTRAINT `SBI_KPI_MODEL_RESOURCES_ibfk_2` FOREIGN KEY (`RESOURCE_ID`) REFERENCES `SBI_RESOURCES` (`RESOURCE_ID`),
  CONSTRAINT `SBI_KPI_MODEL_RESOURCES_ibfk_1` FOREIGN KEY (`KPI_MODEL_INST`) REFERENCES `SBI_KPI_MODEL_INST` (`KPI_MODEL_INST`)
) ENGINE=InnoDB DEFAULT CHARSET=latin1;
/*!40101 SET character_set_client = @saved_cs_client */;

--
-- Dumping data for table `SBI_KPI_MODEL_RESOURCES`
--

LOCK TABLES `SBI_KPI_MODEL_RESOURCES` WRITE;
/*!40000 ALTER TABLE `SBI_KPI_MODEL_RESOURCES` DISABLE KEYS */;
/*!40000 ALTER TABLE `SBI_KPI_MODEL_RESOURCES` ENABLE KEYS */;
UNLOCK TABLES;

--
-- Table structure for table `SBI_KPI_PERIODICITY`
--

DROP TABLE IF EXISTS `SBI_KPI_PERIODICITY`;
/*!40101 SET @saved_cs_client     = @@character_set_client */;
/*!40101 SET character_set_client = utf8 */;
CREATE TABLE `SBI_KPI_PERIODICITY` (
  `ID_KPI_PERIODICITY` int(11) NOT NULL,
  `NAME` varchar(255) NOT NULL,
  `MONTHS` int(11) DEFAULT NULL,
  `DAYS` int(11) DEFAULT NULL,
  `HOURS` int(11) DEFAULT NULL,
  `MINUTES` int(11) DEFAULT NULL,
  `CHRON_STRING` varchar(20) DEFAULT NULL,
  `START_DATE` timestamp NOT NULL DEFAULT CURRENT_TIMESTAMP ON UPDATE CURRENT_TIMESTAMP,
  `USER_IN` varchar(100) NOT NULL,
  `USER_UP` varchar(100) DEFAULT NULL,
  `USER_DE` varchar(100) DEFAULT NULL,
  `TIME_IN` timestamp NOT NULL DEFAULT '0000-00-00 00:00:00',
  `TIME_UP` timestamp NULL DEFAULT NULL,
  `TIME_DE` timestamp NULL DEFAULT NULL,
  `SBI_VERSION_IN` varchar(10) DEFAULT NULL,
  `SBI_VERSION_UP` varchar(10) DEFAULT NULL,
  `SBI_VERSION_DE` varchar(10) DEFAULT NULL,
  `META_VERSION` varchar(100) DEFAULT NULL,
  `ORGANIZATION` varchar(20) DEFAULT NULL,
  PRIMARY KEY (`ID_KPI_PERIODICITY`),
  UNIQUE KEY `XIF1SBI_KPI_PERIODICITY` (`NAME`,`ORGANIZATION`)
) ENGINE=InnoDB DEFAULT CHARSET=latin1;
/*!40101 SET character_set_client = @saved_cs_client */;

--
-- Dumping data for table `SBI_KPI_PERIODICITY`
--

LOCK TABLES `SBI_KPI_PERIODICITY` WRITE;
/*!40000 ALTER TABLE `SBI_KPI_PERIODICITY` DISABLE KEYS */;
INSERT INTO `SBI_KPI_PERIODICITY` VALUES (1,'month',1,0,0,0,NULL,'2012-07-31 12:58:58','server',NULL,NULL,'2012-07-31 12:58:57',NULL,NULL,'3.5.0',NULL,NULL,NULL,'SPAGOBI'),(2,'day',0,1,0,0,NULL,'2012-07-31 12:58:58','server',NULL,NULL,'2012-07-31 12:58:57',NULL,NULL,'3.5.0',NULL,NULL,NULL,'SPAGOBI'),(3,'week',0,7,0,0,NULL,'2012-07-31 12:58:58','server',NULL,NULL,'2012-07-31 12:58:57',NULL,NULL,'3.5.0',NULL,NULL,NULL,'SPAGOBI'),(4,'hour',0,0,1,0,NULL,'2012-07-31 12:58:58','server',NULL,NULL,'2012-07-31 12:58:57',NULL,NULL,'3.5.0',NULL,NULL,NULL,'SPAGOBI'),(5,'1minute',0,0,0,1,NULL,'2012-07-31 12:58:58','server',NULL,NULL,'2012-07-31 12:58:57',NULL,NULL,'3.5.0',NULL,NULL,NULL,'SPAGOBI'),(6,'5minutes',0,0,0,5,NULL,'2012-07-31 12:58:58','server',NULL,NULL,'2012-07-31 12:58:57',NULL,NULL,'3.5.0',NULL,NULL,NULL,'SPAGOBI'),(7,'10minutes',0,0,0,10,NULL,'2012-07-31 12:58:58','server',NULL,NULL,'2012-07-31 12:58:58',NULL,NULL,'3.5.0',NULL,NULL,NULL,'SPAGOBI'),(8,'15minutes',0,0,0,15,NULL,'2012-07-31 12:58:58','server',NULL,NULL,'2012-07-31 12:58:58',NULL,NULL,'3.5.0',NULL,NULL,NULL,'SPAGOBI');
/*!40000 ALTER TABLE `SBI_KPI_PERIODICITY` ENABLE KEYS */;
UNLOCK TABLES;

--
-- Table structure for table `SBI_KPI_REL`
--

DROP TABLE IF EXISTS `SBI_KPI_REL`;
/*!40101 SET @saved_cs_client     = @@character_set_client */;
/*!40101 SET character_set_client = utf8 */;
CREATE TABLE `SBI_KPI_REL` (
  `KPI_REL_ID` int(11) NOT NULL,
  `KPI_FATHER_ID` int(11) NOT NULL,
  `KPI_CHILD_ID` int(11) NOT NULL,
  `PARAMETER` varchar(100) DEFAULT NULL,
  `USER_IN` varchar(100) NOT NULL,
  `USER_UP` varchar(100) DEFAULT NULL,
  `USER_DE` varchar(100) DEFAULT NULL,
  `TIME_IN` timestamp NOT NULL DEFAULT CURRENT_TIMESTAMP ON UPDATE CURRENT_TIMESTAMP,
  `TIME_UP` timestamp NULL DEFAULT NULL,
  `TIME_DE` timestamp NULL DEFAULT NULL,
  `SBI_VERSION_IN` varchar(10) DEFAULT NULL,
  `SBI_VERSION_UP` varchar(10) DEFAULT NULL,
  `SBI_VERSION_DE` varchar(10) DEFAULT NULL,
  `META_VERSION` varchar(100) DEFAULT NULL,
  `ORGANIZATION` varchar(20) DEFAULT NULL,
  PRIMARY KEY (`KPI_REL_ID`),
  KEY `FK_SBI_KPI_REL_3` (`KPI_FATHER_ID`),
  KEY `FK_SBI_KPI_REL_4` (`KPI_CHILD_ID`),
  CONSTRAINT `FK_SBI_KPI_REL_4` FOREIGN KEY (`KPI_CHILD_ID`) REFERENCES `SBI_KPI` (`KPI_ID`),
  CONSTRAINT `FK_SBI_KPI_REL_3` FOREIGN KEY (`KPI_FATHER_ID`) REFERENCES `SBI_KPI` (`KPI_ID`)
) ENGINE=InnoDB DEFAULT CHARSET=latin1;
/*!40101 SET character_set_client = @saved_cs_client */;

--
-- Dumping data for table `SBI_KPI_REL`
--

LOCK TABLES `SBI_KPI_REL` WRITE;
/*!40000 ALTER TABLE `SBI_KPI_REL` DISABLE KEYS */;
/*!40000 ALTER TABLE `SBI_KPI_REL` ENABLE KEYS */;
UNLOCK TABLES;

--
-- Table structure for table `SBI_KPI_ROLE`
--

DROP TABLE IF EXISTS `SBI_KPI_ROLE`;
/*!40101 SET @saved_cs_client     = @@character_set_client */;
/*!40101 SET character_set_client = utf8 */;
CREATE TABLE `SBI_KPI_ROLE` (
  `ID_KPI_ROLE` int(11) NOT NULL,
  `KPI_ID` int(11) NOT NULL,
  `EXT_ROLE_ID` int(11) NOT NULL,
  `USER_IN` varchar(100) NOT NULL,
  `USER_UP` varchar(100) DEFAULT NULL,
  `USER_DE` varchar(100) DEFAULT NULL,
  `TIME_IN` timestamp NOT NULL DEFAULT CURRENT_TIMESTAMP ON UPDATE CURRENT_TIMESTAMP,
  `TIME_UP` timestamp NULL DEFAULT NULL,
  `TIME_DE` timestamp NULL DEFAULT NULL,
  `SBI_VERSION_IN` varchar(10) DEFAULT NULL,
  `SBI_VERSION_UP` varchar(10) DEFAULT NULL,
  `SBI_VERSION_DE` varchar(10) DEFAULT NULL,
  `META_VERSION` varchar(100) DEFAULT NULL,
  `ORGANIZATION` varchar(20) DEFAULT NULL,
  PRIMARY KEY (`ID_KPI_ROLE`),
  KEY `EXT_ROLE_ID` (`EXT_ROLE_ID`),
  KEY `KPI_ID` (`KPI_ID`),
  CONSTRAINT `SBI_KPI_ROLE_ibfk_2` FOREIGN KEY (`KPI_ID`) REFERENCES `SBI_KPI` (`KPI_ID`),
  CONSTRAINT `SBI_KPI_ROLE_ibfk_1` FOREIGN KEY (`EXT_ROLE_ID`) REFERENCES `SBI_EXT_ROLES` (`EXT_ROLE_ID`)
) ENGINE=InnoDB DEFAULT CHARSET=latin1;
/*!40101 SET character_set_client = @saved_cs_client */;

--
-- Dumping data for table `SBI_KPI_ROLE`
--

LOCK TABLES `SBI_KPI_ROLE` WRITE;
/*!40000 ALTER TABLE `SBI_KPI_ROLE` DISABLE KEYS */;
/*!40000 ALTER TABLE `SBI_KPI_ROLE` ENABLE KEYS */;
UNLOCK TABLES;

--
-- Table structure for table `SBI_KPI_VALUE`
--

DROP TABLE IF EXISTS `SBI_KPI_VALUE`;
/*!40101 SET @saved_cs_client     = @@character_set_client */;
/*!40101 SET character_set_client = utf8 */;
CREATE TABLE `SBI_KPI_VALUE` (
  `ID_KPI_INSTANCE_VALUE` int(11) NOT NULL,
  `ID_KPI_INSTANCE` int(11) NOT NULL,
  `RESOURCE_ID` int(11) DEFAULT NULL,
  `VALUE` varchar(40) DEFAULT NULL,
  `BEGIN_DT` datetime DEFAULT NULL,
  `END_DT` datetime DEFAULT NULL,
  `DESCRIPTION` varchar(100) DEFAULT NULL,
  `XML_DATA` text,
  `ORG_UNIT_ID` int(11) DEFAULT NULL,
  `HIERARCHY_ID` int(11) DEFAULT NULL,
  `COMPANY` varchar(200) DEFAULT NULL,
  `USER_IN` varchar(100) NOT NULL,
  `USER_UP` varchar(100) DEFAULT NULL,
  `USER_DE` varchar(100) DEFAULT NULL,
  `TIME_IN` timestamp NOT NULL DEFAULT CURRENT_TIMESTAMP ON UPDATE CURRENT_TIMESTAMP,
  `TIME_UP` timestamp NULL DEFAULT NULL,
  `TIME_DE` timestamp NULL DEFAULT NULL,
  `SBI_VERSION_IN` varchar(10) DEFAULT NULL,
  `SBI_VERSION_UP` varchar(10) DEFAULT NULL,
  `SBI_VERSION_DE` varchar(10) DEFAULT NULL,
  `META_VERSION` varchar(100) DEFAULT NULL,
  `ORGANIZATION` varchar(20) DEFAULT NULL,
  PRIMARY KEY (`ID_KPI_INSTANCE_VALUE`),
  KEY `RESOURCE_ID` (`RESOURCE_ID`),
  KEY `ID_KPI_INSTANCE` (`ID_KPI_INSTANCE`),
  KEY `FK_SBI_KPI_VALUE_4` (`HIERARCHY_ID`),
  CONSTRAINT `FK_SBI_KPI_VALUE_4` FOREIGN KEY (`HIERARCHY_ID`) REFERENCES `SBI_ORG_UNIT_HIERARCHIES` (`ID`),
  CONSTRAINT `SBI_KPI_VALUE_ibfk_1` FOREIGN KEY (`RESOURCE_ID`) REFERENCES `SBI_RESOURCES` (`RESOURCE_ID`),
  CONSTRAINT `SBI_KPI_VALUE_ibfk_2` FOREIGN KEY (`ID_KPI_INSTANCE`) REFERENCES `SBI_KPI_INSTANCE` (`ID_KPI_INSTANCE`)
) ENGINE=InnoDB DEFAULT CHARSET=latin1;
/*!40101 SET character_set_client = @saved_cs_client */;

--
-- Dumping data for table `SBI_KPI_VALUE`
--

LOCK TABLES `SBI_KPI_VALUE` WRITE;
/*!40000 ALTER TABLE `SBI_KPI_VALUE` DISABLE KEYS */;
/*!40000 ALTER TABLE `SBI_KPI_VALUE` ENABLE KEYS */;
UNLOCK TABLES;

--
-- Table structure for table `SBI_LOV`
--

DROP TABLE IF EXISTS `SBI_LOV`;
/*!40101 SET @saved_cs_client     = @@character_set_client */;
/*!40101 SET character_set_client = utf8 */;
CREATE TABLE `SBI_LOV` (
  `LOV_ID` int(11) NOT NULL,
  `DESCR` varchar(160) DEFAULT NULL,
  `LABEL` varchar(20) NOT NULL,
  `INPUT_TYPE_CD` varchar(20) NOT NULL,
  `DEFAULT_VAL` varchar(40) DEFAULT NULL,
  `LOV_PROVIDER` text,
  `INPUT_TYPE_ID` int(11) NOT NULL,
  `PROFILE_ATTR` varchar(20) DEFAULT NULL,
  `NAME` varchar(40) NOT NULL,
  `USER_IN` varchar(100) NOT NULL,
  `USER_UP` varchar(100) DEFAULT NULL,
  `USER_DE` varchar(100) DEFAULT NULL,
  `TIME_IN` timestamp NOT NULL DEFAULT CURRENT_TIMESTAMP ON UPDATE CURRENT_TIMESTAMP,
  `TIME_UP` timestamp NULL DEFAULT NULL,
  `TIME_DE` timestamp NULL DEFAULT NULL,
  `SBI_VERSION_IN` varchar(10) DEFAULT NULL,
  `SBI_VERSION_UP` varchar(10) DEFAULT NULL,
  `SBI_VERSION_DE` varchar(10) DEFAULT NULL,
  `META_VERSION` varchar(100) DEFAULT NULL,
  `ORGANIZATION` varchar(20) DEFAULT NULL,
  `DATASET_ID` int(11) DEFAULT NULL,
  PRIMARY KEY (`LOV_ID`),
  UNIQUE KEY `XAK1SBI_LOV` (`LABEL`,`ORGANIZATION`),
  KEY `FK_SBI_LOV_1` (`INPUT_TYPE_ID`),
  KEY `FK_SBI_LOV_2` (`DATASET_ID`),
  CONSTRAINT `FK_SBI_LOV_2` FOREIGN KEY (`DATASET_ID`) REFERENCES `SBI_DATA_SET` (`DS_ID`),
  CONSTRAINT `FK_SBI_LOV_1` FOREIGN KEY (`INPUT_TYPE_ID`) REFERENCES `SBI_DOMAINS` (`VALUE_ID`)
) ENGINE=InnoDB DEFAULT CHARSET=latin1;
/*!40101 SET character_set_client = @saved_cs_client */;

--
-- Dumping data for table `SBI_LOV`
--

LOCK TABLES `SBI_LOV` WRITE;
/*!40000 ALTER TABLE `SBI_LOV` DISABLE KEYS */;
INSERT INTO `SBI_LOV` VALUES (1,'Current month of the year format mm','CURRENT_MONTH_YEAR','SCRIPT','','<SCRIPTLOV><SCRIPT>\nDate now = new Date();\nint month = now.getMonth() + 1;\nString monthStr = month.toString();\nif (month < 10) monthStr = \'0\' + monthStr;\nreturnValue(monthStr);\n</SCRIPT><VALUE-COLUMN>VALUE</VALUE-COLUMN><DESCRIPTION-COLUMN>VALUE</DESCRIPTION-COLUMN><VISIBLE-COLUMNS>VALUE</VISIBLE-COLUMNS><INVISIBLE-COLUMNS></INVISIBLE-COLUMNS></SCRIPTLOV>',2,'','Current month of the year','server',NULL,NULL,'2012-07-31 12:58:57',NULL,NULL,'3.5.0',NULL,NULL,NULL,'SPAGOBI',NULL),(2,'Current year format yyyy','CURRENT_YEAR','SCRIPT','','<SCRIPTLOV><SCRIPT>\nDate now = new Date();\nint year = now.getYear() + 1900;\nString yearStr = year.toString();\nreturnValue(yearStr);\n</SCRIPT><VALUE-COLUMN>VALUE</VALUE-COLUMN><DESCRIPTION-COLUMN>VALUE</DESCRIPTION-COLUMN><VISIBLE-COLUMNS>VALUE</VISIBLE-COLUMNS><INVISIBLE-COLUMNS></INVISIBLE-COLUMNS></SCRIPTLOV>',2,'','Current year','server',NULL,NULL,'2012-07-31 12:58:57',NULL,NULL,'3.5.0',NULL,NULL,NULL,'SPAGOBI',NULL),(3,'Current month format mm/yyyy','CURRENT_MONTH','SCRIPT','','<SCRIPTLOV><SCRIPT>\nDate now = new Date();\nint month = now.getMonth() + 1;\nString monthStr = month.toString();\nif (month < 10) monthStr = \'0\' + monthStr;\nint year = now.getYear() + 1900;\nString toReturn = monthStr + \'/\' + year.toString();\nreturnValue(toReturn);\n</SCRIPT><VALUE-COLUMN>VALUE</VALUE-COLUMN><DESCRIPTION-COLUMN>VALUE</DESCRIPTION-COLUMN><VISIBLE-COLUMNS>VALUE</VISIBLE-COLUMNS><INVISIBLE-COLUMNS></INVISIBLE-COLUMNS></SCRIPTLOV>',2,'','Current month','server',NULL,NULL,'2012-07-31 12:58:57',NULL,NULL,'3.5.0',NULL,NULL,NULL,'SPAGOBI',NULL),(4,'Current date format dd/mm/yyyy','CURRENT_DATE','SCRIPT','','<SCRIPTLOV><SCRIPT>\nDate now = new Date();\nint day = now.getDate();\nString dayStr = day.toString();\nif (day < 10) dayStr = \'0\' + dayStr;\nint month = now.getMonth() + 1;\nString monthStr = month.toString();\nif (month < 10) monthStr = \'0\' + monthStr;\nint year = now.getYear() + 1900;\nString toReturn = dayStr + \'/\' + monthStr + \'/\' + year.toString();\nreturnValue(toReturn);\n</SCRIPT><VALUE-COLUMN>VALUE</VALUE-COLUMN><DESCRIPTION-COLUMN>VALUE</DESCRIPTION-COLUMN><VISIBLE-COLUMNS>VALUE</VISIBLE-COLUMNS><INVISIBLE-COLUMNS></INVISIBLE-COLUMNS></SCRIPTLOV>',2,'','Current date','server',NULL,NULL,'2012-07-31 12:58:57',NULL,NULL,'3.5.0',NULL,NULL,NULL,'SPAGOBI',NULL),(5,'PROCESS_ID','PROCESS_ID','QUERY',NULL,'<QUERY><CONNECTION>SpagoBI</CONNECTION><STMT>select * from S4Q_E_PROCESS</STMT><VALUE-COLUMN>id_process</VALUE-COLUMN><DESCRIPTION-COLUMN>name</DESCRIPTION-COLUMN><VISIBLE-COLUMNS>id_process,name</VISIBLE-COLUMNS><INVISIBLE-COLUMNS>id_periodicity,description,coordinator_class</INVISIBLE-COLUMNS></QUERY>',1,NULL,'PROCESS_ID','s4qadmin','s4qadmin',NULL,'2012-07-31 14:42:06','2012-07-31 15:45:23',NULL,'3.5.0','3.5.0',NULL,NULL,'SPAGOBI',NULL),(6,'outputType','outputType','FIX_LOV',NULL,'<FIXLISTLOV><ROWS><ROW VALUE=\"PDF\" DESCRIPTION=\"pdf document\"/><ROW VALUE=\"HTML\" DESCRIPTION=\"HTML document\"/></ROWS><VALUE-COLUMN>VALUE</VALUE-COLUMN><DESCRIPTION-COLUMN>DESCRIPTION</DESCRIPTION-COLUMN><VISIBLE-COLUMNS>DESCRIPTION</VISIBLE-COLUMNS><INVISIBLE-COLUMNS>VALUE</INVISIBLE-COLUMNS></FIXLISTLOV>',3,NULL,'outputType','s4qadmin','s4qadmin',NULL,'2012-07-31 14:48:15','2012-07-31 15:45:23',NULL,'3.5.0','3.5.0',NULL,NULL,'SPAGOBI',NULL);
/*!40000 ALTER TABLE `SBI_LOV` ENABLE KEYS */;
UNLOCK TABLES;

--
-- Table structure for table `SBI_MEASURE_UNIT`
--

DROP TABLE IF EXISTS `SBI_MEASURE_UNIT`;
/*!40101 SET @saved_cs_client     = @@character_set_client */;
/*!40101 SET character_set_client = utf8 */;
CREATE TABLE `SBI_MEASURE_UNIT` (
  `ID_MEASURE_UNIT` int(11) NOT NULL,
  `NAME` varchar(400) DEFAULT NULL,
  `SCALE_TYPE_ID` int(11) NOT NULL,
  `SCALE_CD` varchar(40) DEFAULT NULL,
  `SCALE_NM` varchar(400) DEFAULT NULL,
  `USER_IN` varchar(100) NOT NULL,
  `USER_UP` varchar(100) DEFAULT NULL,
  `USER_DE` varchar(100) DEFAULT NULL,
  `TIME_IN` timestamp NOT NULL DEFAULT CURRENT_TIMESTAMP ON UPDATE CURRENT_TIMESTAMP,
  `TIME_UP` timestamp NULL DEFAULT NULL,
  `TIME_DE` timestamp NULL DEFAULT NULL,
  `SBI_VERSION_IN` varchar(10) DEFAULT NULL,
  `SBI_VERSION_UP` varchar(10) DEFAULT NULL,
  `SBI_VERSION_DE` varchar(10) DEFAULT NULL,
  `META_VERSION` varchar(100) DEFAULT NULL,
  `ORGANIZATION` varchar(20) DEFAULT NULL,
  PRIMARY KEY (`ID_MEASURE_UNIT`),
  KEY `SCALE_TYPE_ID` (`SCALE_TYPE_ID`),
  CONSTRAINT `SBI_MEASURE_UNIT_ibfk_1` FOREIGN KEY (`SCALE_TYPE_ID`) REFERENCES `SBI_DOMAINS` (`VALUE_ID`)
) ENGINE=InnoDB DEFAULT CHARSET=latin1;
/*!40101 SET character_set_client = @saved_cs_client */;

--
-- Dumping data for table `SBI_MEASURE_UNIT`
--

LOCK TABLES `SBI_MEASURE_UNIT` WRITE;
/*!40000 ALTER TABLE `SBI_MEASURE_UNIT` DISABLE KEYS */;
/*!40000 ALTER TABLE `SBI_MEASURE_UNIT` ENABLE KEYS */;
UNLOCK TABLES;

--
-- Table structure for table `SBI_MENU`
--

DROP TABLE IF EXISTS `SBI_MENU`;
/*!40101 SET @saved_cs_client     = @@character_set_client */;
/*!40101 SET character_set_client = utf8 */;
CREATE TABLE `SBI_MENU` (
  `MENU_ID` int(11) NOT NULL,
  `NAME` varchar(50) DEFAULT NULL,
  `DESCR` varchar(2000) DEFAULT NULL,
  `PARENT_ID` int(11) DEFAULT '0',
  `BIOBJ_ID` int(11) DEFAULT NULL,
  `VIEW_ICONS` tinyint(1) DEFAULT NULL,
  `HIDE_TOOLBAR` tinyint(1) DEFAULT NULL,
  `HIDE_SLIDERS` tinyint(1) DEFAULT NULL,
  `STATIC_PAGE` varchar(45) DEFAULT NULL,
  `BIOBJ_PARAMETERS` text,
  `SUBOBJ_NAME` varchar(50) DEFAULT NULL,
  `SNAPSHOT_NAME` varchar(100) DEFAULT NULL,
  `SNAPSHOT_HISTORY` int(11) DEFAULT NULL,
  `FUNCTIONALITY` varchar(50) DEFAULT NULL,
  `INITIAL_PATH` varchar(400) DEFAULT NULL,
  `EXT_APP_URL` varchar(1000) DEFAULT NULL,
  `PROG` int(11) NOT NULL DEFAULT '1',
  `USER_IN` varchar(100) NOT NULL,
  `USER_UP` varchar(100) DEFAULT NULL,
  `USER_DE` varchar(100) DEFAULT NULL,
  `TIME_IN` timestamp NOT NULL DEFAULT CURRENT_TIMESTAMP ON UPDATE CURRENT_TIMESTAMP,
  `TIME_UP` timestamp NULL DEFAULT NULL,
  `TIME_DE` timestamp NULL DEFAULT NULL,
  `SBI_VERSION_IN` varchar(10) DEFAULT NULL,
  `SBI_VERSION_UP` varchar(10) DEFAULT NULL,
  `SBI_VERSION_DE` varchar(10) DEFAULT NULL,
  `META_VERSION` varchar(100) DEFAULT NULL,
  `ORGANIZATION` varchar(20) DEFAULT NULL,
  PRIMARY KEY (`MENU_ID`)
) ENGINE=InnoDB DEFAULT CHARSET=latin1;
/*!40101 SET character_set_client = @saved_cs_client */;

--
-- Dumping data for table `SBI_MENU`
--

LOCK TABLES `SBI_MENU` WRITE;
/*!40000 ALTER TABLE `SBI_MENU` DISABLE KEYS */;
/*!40000 ALTER TABLE `SBI_MENU` ENABLE KEYS */;
UNLOCK TABLES;

--
-- Table structure for table `SBI_MENU_ROLE`
--

DROP TABLE IF EXISTS `SBI_MENU_ROLE`;
/*!40101 SET @saved_cs_client     = @@character_set_client */;
/*!40101 SET character_set_client = utf8 */;
CREATE TABLE `SBI_MENU_ROLE` (
  `MENU_ID` int(11) NOT NULL,
  `EXT_ROLE_ID` int(11) NOT NULL,
  `USER_IN` varchar(100) NOT NULL,
  `USER_UP` varchar(100) DEFAULT NULL,
  `USER_DE` varchar(100) DEFAULT NULL,
  `TIME_IN` timestamp NOT NULL DEFAULT CURRENT_TIMESTAMP ON UPDATE CURRENT_TIMESTAMP,
  `TIME_UP` timestamp NULL DEFAULT NULL,
  `TIME_DE` timestamp NULL DEFAULT NULL,
  `SBI_VERSION_IN` varchar(10) DEFAULT NULL,
  `SBI_VERSION_UP` varchar(10) DEFAULT NULL,
  `SBI_VERSION_DE` varchar(10) DEFAULT NULL,
  `META_VERSION` varchar(100) DEFAULT NULL,
  `ORGANIZATION` varchar(20) DEFAULT NULL,
  PRIMARY KEY (`MENU_ID`,`EXT_ROLE_ID`),
  KEY `FK_SBI_MENU_ROLE2` (`EXT_ROLE_ID`),
  CONSTRAINT `FK_SBI_MENU_ROLE2` FOREIGN KEY (`EXT_ROLE_ID`) REFERENCES `SBI_EXT_ROLES` (`EXT_ROLE_ID`) ON DELETE CASCADE,
  CONSTRAINT `FK_SBI_MENU_ROLE1` FOREIGN KEY (`MENU_ID`) REFERENCES `SBI_MENU` (`MENU_ID`) ON DELETE CASCADE
) ENGINE=InnoDB DEFAULT CHARSET=latin1;
/*!40101 SET character_set_client = @saved_cs_client */;

--
-- Dumping data for table `SBI_MENU_ROLE`
--

LOCK TABLES `SBI_MENU_ROLE` WRITE;
/*!40000 ALTER TABLE `SBI_MENU_ROLE` DISABLE KEYS */;
/*!40000 ALTER TABLE `SBI_MENU_ROLE` ENABLE KEYS */;
UNLOCK TABLES;

--
-- Table structure for table `SBI_OBJECTS`
--

DROP TABLE IF EXISTS `SBI_OBJECTS`;
/*!40101 SET @saved_cs_client     = @@character_set_client */;
/*!40101 SET character_set_client = utf8 */;
CREATE TABLE `SBI_OBJECTS` (
  `BIOBJ_ID` int(11) NOT NULL,
  `ENGINE_ID` int(11) NOT NULL,
  `DESCR` varchar(400) DEFAULT NULL,
  `LABEL` varchar(20) NOT NULL,
  `ENCRYPT` smallint(6) DEFAULT NULL,
  `PATH` varchar(400) DEFAULT NULL,
  `REL_NAME` varchar(400) DEFAULT NULL,
  `STATE_ID` int(11) NOT NULL,
  `STATE_CD` varchar(20) NOT NULL,
  `BIOBJ_TYPE_CD` varchar(20) NOT NULL,
  `BIOBJ_TYPE_ID` int(11) NOT NULL,
  `SCHED_FL` smallint(6) DEFAULT NULL,
  `EXEC_MODE_ID` int(11) DEFAULT NULL,
  `STATE_CONS_ID` int(11) DEFAULT NULL,
  `EXEC_MODE_CD` varchar(20) DEFAULT NULL,
  `STATE_CONS_CD` varchar(20) DEFAULT NULL,
  `NAME` varchar(200) NOT NULL,
  `VISIBLE` smallint(6) NOT NULL,
  `UUID` varchar(40) NOT NULL,
  `DATA_SOURCE_ID` int(11) DEFAULT NULL,
  `DATA_SET_ID` int(11) DEFAULT NULL,
  `CREATION_DATE` timestamp NOT NULL DEFAULT CURRENT_TIMESTAMP ON UPDATE CURRENT_TIMESTAMP,
  `CREATION_USER` varchar(45) NOT NULL,
  `REFRESH_SECONDS` int(11) DEFAULT NULL,
  `PROF_VISIBILITY` varchar(400) DEFAULT NULL,
  `USER_IN` varchar(100) NOT NULL,
  `USER_UP` varchar(100) DEFAULT NULL,
  `USER_DE` varchar(100) DEFAULT NULL,
  `TIME_IN` timestamp NOT NULL DEFAULT '0000-00-00 00:00:00',
  `TIME_UP` timestamp NULL DEFAULT NULL,
  `TIME_DE` timestamp NULL DEFAULT NULL,
  `SBI_VERSION_IN` varchar(10) DEFAULT NULL,
  `SBI_VERSION_UP` varchar(10) DEFAULT NULL,
  `SBI_VERSION_DE` varchar(10) DEFAULT NULL,
  `META_VERSION` varchar(100) DEFAULT NULL,
  `ORGANIZATION` varchar(20) DEFAULT NULL,
  PRIMARY KEY (`BIOBJ_ID`),
  UNIQUE KEY `XAK1SBI_OBJECTS` (`LABEL`,`ORGANIZATION`),
  KEY `FK_SBI_OBJECTS_2` (`STATE_ID`),
  KEY `FK_SBI_OBJECTS_3` (`BIOBJ_TYPE_ID`),
  KEY `FK_SBI_OBJECTS_5` (`ENGINE_ID`),
  KEY `FK_SBI_OBJECTS_4` (`EXEC_MODE_ID`),
  KEY `FK_SBI_OBJECTS_1` (`STATE_CONS_ID`),
  KEY `FK_SBI_OBJECTS_6` (`DATA_SOURCE_ID`),
  KEY `FK_SBI_OBJECTS_7` (`DATA_SET_ID`),
  CONSTRAINT `FK_SBI_OBJECTS_7` FOREIGN KEY (`DATA_SET_ID`) REFERENCES `SBI_DATA_SET` (`DS_ID`),
  CONSTRAINT `FK_SBI_OBJECTS_1` FOREIGN KEY (`STATE_CONS_ID`) REFERENCES `SBI_DOMAINS` (`VALUE_ID`),
  CONSTRAINT `FK_SBI_OBJECTS_2` FOREIGN KEY (`STATE_ID`) REFERENCES `SBI_DOMAINS` (`VALUE_ID`),
  CONSTRAINT `FK_SBI_OBJECTS_3` FOREIGN KEY (`BIOBJ_TYPE_ID`) REFERENCES `SBI_DOMAINS` (`VALUE_ID`),
  CONSTRAINT `FK_SBI_OBJECTS_4` FOREIGN KEY (`EXEC_MODE_ID`) REFERENCES `SBI_DOMAINS` (`VALUE_ID`),
  CONSTRAINT `FK_SBI_OBJECTS_5` FOREIGN KEY (`ENGINE_ID`) REFERENCES `SBI_ENGINES` (`ENGINE_ID`),
  CONSTRAINT `FK_SBI_OBJECTS_6` FOREIGN KEY (`DATA_SOURCE_ID`) REFERENCES `SBI_DATA_SOURCE` (`DS_ID`)
) ENGINE=InnoDB DEFAULT CHARSET=latin1;
/*!40101 SET character_set_client = @saved_cs_client */;

--
-- Dumping data for table `SBI_OBJECTS`
--

LOCK TABLES `SBI_OBJECTS` WRITE;
/*!40000 ALTER TABLE `SBI_OBJECTS` DISABLE KEYS */;
INSERT INTO `SBI_OBJECTS` VALUES (1,10,'ProcessDetailReport','ProcessDetailReport',0,NULL,'',39,'DEV','REPORT',6,NULL,NULL,NULL,NULL,NULL,'ProcessDetailReport',0,'5fdbba11-db1f-11e1-8eb6-6da3e3ef41b5',1,NULL,'2012-07-31 14:52:39','s4qadmin',0,'','s4qadmin','s4qadmin',NULL,'2012-07-31 14:52:39','2012-07-31 15:45:24',NULL,'3.5.0','3.5.0',NULL,NULL,'SPAGOBI'),(2,10,'SubInterfaceFieldDet','SubInterfaceFieldDet',0,NULL,'',39,'DEV','REPORT',6,NULL,NULL,NULL,NULL,NULL,'SubInterfaceFieldDet',0,'9aae2b0d-db1f-11e1-8eb6-6da3e3ef41b5',1,NULL,'2012-07-31 14:54:18','s4qadmin',0,'','s4qadmin','s4qadmin',NULL,'2012-07-31 14:54:18','2012-07-31 15:45:25',NULL,'3.5.0','3.5.0',NULL,NULL,'SPAGOBI'),(3,10,'SubOperatonDetail','SubOperatonDetail',0,NULL,'',39,'DEV','REPORT',6,NULL,NULL,NULL,NULL,NULL,'SubOperatonDetail',0,'bf006aa2-db1f-11e1-8eb6-6da3e3ef41b5',1,NULL,'2012-07-31 14:55:19','s4qadmin',0,'','s4qadmin','s4qadmin',NULL,'2012-07-31 14:55:19','2012-07-31 15:45:25',NULL,'3.5.0','3.5.0',NULL,NULL,'SPAGOBI'),(4,10,'subOperationParameter','SubOperationPar',0,NULL,'',39,'DEV','REPORT',6,NULL,NULL,NULL,NULL,NULL,'subOperationParameter',0,'dd761d97-db1f-11e1-8eb6-6da3e3ef41b5',1,NULL,'2012-07-31 14:56:10','s4qadmin',0,'','s4qadmin','s4qadmin',NULL,'2012-07-31 14:56:10','2012-07-31 15:45:25',NULL,'3.5.0','3.5.0',NULL,NULL,'SPAGOBI');
/*!40000 ALTER TABLE `SBI_OBJECTS` ENABLE KEYS */;
UNLOCK TABLES;

--
-- Table structure for table `SBI_OBJECTS_RATING`
--

DROP TABLE IF EXISTS `SBI_OBJECTS_RATING`;
/*!40101 SET @saved_cs_client     = @@character_set_client */;
/*!40101 SET character_set_client = utf8 */;
CREATE TABLE `SBI_OBJECTS_RATING` (
  `USER_ID` varchar(127) NOT NULL,
  `OBJ_ID` int(11) NOT NULL,
  `RATING` int(11) NOT NULL,
  `USER_IN` varchar(100) NOT NULL,
  `USER_UP` varchar(100) DEFAULT NULL,
  `USER_DE` varchar(100) DEFAULT NULL,
  `TIME_IN` timestamp NOT NULL DEFAULT CURRENT_TIMESTAMP ON UPDATE CURRENT_TIMESTAMP,
  `TIME_UP` timestamp NULL DEFAULT NULL,
  `TIME_DE` timestamp NULL DEFAULT NULL,
  `SBI_VERSION_IN` varchar(10) DEFAULT NULL,
  `SBI_VERSION_UP` varchar(10) DEFAULT NULL,
  `SBI_VERSION_DE` varchar(10) DEFAULT NULL,
  `META_VERSION` varchar(100) DEFAULT NULL,
  `ORGANIZATION` varchar(20) DEFAULT NULL,
  PRIMARY KEY (`USER_ID`,`OBJ_ID`),
  KEY `FK_SBI_OBJECTS_RATING_1` (`OBJ_ID`),
  CONSTRAINT `FK_SBI_OBJECTS_RATING_1` FOREIGN KEY (`OBJ_ID`) REFERENCES `SBI_OBJECTS` (`BIOBJ_ID`) ON DELETE CASCADE ON UPDATE CASCADE
) ENGINE=InnoDB DEFAULT CHARSET=latin1;
/*!40101 SET character_set_client = @saved_cs_client */;

--
-- Dumping data for table `SBI_OBJECTS_RATING`
--

LOCK TABLES `SBI_OBJECTS_RATING` WRITE;
/*!40000 ALTER TABLE `SBI_OBJECTS_RATING` DISABLE KEYS */;
/*!40000 ALTER TABLE `SBI_OBJECTS_RATING` ENABLE KEYS */;
UNLOCK TABLES;

--
-- Table structure for table `SBI_OBJECT_NOTES`
--

DROP TABLE IF EXISTS `SBI_OBJECT_NOTES`;
/*!40101 SET @saved_cs_client     = @@character_set_client */;
/*!40101 SET character_set_client = utf8 */;
CREATE TABLE `SBI_OBJECT_NOTES` (
  `OBJ_NOTE_ID` int(11) NOT NULL,
  `BIOBJ_ID` int(11) DEFAULT NULL,
  `BIN_ID` int(11) DEFAULT NULL,
  `EXEC_REQ` varchar(500) DEFAULT NULL,
  `OWNER` varchar(50) DEFAULT NULL,
  `ISPUBLIC` tinyint(1) DEFAULT NULL,
  `CREATION_DATE` timestamp NOT NULL DEFAULT CURRENT_TIMESTAMP ON UPDATE CURRENT_TIMESTAMP,
  `LAST_CHANGE_DATE` timestamp NOT NULL DEFAULT '0000-00-00 00:00:00',
  `USER_IN` varchar(100) NOT NULL,
  `USER_UP` varchar(100) DEFAULT NULL,
  `USER_DE` varchar(100) DEFAULT NULL,
  `TIME_IN` timestamp NOT NULL DEFAULT '0000-00-00 00:00:00',
  `TIME_UP` timestamp NULL DEFAULT NULL,
  `TIME_DE` timestamp NULL DEFAULT NULL,
  `SBI_VERSION_IN` varchar(10) DEFAULT NULL,
  `SBI_VERSION_UP` varchar(10) DEFAULT NULL,
  `SBI_VERSION_DE` varchar(10) DEFAULT NULL,
  `META_VERSION` varchar(100) DEFAULT NULL,
  `ORGANIZATION` varchar(20) DEFAULT NULL,
  PRIMARY KEY (`OBJ_NOTE_ID`),
  KEY `FK_SBI_OBJECT_NOTES_1` (`BIN_ID`),
  KEY `FK_SBI_OBJECT_NOTES_2` (`BIOBJ_ID`),
  CONSTRAINT `FK_SBI_OBJECT_NOTES_2` FOREIGN KEY (`BIOBJ_ID`) REFERENCES `SBI_OBJECTS` (`BIOBJ_ID`),
  CONSTRAINT `FK_SBI_OBJECT_NOTES_1` FOREIGN KEY (`BIN_ID`) REFERENCES `SBI_BINARY_CONTENTS` (`BIN_ID`)
) ENGINE=InnoDB DEFAULT CHARSET=latin1;
/*!40101 SET character_set_client = @saved_cs_client */;

--
-- Dumping data for table `SBI_OBJECT_NOTES`
--

LOCK TABLES `SBI_OBJECT_NOTES` WRITE;
/*!40000 ALTER TABLE `SBI_OBJECT_NOTES` DISABLE KEYS */;
/*!40000 ALTER TABLE `SBI_OBJECT_NOTES` ENABLE KEYS */;
UNLOCK TABLES;

--
-- Table structure for table `SBI_OBJECT_TEMPLATES`
--

DROP TABLE IF EXISTS `SBI_OBJECT_TEMPLATES`;
/*!40101 SET @saved_cs_client     = @@character_set_client */;
/*!40101 SET character_set_client = utf8 */;
CREATE TABLE `SBI_OBJECT_TEMPLATES` (
  `OBJ_TEMP_ID` int(11) NOT NULL,
  `BIOBJ_ID` int(11) DEFAULT NULL,
  `BIN_ID` int(11) DEFAULT NULL,
  `NAME` varchar(50) DEFAULT NULL,
  `PROG` int(11) DEFAULT NULL,
  `DIMENSION` varchar(20) DEFAULT NULL,
  `CREATION_DATE` datetime DEFAULT NULL,
  `CREATION_USER` varchar(45) NOT NULL,
  `ACTIVE` tinyint(1) DEFAULT NULL,
  `USER_IN` varchar(100) NOT NULL,
  `USER_UP` varchar(100) DEFAULT NULL,
  `USER_DE` varchar(100) DEFAULT NULL,
  `TIME_IN` timestamp NOT NULL DEFAULT CURRENT_TIMESTAMP ON UPDATE CURRENT_TIMESTAMP,
  `TIME_UP` timestamp NULL DEFAULT NULL,
  `TIME_DE` timestamp NULL DEFAULT NULL,
  `SBI_VERSION_IN` varchar(10) DEFAULT NULL,
  `SBI_VERSION_UP` varchar(10) DEFAULT NULL,
  `SBI_VERSION_DE` varchar(10) DEFAULT NULL,
  `META_VERSION` varchar(100) DEFAULT NULL,
  `ORGANIZATION` varchar(20) DEFAULT NULL,
  PRIMARY KEY (`OBJ_TEMP_ID`),
  KEY `FK_SBI_OBJECT_TEMPLATES_1` (`BIN_ID`),
  KEY `FK_SBI_OBJECT_TEMPLATES_2` (`BIOBJ_ID`),
  CONSTRAINT `FK_SBI_OBJECT_TEMPLATES_2` FOREIGN KEY (`BIOBJ_ID`) REFERENCES `SBI_OBJECTS` (`BIOBJ_ID`),
  CONSTRAINT `FK_SBI_OBJECT_TEMPLATES_1` FOREIGN KEY (`BIN_ID`) REFERENCES `SBI_BINARY_CONTENTS` (`BIN_ID`)
) ENGINE=InnoDB DEFAULT CHARSET=latin1;
/*!40101 SET character_set_client = @saved_cs_client */;

--
-- Dumping data for table `SBI_OBJECT_TEMPLATES`
--

LOCK TABLES `SBI_OBJECT_TEMPLATES` WRITE;
/*!40000 ALTER TABLE `SBI_OBJECT_TEMPLATES` DISABLE KEYS */;
INSERT INTO `SBI_OBJECT_TEMPLATES` VALUES (5,1,5,'processDetail.jrxml',2,'13 KByte','2012-07-31 17:34:38','s4qadmin',1,'s4qadmin',NULL,NULL,'2012-07-31 15:45:24',NULL,NULL,'3.5.0',NULL,NULL,NULL,'SPAGOBI'),(6,2,6,'subInterfaceFieldDetail.jrxml',2,'12 KByte','2012-07-31 16:54:18','s4qadmin',1,'s4qadmin',NULL,NULL,'2012-07-31 15:45:25',NULL,NULL,'3.5.0',NULL,NULL,NULL,'SPAGOBI'),(7,4,7,'subOperationParameterDetail.jrxml',2,'5 KByte','2012-07-31 16:56:10','s4qadmin',1,'s4qadmin',NULL,NULL,'2012-07-31 15:45:25',NULL,NULL,'3.5.0',NULL,NULL,NULL,'SPAGOBI'),(8,3,8,'subOperatonDetail.jrxml',2,'12 KByte','2012-07-31 16:55:19','s4qadmin',1,'s4qadmin',NULL,NULL,'2012-07-31 15:45:25',NULL,NULL,'3.5.0',NULL,NULL,NULL,'SPAGOBI');
/*!40000 ALTER TABLE `SBI_OBJECT_TEMPLATES` ENABLE KEYS */;
UNLOCK TABLES;

--
-- Table structure for table `SBI_OBJ_FUNC`
--

DROP TABLE IF EXISTS `SBI_OBJ_FUNC`;
/*!40101 SET @saved_cs_client     = @@character_set_client */;
/*!40101 SET character_set_client = utf8 */;
CREATE TABLE `SBI_OBJ_FUNC` (
  `BIOBJ_ID` int(11) NOT NULL,
  `FUNCT_ID` int(11) NOT NULL,
  `PROG` int(11) DEFAULT NULL,
  `USER_IN` varchar(100) NOT NULL,
  `USER_UP` varchar(100) DEFAULT NULL,
  `USER_DE` varchar(100) DEFAULT NULL,
  `TIME_IN` timestamp NOT NULL DEFAULT CURRENT_TIMESTAMP ON UPDATE CURRENT_TIMESTAMP,
  `TIME_UP` timestamp NULL DEFAULT NULL,
  `TIME_DE` timestamp NULL DEFAULT NULL,
  `SBI_VERSION_IN` varchar(10) DEFAULT NULL,
  `SBI_VERSION_UP` varchar(10) DEFAULT NULL,
  `SBI_VERSION_DE` varchar(10) DEFAULT NULL,
  `META_VERSION` varchar(100) DEFAULT NULL,
  `ORGANIZATION` varchar(20) DEFAULT NULL,
  PRIMARY KEY (`BIOBJ_ID`,`FUNCT_ID`),
  KEY `FK_SBI_OBJ_FUNC_1` (`FUNCT_ID`),
  CONSTRAINT `FK_SBI_OBJ_FUNC_1` FOREIGN KEY (`FUNCT_ID`) REFERENCES `SBI_FUNCTIONS` (`FUNCT_ID`),
  CONSTRAINT `FK_SBI_OBJ_FUNC_2` FOREIGN KEY (`BIOBJ_ID`) REFERENCES `SBI_OBJECTS` (`BIOBJ_ID`)
) ENGINE=InnoDB DEFAULT CHARSET=latin1;
/*!40101 SET character_set_client = @saved_cs_client */;

--
-- Dumping data for table `SBI_OBJ_FUNC`
--

LOCK TABLES `SBI_OBJ_FUNC` WRITE;
/*!40000 ALTER TABLE `SBI_OBJ_FUNC` DISABLE KEYS */;
INSERT INTO `SBI_OBJ_FUNC` VALUES (1,2,NULL,'server','s4qadmin',NULL,'2012-07-31 14:57:25','2012-07-31 14:57:25',NULL,'3.5.0','3.5.0',NULL,NULL,'SPAGOBI'),(2,2,NULL,'s4qadmin',NULL,NULL,'2012-07-31 14:54:18',NULL,NULL,'3.5.0',NULL,NULL,NULL,'SPAGOBI'),(3,2,NULL,'server','s4qadmin',NULL,'2012-07-31 14:55:21','2012-07-31 14:55:21',NULL,'3.5.0','3.5.0',NULL,NULL,'SPAGOBI'),(4,2,NULL,'server','s4qadmin',NULL,'2012-07-31 14:56:13','2012-07-31 14:56:13',NULL,'3.5.0','3.5.0',NULL,NULL,'SPAGOBI');
/*!40000 ALTER TABLE `SBI_OBJ_FUNC` ENABLE KEYS */;
UNLOCK TABLES;

--
-- Table structure for table `SBI_OBJ_METACONTENTS`
--

DROP TABLE IF EXISTS `SBI_OBJ_METACONTENTS`;
/*!40101 SET @saved_cs_client     = @@character_set_client */;
/*!40101 SET character_set_client = utf8 */;
CREATE TABLE `SBI_OBJ_METACONTENTS` (
  `OBJ_METACONTENT_ID` int(11) NOT NULL,
  `OBJMETA_ID` int(11) NOT NULL,
  `BIOBJ_ID` int(11) NOT NULL,
  `SUBOBJ_ID` int(11) DEFAULT NULL,
  `BIN_ID` int(11) DEFAULT NULL,
  `CREATION_DATE` timestamp NOT NULL DEFAULT CURRENT_TIMESTAMP ON UPDATE CURRENT_TIMESTAMP,
  `LAST_CHANGE_DATE` timestamp NOT NULL DEFAULT '0000-00-00 00:00:00',
  `USER_IN` varchar(100) NOT NULL,
  `USER_UP` varchar(100) DEFAULT NULL,
  `USER_DE` varchar(100) DEFAULT NULL,
  `TIME_IN` timestamp NOT NULL DEFAULT '0000-00-00 00:00:00',
  `TIME_UP` timestamp NULL DEFAULT NULL,
  `TIME_DE` timestamp NULL DEFAULT NULL,
  `SBI_VERSION_IN` varchar(10) DEFAULT NULL,
  `SBI_VERSION_UP` varchar(10) DEFAULT NULL,
  `SBI_VERSION_DE` varchar(10) DEFAULT NULL,
  `META_VERSION` varchar(100) DEFAULT NULL,
  `ORGANIZATION` varchar(20) DEFAULT NULL,
  PRIMARY KEY (`OBJ_METACONTENT_ID`),
  UNIQUE KEY `XAK1SBI_OBJ_METACONTENTS` (`OBJMETA_ID`,`BIOBJ_ID`,`SUBOBJ_ID`),
  KEY `FK_SBI_OBJ_METACONTENTS_2` (`BIOBJ_ID`),
  KEY `FK_SBI_OBJ_METACONTENTS_3` (`SUBOBJ_ID`),
  KEY `FK_SBI_OBJ_METACONTENTS_4` (`BIN_ID`),
  CONSTRAINT `FK_SBI_OBJ_METACONTENTS_4` FOREIGN KEY (`BIN_ID`) REFERENCES `SBI_BINARY_CONTENTS` (`BIN_ID`),
  CONSTRAINT `FK_SBI_OBJ_METACONTENTS_1` FOREIGN KEY (`OBJMETA_ID`) REFERENCES `SBI_OBJ_METADATA` (`OBJ_META_ID`),
  CONSTRAINT `FK_SBI_OBJ_METACONTENTS_2` FOREIGN KEY (`BIOBJ_ID`) REFERENCES `SBI_OBJECTS` (`BIOBJ_ID`),
  CONSTRAINT `FK_SBI_OBJ_METACONTENTS_3` FOREIGN KEY (`SUBOBJ_ID`) REFERENCES `SBI_SUBOBJECTS` (`SUBOBJ_ID`)
) ENGINE=InnoDB DEFAULT CHARSET=latin1;
/*!40101 SET character_set_client = @saved_cs_client */;

--
-- Dumping data for table `SBI_OBJ_METACONTENTS`
--

LOCK TABLES `SBI_OBJ_METACONTENTS` WRITE;
/*!40000 ALTER TABLE `SBI_OBJ_METACONTENTS` DISABLE KEYS */;
/*!40000 ALTER TABLE `SBI_OBJ_METACONTENTS` ENABLE KEYS */;
UNLOCK TABLES;

--
-- Table structure for table `SBI_OBJ_METADATA`
--

DROP TABLE IF EXISTS `SBI_OBJ_METADATA`;
/*!40101 SET @saved_cs_client     = @@character_set_client */;
/*!40101 SET character_set_client = utf8 */;
CREATE TABLE `SBI_OBJ_METADATA` (
  `OBJ_META_ID` int(11) NOT NULL,
  `LABEL` varchar(20) NOT NULL,
  `NAME` varchar(40) NOT NULL,
  `DESCRIPTION` varchar(100) DEFAULT NULL,
  `DATA_TYPE_ID` int(11) NOT NULL,
  `CREATION_DATE` timestamp NOT NULL DEFAULT CURRENT_TIMESTAMP ON UPDATE CURRENT_TIMESTAMP,
  `USER_IN` varchar(100) NOT NULL,
  `USER_UP` varchar(100) DEFAULT NULL,
  `USER_DE` varchar(100) DEFAULT NULL,
  `TIME_IN` timestamp NOT NULL DEFAULT '0000-00-00 00:00:00',
  `TIME_UP` timestamp NULL DEFAULT NULL,
  `TIME_DE` timestamp NULL DEFAULT NULL,
  `SBI_VERSION_IN` varchar(10) DEFAULT NULL,
  `SBI_VERSION_UP` varchar(10) DEFAULT NULL,
  `SBI_VERSION_DE` varchar(10) DEFAULT NULL,
  `META_VERSION` varchar(100) DEFAULT NULL,
  `ORGANIZATION` varchar(20) DEFAULT NULL,
  PRIMARY KEY (`OBJ_META_ID`),
  UNIQUE KEY `XAK1SBI_OBJ_METADATA` (`LABEL`,`ORGANIZATION`),
  KEY `FK_SBI_OBJ_METADATA_1` (`DATA_TYPE_ID`),
  CONSTRAINT `FK_SBI_OBJ_METADATA_1` FOREIGN KEY (`DATA_TYPE_ID`) REFERENCES `SBI_DOMAINS` (`VALUE_ID`)
) ENGINE=InnoDB DEFAULT CHARSET=latin1;
/*!40101 SET character_set_client = @saved_cs_client */;

--
-- Dumping data for table `SBI_OBJ_METADATA`
--

LOCK TABLES `SBI_OBJ_METADATA` WRITE;
/*!40000 ALTER TABLE `SBI_OBJ_METADATA` DISABLE KEYS */;
/*!40000 ALTER TABLE `SBI_OBJ_METADATA` ENABLE KEYS */;
UNLOCK TABLES;

--
-- Table structure for table `SBI_OBJ_PAR`
--

DROP TABLE IF EXISTS `SBI_OBJ_PAR`;
/*!40101 SET @saved_cs_client     = @@character_set_client */;
/*!40101 SET character_set_client = utf8 */;
CREATE TABLE `SBI_OBJ_PAR` (
  `OBJ_PAR_ID` int(11) NOT NULL,
  `PAR_ID` int(11) NOT NULL,
  `BIOBJ_ID` int(11) NOT NULL,
  `LABEL` varchar(40) NOT NULL,
  `REQ_FL` smallint(6) DEFAULT NULL,
  `MOD_FL` smallint(6) DEFAULT NULL,
  `VIEW_FL` smallint(6) DEFAULT NULL,
  `MULT_FL` smallint(6) DEFAULT NULL,
  `PROG` int(11) NOT NULL,
  `PARURL_NM` varchar(20) DEFAULT NULL,
  `PRIORITY` int(11) DEFAULT NULL,
  `USER_IN` varchar(100) NOT NULL,
  `USER_UP` varchar(100) DEFAULT NULL,
  `USER_DE` varchar(100) DEFAULT NULL,
  `TIME_IN` timestamp NOT NULL DEFAULT CURRENT_TIMESTAMP ON UPDATE CURRENT_TIMESTAMP,
  `TIME_UP` timestamp NULL DEFAULT NULL,
  `TIME_DE` timestamp NULL DEFAULT NULL,
  `SBI_VERSION_IN` varchar(10) DEFAULT NULL,
  `SBI_VERSION_UP` varchar(10) DEFAULT NULL,
  `SBI_VERSION_DE` varchar(10) DEFAULT NULL,
  `META_VERSION` varchar(100) DEFAULT NULL,
  `ORGANIZATION` varchar(20) DEFAULT NULL,
  PRIMARY KEY (`OBJ_PAR_ID`),
  KEY `FK_SBI_OBJ_PAR_1` (`BIOBJ_ID`),
  KEY `FK_SBI_OBJ_PAR_2` (`PAR_ID`),
  CONSTRAINT `FK_SBI_OBJ_PAR_2` FOREIGN KEY (`PAR_ID`) REFERENCES `SBI_PARAMETERS` (`PAR_ID`),
  CONSTRAINT `FK_SBI_OBJ_PAR_1` FOREIGN KEY (`BIOBJ_ID`) REFERENCES `SBI_OBJECTS` (`BIOBJ_ID`)
) ENGINE=InnoDB DEFAULT CHARSET=latin1;
/*!40101 SET character_set_client = @saved_cs_client */;

--
-- Dumping data for table `SBI_OBJ_PAR`
--

LOCK TABLES `SBI_OBJ_PAR` WRITE;
/*!40000 ALTER TABLE `SBI_OBJ_PAR` DISABLE KEYS */;
INSERT INTO `SBI_OBJ_PAR` VALUES (3,2,1,'PROCESS_ID',0,0,1,0,1,'ID_PROCESS',1,'s4qadmin',NULL,NULL,'2012-07-31 15:45:24',NULL,NULL,'3.5.0',NULL,NULL,NULL,'SPAGOBI'),(4,1,1,'outputType',0,0,1,0,1,'outputType',2,'s4qadmin',NULL,NULL,'2012-07-31 15:45:24',NULL,NULL,'3.5.0',NULL,NULL,NULL,'SPAGOBI');
/*!40000 ALTER TABLE `SBI_OBJ_PAR` ENABLE KEYS */;
UNLOCK TABLES;

--
-- Table structure for table `SBI_OBJ_PARUSE`
--

DROP TABLE IF EXISTS `SBI_OBJ_PARUSE`;
/*!40101 SET @saved_cs_client     = @@character_set_client */;
/*!40101 SET character_set_client = utf8 */;
CREATE TABLE `SBI_OBJ_PARUSE` (
  `OBJ_PAR_ID` int(11) NOT NULL,
  `USE_ID` int(11) NOT NULL,
  `OBJ_PAR_FATHER_ID` int(11) NOT NULL,
  `FILTER_OPERATION` varchar(20) NOT NULL,
  `PROG` int(11) NOT NULL,
  `FILTER_COLUMN` varchar(30) NOT NULL,
  `PRE_CONDITION` varchar(10) DEFAULT NULL,
  `POST_CONDITION` varchar(10) DEFAULT NULL,
  `LOGIC_OPERATOR` varchar(10) DEFAULT NULL,
  `USER_IN` varchar(100) NOT NULL,
  `USER_UP` varchar(100) DEFAULT NULL,
  `USER_DE` varchar(100) DEFAULT NULL,
  `TIME_IN` timestamp NOT NULL DEFAULT CURRENT_TIMESTAMP ON UPDATE CURRENT_TIMESTAMP,
  `TIME_UP` timestamp NULL DEFAULT NULL,
  `TIME_DE` timestamp NULL DEFAULT NULL,
  `SBI_VERSION_IN` varchar(10) DEFAULT NULL,
  `SBI_VERSION_UP` varchar(10) DEFAULT NULL,
  `SBI_VERSION_DE` varchar(10) DEFAULT NULL,
  `META_VERSION` varchar(100) DEFAULT NULL,
  `ORGANIZATION` varchar(20) DEFAULT NULL,
  PRIMARY KEY (`OBJ_PAR_ID`,`USE_ID`,`OBJ_PAR_FATHER_ID`,`FILTER_OPERATION`),
  KEY `FK_SBI_OBJ_PARUSE_2` (`USE_ID`),
  KEY `FK_SBI_OBJ_PARUSE_3` (`OBJ_PAR_FATHER_ID`),
  CONSTRAINT `FK_SBI_OBJ_PARUSE_3` FOREIGN KEY (`OBJ_PAR_FATHER_ID`) REFERENCES `SBI_OBJ_PAR` (`OBJ_PAR_ID`),
  CONSTRAINT `FK_SBI_OBJ_PARUSE_1` FOREIGN KEY (`OBJ_PAR_ID`) REFERENCES `SBI_OBJ_PAR` (`OBJ_PAR_ID`),
  CONSTRAINT `FK_SBI_OBJ_PARUSE_2` FOREIGN KEY (`USE_ID`) REFERENCES `SBI_PARUSE` (`USE_ID`)
) ENGINE=InnoDB DEFAULT CHARSET=latin1;
/*!40101 SET character_set_client = @saved_cs_client */;

--
-- Dumping data for table `SBI_OBJ_PARUSE`
--

LOCK TABLES `SBI_OBJ_PARUSE` WRITE;
/*!40000 ALTER TABLE `SBI_OBJ_PARUSE` DISABLE KEYS */;
/*!40000 ALTER TABLE `SBI_OBJ_PARUSE` ENABLE KEYS */;
UNLOCK TABLES;

--
-- Table structure for table `SBI_OBJ_PARVIEW`
--

DROP TABLE IF EXISTS `SBI_OBJ_PARVIEW`;
/*!40101 SET @saved_cs_client     = @@character_set_client */;
/*!40101 SET character_set_client = utf8 */;
CREATE TABLE `SBI_OBJ_PARVIEW` (
  `OBJ_PAR_ID` int(11) NOT NULL,
  `OBJ_PAR_FATHER_ID` int(11) NOT NULL,
  `OPERATION` varchar(20) NOT NULL,
  `COMPARE_VALUE` varchar(200) NOT NULL,
  `VIEW_LABEL` varchar(50) DEFAULT NULL,
  `PROG` int(11) DEFAULT NULL,
  `USER_IN` varchar(100) NOT NULL,
  `USER_UP` varchar(100) DEFAULT NULL,
  `USER_DE` varchar(100) DEFAULT NULL,
  `TIME_IN` timestamp NOT NULL DEFAULT CURRENT_TIMESTAMP ON UPDATE CURRENT_TIMESTAMP,
  `TIME_UP` timestamp NULL DEFAULT NULL,
  `TIME_DE` timestamp NULL DEFAULT NULL,
  `SBI_VERSION_IN` varchar(10) DEFAULT NULL,
  `SBI_VERSION_UP` varchar(10) DEFAULT NULL,
  `SBI_VERSION_DE` varchar(10) DEFAULT NULL,
  `META_VERSION` varchar(100) DEFAULT NULL,
  `ORGANIZATION` varchar(20) DEFAULT NULL,
  PRIMARY KEY (`OBJ_PAR_ID`,`OBJ_PAR_FATHER_ID`,`OPERATION`,`COMPARE_VALUE`),
  KEY `FK_SBI_OBJ_PARVIEW_2` (`OBJ_PAR_FATHER_ID`),
  CONSTRAINT `FK_SBI_OBJ_PARVIEW_2` FOREIGN KEY (`OBJ_PAR_FATHER_ID`) REFERENCES `SBI_OBJ_PAR` (`OBJ_PAR_ID`),
  CONSTRAINT `FK_SBI_OBJ_PARVIEW_1` FOREIGN KEY (`OBJ_PAR_ID`) REFERENCES `SBI_OBJ_PAR` (`OBJ_PAR_ID`)
) ENGINE=InnoDB DEFAULT CHARSET=latin1;
/*!40101 SET character_set_client = @saved_cs_client */;

--
-- Dumping data for table `SBI_OBJ_PARVIEW`
--

LOCK TABLES `SBI_OBJ_PARVIEW` WRITE;
/*!40000 ALTER TABLE `SBI_OBJ_PARVIEW` DISABLE KEYS */;
/*!40000 ALTER TABLE `SBI_OBJ_PARVIEW` ENABLE KEYS */;
UNLOCK TABLES;

--
-- Table structure for table `SBI_OBJ_STATE`
--

DROP TABLE IF EXISTS `SBI_OBJ_STATE`;
/*!40101 SET @saved_cs_client     = @@character_set_client */;
/*!40101 SET character_set_client = utf8 */;
CREATE TABLE `SBI_OBJ_STATE` (
  `BIOBJ_ID` int(11) NOT NULL,
  `STATE_ID` int(11) NOT NULL,
  `END_DT` date DEFAULT NULL,
  `START_DT` date NOT NULL,
  `NOTE` varchar(300) DEFAULT NULL,
  `USER_IN` varchar(100) NOT NULL,
  `USER_UP` varchar(100) DEFAULT NULL,
  `USER_DE` varchar(100) DEFAULT NULL,
  `TIME_IN` timestamp NOT NULL DEFAULT CURRENT_TIMESTAMP ON UPDATE CURRENT_TIMESTAMP,
  `TIME_UP` timestamp NULL DEFAULT NULL,
  `TIME_DE` timestamp NULL DEFAULT NULL,
  `SBI_VERSION_IN` varchar(10) DEFAULT NULL,
  `SBI_VERSION_UP` varchar(10) DEFAULT NULL,
  `SBI_VERSION_DE` varchar(10) DEFAULT NULL,
  `META_VERSION` varchar(100) DEFAULT NULL,
  `ORGANIZATION` varchar(20) DEFAULT NULL,
  PRIMARY KEY (`BIOBJ_ID`,`STATE_ID`,`START_DT`),
  KEY `FK_SBI_OBJ_STATE_2` (`STATE_ID`),
  CONSTRAINT `FK_SBI_OBJ_STATE_2` FOREIGN KEY (`STATE_ID`) REFERENCES `SBI_DOMAINS` (`VALUE_ID`),
  CONSTRAINT `FK_SBI_OBJ_STATE_1` FOREIGN KEY (`BIOBJ_ID`) REFERENCES `SBI_OBJECTS` (`BIOBJ_ID`)
) ENGINE=InnoDB DEFAULT CHARSET=latin1;
/*!40101 SET character_set_client = @saved_cs_client */;

--
-- Dumping data for table `SBI_OBJ_STATE`
--

LOCK TABLES `SBI_OBJ_STATE` WRITE;
/*!40000 ALTER TABLE `SBI_OBJ_STATE` DISABLE KEYS */;
/*!40000 ALTER TABLE `SBI_OBJ_STATE` ENABLE KEYS */;
UNLOCK TABLES;

--
-- Table structure for table `SBI_ORGANIZATIONS`
--

DROP TABLE IF EXISTS `SBI_ORGANIZATIONS`;
/*!40101 SET @saved_cs_client     = @@character_set_client */;
/*!40101 SET character_set_client = utf8 */;
CREATE TABLE `SBI_ORGANIZATIONS` (
  `ID` int(11) NOT NULL,
  `NAME` varchar(200) DEFAULT NULL,
  PRIMARY KEY (`ID`),
  UNIQUE KEY `XAK1SBI_ORGANIZATIONS` (`NAME`)
) ENGINE=InnoDB DEFAULT CHARSET=latin1;
/*!40101 SET character_set_client = @saved_cs_client */;

--
-- Dumping data for table `SBI_ORGANIZATIONS`
--

LOCK TABLES `SBI_ORGANIZATIONS` WRITE;
/*!40000 ALTER TABLE `SBI_ORGANIZATIONS` DISABLE KEYS */;
INSERT INTO `SBI_ORGANIZATIONS` VALUES (1,'SPAGOBI');
/*!40000 ALTER TABLE `SBI_ORGANIZATIONS` ENABLE KEYS */;
UNLOCK TABLES;

--
-- Table structure for table `SBI_ORG_UNIT`
--

DROP TABLE IF EXISTS `SBI_ORG_UNIT`;
/*!40101 SET @saved_cs_client     = @@character_set_client */;
/*!40101 SET character_set_client = utf8 */;
CREATE TABLE `SBI_ORG_UNIT` (
  `ID` int(11) NOT NULL,
  `LABEL` varchar(100) NOT NULL,
  `NAME` varchar(200) NOT NULL,
  `DESCRIPTION` varchar(1000) DEFAULT NULL,
  `USER_IN` varchar(100) NOT NULL,
  `USER_UP` varchar(100) DEFAULT NULL,
  `USER_DE` varchar(100) DEFAULT NULL,
  `TIME_IN` timestamp NOT NULL DEFAULT CURRENT_TIMESTAMP ON UPDATE CURRENT_TIMESTAMP,
  `TIME_UP` timestamp NULL DEFAULT NULL,
  `TIME_DE` timestamp NULL DEFAULT NULL,
  `SBI_VERSION_IN` varchar(10) DEFAULT NULL,
  `SBI_VERSION_UP` varchar(10) DEFAULT NULL,
  `SBI_VERSION_DE` varchar(10) DEFAULT NULL,
  `META_VERSION` varchar(100) DEFAULT NULL,
  `ORGANIZATION` varchar(20) DEFAULT NULL,
  PRIMARY KEY (`ID`),
  UNIQUE KEY `XIF1SBI_ORG_UNIT` (`LABEL`,`NAME`,`ORGANIZATION`)
) ENGINE=InnoDB DEFAULT CHARSET=latin1;
/*!40101 SET character_set_client = @saved_cs_client */;

--
-- Dumping data for table `SBI_ORG_UNIT`
--

LOCK TABLES `SBI_ORG_UNIT` WRITE;
/*!40000 ALTER TABLE `SBI_ORG_UNIT` DISABLE KEYS */;
/*!40000 ALTER TABLE `SBI_ORG_UNIT` ENABLE KEYS */;
UNLOCK TABLES;

--
-- Table structure for table `SBI_ORG_UNIT_GRANT`
--

DROP TABLE IF EXISTS `SBI_ORG_UNIT_GRANT`;
/*!40101 SET @saved_cs_client     = @@character_set_client */;
/*!40101 SET character_set_client = utf8 */;
CREATE TABLE `SBI_ORG_UNIT_GRANT` (
  `ID` int(11) NOT NULL,
  `HIERARCHY_ID` int(11) NOT NULL,
  `KPI_MODEL_INST_NODE_ID` int(11) NOT NULL,
  `START_DATE` date DEFAULT NULL,
  `END_DATE` date DEFAULT NULL,
  `LABEL` varchar(200) NOT NULL,
  `NAME` varchar(400) NOT NULL,
  `DESCRIPTION` varchar(1000) DEFAULT NULL,
  `USER_IN` varchar(100) NOT NULL,
  `USER_UP` varchar(100) DEFAULT NULL,
  `USER_DE` varchar(100) DEFAULT NULL,
  `TIME_IN` timestamp NOT NULL DEFAULT CURRENT_TIMESTAMP ON UPDATE CURRENT_TIMESTAMP,
  `TIME_UP` timestamp NULL DEFAULT NULL,
  `TIME_DE` timestamp NULL DEFAULT NULL,
  `SBI_VERSION_IN` varchar(10) DEFAULT NULL,
  `SBI_VERSION_UP` varchar(10) DEFAULT NULL,
  `SBI_VERSION_DE` varchar(10) DEFAULT NULL,
  `META_VERSION` varchar(100) DEFAULT NULL,
  `ORGANIZATION` varchar(20) DEFAULT NULL,
  `IS_AVAILABLE` int(11) DEFAULT '1',
  PRIMARY KEY (`ID`),
  UNIQUE KEY `XIF1SBI_ORG_UNIT_GRANT` (`LABEL`,`ORGANIZATION`),
  KEY `FK_SBI_ORG_UNIT_GRANT_2` (`HIERARCHY_ID`),
  KEY `FK_SBI_ORG_UNIT_GRANT_3` (`KPI_MODEL_INST_NODE_ID`),
  CONSTRAINT `FK_SBI_ORG_UNIT_GRANT_3` FOREIGN KEY (`KPI_MODEL_INST_NODE_ID`) REFERENCES `SBI_KPI_MODEL_INST` (`KPI_MODEL_INST`) ON DELETE CASCADE,
  CONSTRAINT `FK_SBI_ORG_UNIT_GRANT_2` FOREIGN KEY (`HIERARCHY_ID`) REFERENCES `SBI_ORG_UNIT_HIERARCHIES` (`ID`) ON DELETE CASCADE
) ENGINE=InnoDB DEFAULT CHARSET=latin1;
/*!40101 SET character_set_client = @saved_cs_client */;

--
-- Dumping data for table `SBI_ORG_UNIT_GRANT`
--

LOCK TABLES `SBI_ORG_UNIT_GRANT` WRITE;
/*!40000 ALTER TABLE `SBI_ORG_UNIT_GRANT` DISABLE KEYS */;
/*!40000 ALTER TABLE `SBI_ORG_UNIT_GRANT` ENABLE KEYS */;
UNLOCK TABLES;

--
-- Table structure for table `SBI_ORG_UNIT_GRANT_NODES`
--

DROP TABLE IF EXISTS `SBI_ORG_UNIT_GRANT_NODES`;
/*!40101 SET @saved_cs_client     = @@character_set_client */;
/*!40101 SET character_set_client = utf8 */;
CREATE TABLE `SBI_ORG_UNIT_GRANT_NODES` (
  `NODE_ID` int(11) NOT NULL,
  `KPI_MODEL_INST_NODE_ID` int(11) NOT NULL,
  `GRANT_ID` int(11) NOT NULL,
  `USER_IN` varchar(100) NOT NULL,
  `USER_UP` varchar(100) DEFAULT NULL,
  `USER_DE` varchar(100) DEFAULT NULL,
  `TIME_IN` timestamp NOT NULL DEFAULT CURRENT_TIMESTAMP ON UPDATE CURRENT_TIMESTAMP,
  `TIME_UP` timestamp NULL DEFAULT NULL,
  `TIME_DE` timestamp NULL DEFAULT NULL,
  `SBI_VERSION_IN` varchar(10) DEFAULT NULL,
  `SBI_VERSION_UP` varchar(10) DEFAULT NULL,
  `SBI_VERSION_DE` varchar(10) DEFAULT NULL,
  `META_VERSION` varchar(100) DEFAULT NULL,
  `ORGANIZATION` varchar(20) DEFAULT NULL,
  PRIMARY KEY (`NODE_ID`,`KPI_MODEL_INST_NODE_ID`,`GRANT_ID`),
  KEY `FK_SBI_ORG_UNIT_GRANT_NODES_2` (`KPI_MODEL_INST_NODE_ID`),
  KEY `FK_SBI_ORG_UNIT_GRANT_NODES_3` (`GRANT_ID`),
  CONSTRAINT `FK_SBI_ORG_UNIT_GRANT_NODES_3` FOREIGN KEY (`GRANT_ID`) REFERENCES `SBI_ORG_UNIT_GRANT` (`ID`) ON DELETE CASCADE,
  CONSTRAINT `FK_SBI_ORG_UNIT_GRANT_NODES_1` FOREIGN KEY (`NODE_ID`) REFERENCES `SBI_ORG_UNIT_NODES` (`NODE_ID`) ON DELETE CASCADE,
  CONSTRAINT `FK_SBI_ORG_UNIT_GRANT_NODES_2` FOREIGN KEY (`KPI_MODEL_INST_NODE_ID`) REFERENCES `SBI_KPI_MODEL_INST` (`KPI_MODEL_INST`) ON DELETE CASCADE
) ENGINE=InnoDB DEFAULT CHARSET=latin1;
/*!40101 SET character_set_client = @saved_cs_client */;

--
-- Dumping data for table `SBI_ORG_UNIT_GRANT_NODES`
--

LOCK TABLES `SBI_ORG_UNIT_GRANT_NODES` WRITE;
/*!40000 ALTER TABLE `SBI_ORG_UNIT_GRANT_NODES` DISABLE KEYS */;
/*!40000 ALTER TABLE `SBI_ORG_UNIT_GRANT_NODES` ENABLE KEYS */;
UNLOCK TABLES;

--
-- Table structure for table `SBI_ORG_UNIT_HIERARCHIES`
--

DROP TABLE IF EXISTS `SBI_ORG_UNIT_HIERARCHIES`;
/*!40101 SET @saved_cs_client     = @@character_set_client */;
/*!40101 SET character_set_client = utf8 */;
CREATE TABLE `SBI_ORG_UNIT_HIERARCHIES` (
  `ID` int(11) NOT NULL,
  `LABEL` varchar(100) NOT NULL,
  `NAME` varchar(200) NOT NULL,
  `DESCRIPTION` varchar(1000) DEFAULT NULL,
  `TARGET` varchar(1000) DEFAULT NULL,
  `COMPANY` varchar(100) NOT NULL,
  `USER_IN` varchar(100) NOT NULL,
  `USER_UP` varchar(100) DEFAULT NULL,
  `USER_DE` varchar(100) DEFAULT NULL,
  `TIME_IN` timestamp NOT NULL DEFAULT CURRENT_TIMESTAMP ON UPDATE CURRENT_TIMESTAMP,
  `TIME_UP` timestamp NULL DEFAULT NULL,
  `TIME_DE` timestamp NULL DEFAULT NULL,
  `SBI_VERSION_IN` varchar(10) DEFAULT NULL,
  `SBI_VERSION_UP` varchar(10) DEFAULT NULL,
  `SBI_VERSION_DE` varchar(10) DEFAULT NULL,
  `META_VERSION` varchar(100) DEFAULT NULL,
  `ORGANIZATION` varchar(20) DEFAULT NULL,
  PRIMARY KEY (`ID`),
  UNIQUE KEY `XIF1SBI_ORG_UNIT_HIERARCHIES` (`LABEL`,`COMPANY`,`ORGANIZATION`)
) ENGINE=InnoDB DEFAULT CHARSET=latin1;
/*!40101 SET character_set_client = @saved_cs_client */;

--
-- Dumping data for table `SBI_ORG_UNIT_HIERARCHIES`
--

LOCK TABLES `SBI_ORG_UNIT_HIERARCHIES` WRITE;
/*!40000 ALTER TABLE `SBI_ORG_UNIT_HIERARCHIES` DISABLE KEYS */;
/*!40000 ALTER TABLE `SBI_ORG_UNIT_HIERARCHIES` ENABLE KEYS */;
UNLOCK TABLES;

--
-- Table structure for table `SBI_ORG_UNIT_NODES`
--

DROP TABLE IF EXISTS `SBI_ORG_UNIT_NODES`;
/*!40101 SET @saved_cs_client     = @@character_set_client */;
/*!40101 SET character_set_client = utf8 */;
CREATE TABLE `SBI_ORG_UNIT_NODES` (
  `NODE_ID` int(11) NOT NULL,
  `OU_ID` int(11) NOT NULL,
  `HIERARCHY_ID` int(11) NOT NULL,
  `PARENT_NODE_ID` int(11) DEFAULT NULL,
  `PATH` varchar(4000) NOT NULL,
  `USER_IN` varchar(100) NOT NULL,
  `USER_UP` varchar(100) DEFAULT NULL,
  `USER_DE` varchar(100) DEFAULT NULL,
  `TIME_IN` timestamp NOT NULL DEFAULT CURRENT_TIMESTAMP ON UPDATE CURRENT_TIMESTAMP,
  `TIME_UP` timestamp NULL DEFAULT NULL,
  `TIME_DE` timestamp NULL DEFAULT NULL,
  `SBI_VERSION_IN` varchar(10) DEFAULT NULL,
  `SBI_VERSION_UP` varchar(10) DEFAULT NULL,
  `SBI_VERSION_DE` varchar(10) DEFAULT NULL,
  `META_VERSION` varchar(100) DEFAULT NULL,
  `ORGANIZATION` varchar(20) DEFAULT NULL,
  PRIMARY KEY (`NODE_ID`),
  KEY `FK_SBI_ORG_UNIT_NODES_1` (`OU_ID`),
  KEY `FK_SBI_ORG_UNIT_NODES_2` (`HIERARCHY_ID`),
  KEY `FK_SBI_ORG_UNIT_NODES_3` (`PARENT_NODE_ID`),
  CONSTRAINT `FK_SBI_ORG_UNIT_NODES_3` FOREIGN KEY (`PARENT_NODE_ID`) REFERENCES `SBI_ORG_UNIT_NODES` (`NODE_ID`) ON DELETE CASCADE,
  CONSTRAINT `FK_SBI_ORG_UNIT_NODES_1` FOREIGN KEY (`OU_ID`) REFERENCES `SBI_ORG_UNIT` (`ID`) ON DELETE CASCADE,
  CONSTRAINT `FK_SBI_ORG_UNIT_NODES_2` FOREIGN KEY (`HIERARCHY_ID`) REFERENCES `SBI_ORG_UNIT_HIERARCHIES` (`ID`) ON DELETE CASCADE
) ENGINE=InnoDB DEFAULT CHARSET=latin1;
/*!40101 SET character_set_client = @saved_cs_client */;

--
-- Dumping data for table `SBI_ORG_UNIT_NODES`
--

LOCK TABLES `SBI_ORG_UNIT_NODES` WRITE;
/*!40000 ALTER TABLE `SBI_ORG_UNIT_NODES` DISABLE KEYS */;
/*!40000 ALTER TABLE `SBI_ORG_UNIT_NODES` ENABLE KEYS */;
UNLOCK TABLES;

--
-- Table structure for table `SBI_PARAMETERS`
--

DROP TABLE IF EXISTS `SBI_PARAMETERS`;
/*!40101 SET @saved_cs_client     = @@character_set_client */;
/*!40101 SET character_set_client = utf8 */;
CREATE TABLE `SBI_PARAMETERS` (
  `PAR_ID` int(11) NOT NULL,
  `DESCR` varchar(160) DEFAULT NULL,
  `LENGTH` smallint(6) NOT NULL,
  `LABEL` varchar(20) NOT NULL,
  `PAR_TYPE_CD` varchar(20) NOT NULL,
  `MASK` varchar(20) DEFAULT NULL,
  `PAR_TYPE_ID` int(11) NOT NULL,
  `NAME` varchar(40) NOT NULL,
  `FUNCTIONAL_FLAG` smallint(6) NOT NULL DEFAULT '1',
  `TEMPORAL_FLAG` smallint(6) NOT NULL DEFAULT '0',
  `USER_IN` varchar(100) NOT NULL,
  `USER_UP` varchar(100) DEFAULT NULL,
  `USER_DE` varchar(100) DEFAULT NULL,
  `TIME_IN` timestamp NOT NULL DEFAULT CURRENT_TIMESTAMP ON UPDATE CURRENT_TIMESTAMP,
  `TIME_UP` timestamp NULL DEFAULT NULL,
  `TIME_DE` timestamp NULL DEFAULT NULL,
  `SBI_VERSION_IN` varchar(10) DEFAULT NULL,
  `SBI_VERSION_UP` varchar(10) DEFAULT NULL,
  `SBI_VERSION_DE` varchar(10) DEFAULT NULL,
  `META_VERSION` varchar(100) DEFAULT NULL,
  `ORGANIZATION` varchar(20) DEFAULT NULL,
  PRIMARY KEY (`PAR_ID`),
  UNIQUE KEY `XAK1SBI_PARAMETERS` (`LABEL`,`ORGANIZATION`),
  KEY `FK_SBI_PARAMETERS_1` (`PAR_TYPE_ID`),
  CONSTRAINT `FK_SBI_PARAMETERS_1` FOREIGN KEY (`PAR_TYPE_ID`) REFERENCES `SBI_DOMAINS` (`VALUE_ID`)
) ENGINE=InnoDB DEFAULT CHARSET=latin1;
/*!40101 SET character_set_client = @saved_cs_client */;

--
-- Dumping data for table `SBI_PARAMETERS`
--

LOCK TABLES `SBI_PARAMETERS` WRITE;
/*!40000 ALTER TABLE `SBI_PARAMETERS` DISABLE KEYS */;
INSERT INTO `SBI_PARAMETERS` VALUES (1,'outputType',0,'outputType','STRING','',30,'outputType',1,0,'s4qadmin','s4qadmin',NULL,'2012-07-31 14:50:22','2012-07-31 15:45:23',NULL,'3.5.0','3.5.0',NULL,NULL,'SPAGOBI'),(2,'PROCESS_ID',0,'PROCESS_ID','STRING','',30,'PROCESS_ID',1,0,'s4qadmin','s4qadmin',NULL,'2012-07-31 14:51:16','2012-07-31 15:45:23',NULL,'3.5.0','3.5.0',NULL,NULL,'SPAGOBI');
/*!40000 ALTER TABLE `SBI_PARAMETERS` ENABLE KEYS */;
UNLOCK TABLES;

--
-- Table structure for table `SBI_PARUSE`
--

DROP TABLE IF EXISTS `SBI_PARUSE`;
/*!40101 SET @saved_cs_client     = @@character_set_client */;
/*!40101 SET character_set_client = utf8 */;
CREATE TABLE `SBI_PARUSE` (
  `USE_ID` int(11) NOT NULL,
  `LOV_ID` int(11) DEFAULT NULL,
  `LABEL` varchar(20) NOT NULL,
  `DESCR` varchar(160) DEFAULT NULL,
  `PAR_ID` int(11) NOT NULL,
  `NAME` varchar(40) NOT NULL,
  `MAN_IN` int(11) NOT NULL,
  `MAXIMIZER_ENABLED` tinyint(1) DEFAULT '0',
  `SELECTION_TYPE` varchar(20) DEFAULT 'LIST',
  `MULTIVALUE_FLAG` int(11) DEFAULT '0',
  `USER_IN` varchar(100) NOT NULL,
  `USER_UP` varchar(100) DEFAULT NULL,
  `USER_DE` varchar(100) DEFAULT NULL,
  `TIME_IN` timestamp NOT NULL DEFAULT CURRENT_TIMESTAMP ON UPDATE CURRENT_TIMESTAMP,
  `TIME_UP` timestamp NULL DEFAULT NULL,
  `TIME_DE` timestamp NULL DEFAULT NULL,
  `SBI_VERSION_IN` varchar(10) DEFAULT NULL,
  `SBI_VERSION_UP` varchar(10) DEFAULT NULL,
  `SBI_VERSION_DE` varchar(10) DEFAULT NULL,
  `META_VERSION` varchar(100) DEFAULT NULL,
  `ORGANIZATION` varchar(20) DEFAULT NULL,
  PRIMARY KEY (`USE_ID`),
  UNIQUE KEY `XAK1SBI_PARUSE` (`PAR_ID`,`LABEL`),
  KEY `FK_SBI_PARUSE_2` (`LOV_ID`),
  CONSTRAINT `FK_SBI_PARUSE_2` FOREIGN KEY (`LOV_ID`) REFERENCES `SBI_LOV` (`LOV_ID`),
  CONSTRAINT `FK_SBI_PARUSE_1` FOREIGN KEY (`PAR_ID`) REFERENCES `SBI_PARAMETERS` (`PAR_ID`)
) ENGINE=InnoDB DEFAULT CHARSET=latin1;
/*!40101 SET character_set_client = @saved_cs_client */;

--
-- Dumping data for table `SBI_PARUSE`
--

LOCK TABLES `SBI_PARUSE` WRITE;
/*!40000 ALTER TABLE `SBI_PARUSE` DISABLE KEYS */;
INSERT INTO `SBI_PARUSE` VALUES (3,5,'ALL','',2,'ALL',0,0,'LIST',0,'s4qadmin',NULL,NULL,'2012-07-31 15:45:23',NULL,NULL,'3.5.0',NULL,NULL,NULL,'SPAGOBI'),(4,6,'outputType','outputType',1,'outputType',0,0,'LIST',0,'s4qadmin',NULL,NULL,'2012-07-31 15:45:23',NULL,NULL,'3.5.0',NULL,NULL,NULL,'SPAGOBI');
/*!40000 ALTER TABLE `SBI_PARUSE` ENABLE KEYS */;
UNLOCK TABLES;

--
-- Table structure for table `SBI_PARUSE_CK`
--

DROP TABLE IF EXISTS `SBI_PARUSE_CK`;
/*!40101 SET @saved_cs_client     = @@character_set_client */;
/*!40101 SET character_set_client = utf8 */;
CREATE TABLE `SBI_PARUSE_CK` (
  `CHECK_ID` int(11) NOT NULL,
  `USE_ID` int(11) NOT NULL,
  `PROG` int(11) DEFAULT NULL,
  `USER_IN` varchar(100) NOT NULL,
  `USER_UP` varchar(100) DEFAULT NULL,
  `USER_DE` varchar(100) DEFAULT NULL,
  `TIME_IN` timestamp NOT NULL DEFAULT CURRENT_TIMESTAMP ON UPDATE CURRENT_TIMESTAMP,
  `TIME_UP` timestamp NULL DEFAULT NULL,
  `TIME_DE` timestamp NULL DEFAULT NULL,
  `SBI_VERSION_IN` varchar(10) DEFAULT NULL,
  `SBI_VERSION_UP` varchar(10) DEFAULT NULL,
  `SBI_VERSION_DE` varchar(10) DEFAULT NULL,
  `META_VERSION` varchar(100) DEFAULT NULL,
  `ORGANIZATION` varchar(20) DEFAULT NULL,
  PRIMARY KEY (`USE_ID`,`CHECK_ID`),
  KEY `FK_SBI_PARUSE_CK_2` (`CHECK_ID`),
  CONSTRAINT `FK_SBI_PARUSE_CK_2` FOREIGN KEY (`CHECK_ID`) REFERENCES `SBI_CHECKS` (`CHECK_ID`),
  CONSTRAINT `FK_SBI_PARUSE_CK_1` FOREIGN KEY (`USE_ID`) REFERENCES `SBI_PARUSE` (`USE_ID`)
) ENGINE=InnoDB DEFAULT CHARSET=latin1;
/*!40101 SET character_set_client = @saved_cs_client */;

--
-- Dumping data for table `SBI_PARUSE_CK`
--

LOCK TABLES `SBI_PARUSE_CK` WRITE;
/*!40000 ALTER TABLE `SBI_PARUSE_CK` DISABLE KEYS */;
/*!40000 ALTER TABLE `SBI_PARUSE_CK` ENABLE KEYS */;
UNLOCK TABLES;

--
-- Table structure for table `SBI_PARUSE_DET`
--

DROP TABLE IF EXISTS `SBI_PARUSE_DET`;
/*!40101 SET @saved_cs_client     = @@character_set_client */;
/*!40101 SET character_set_client = utf8 */;
CREATE TABLE `SBI_PARUSE_DET` (
  `EXT_ROLE_ID` int(11) NOT NULL,
  `PROG` int(11) DEFAULT NULL,
  `USE_ID` int(11) NOT NULL,
  `HIDDEN_FL` smallint(6) DEFAULT NULL,
  `DEFAULT_VAL` varchar(40) DEFAULT NULL,
  `USER_IN` varchar(100) NOT NULL,
  `USER_UP` varchar(100) DEFAULT NULL,
  `USER_DE` varchar(100) DEFAULT NULL,
  `TIME_IN` timestamp NOT NULL DEFAULT CURRENT_TIMESTAMP ON UPDATE CURRENT_TIMESTAMP,
  `TIME_UP` timestamp NULL DEFAULT NULL,
  `TIME_DE` timestamp NULL DEFAULT NULL,
  `SBI_VERSION_IN` varchar(10) DEFAULT NULL,
  `SBI_VERSION_UP` varchar(10) DEFAULT NULL,
  `SBI_VERSION_DE` varchar(10) DEFAULT NULL,
  `META_VERSION` varchar(100) DEFAULT NULL,
  `ORGANIZATION` varchar(20) DEFAULT NULL,
  PRIMARY KEY (`USE_ID`,`EXT_ROLE_ID`),
  KEY `FK_SBI_PARUSE_DET_2` (`EXT_ROLE_ID`),
  CONSTRAINT `FK_SBI_PARUSE_DET_2` FOREIGN KEY (`EXT_ROLE_ID`) REFERENCES `SBI_EXT_ROLES` (`EXT_ROLE_ID`),
  CONSTRAINT `FK_SBI_PARUSE_DET_1` FOREIGN KEY (`USE_ID`) REFERENCES `SBI_PARUSE` (`USE_ID`)
) ENGINE=InnoDB DEFAULT CHARSET=latin1;
/*!40101 SET character_set_client = @saved_cs_client */;

--
-- Dumping data for table `SBI_PARUSE_DET`
--

LOCK TABLES `SBI_PARUSE_DET` WRITE;
/*!40000 ALTER TABLE `SBI_PARUSE_DET` DISABLE KEYS */;
INSERT INTO `SBI_PARUSE_DET` VALUES (1,NULL,3,NULL,NULL,'s4qadmin',NULL,NULL,'2012-07-31 15:45:23',NULL,NULL,'3.5.0',NULL,NULL,NULL,'SPAGOBI'),(2,NULL,3,NULL,NULL,'s4qadmin',NULL,NULL,'2012-07-31 15:45:23',NULL,NULL,'3.5.0',NULL,NULL,NULL,'SPAGOBI'),(3,NULL,3,NULL,NULL,'s4qadmin',NULL,NULL,'2012-07-31 15:45:23',NULL,NULL,'3.5.0',NULL,NULL,NULL,'SPAGOBI'),(4,NULL,3,NULL,NULL,'s4qadmin',NULL,NULL,'2012-07-31 15:45:23',NULL,NULL,'3.5.0',NULL,NULL,NULL,'SPAGOBI'),(5,NULL,3,NULL,NULL,'s4qadmin',NULL,NULL,'2012-07-31 15:45:23',NULL,NULL,'3.5.0',NULL,NULL,NULL,'SPAGOBI'),(6,NULL,3,NULL,NULL,'s4qadmin',NULL,NULL,'2012-07-31 15:45:23',NULL,NULL,'3.5.0',NULL,NULL,NULL,'SPAGOBI'),(7,NULL,3,NULL,NULL,'s4qadmin',NULL,NULL,'2012-07-31 15:45:23',NULL,NULL,'3.5.0',NULL,NULL,NULL,'SPAGOBI'),(8,NULL,3,NULL,NULL,'s4qadmin',NULL,NULL,'2012-07-31 15:45:23',NULL,NULL,'3.5.0',NULL,NULL,NULL,'SPAGOBI'),(9,NULL,3,NULL,NULL,'s4qadmin',NULL,NULL,'2012-07-31 15:45:23',NULL,NULL,'3.5.0',NULL,NULL,NULL,'SPAGOBI'),(10,NULL,3,NULL,NULL,'s4qadmin',NULL,NULL,'2012-07-31 15:45:23',NULL,NULL,'3.5.0',NULL,NULL,NULL,'SPAGOBI'),(12,NULL,3,NULL,NULL,'s4qadmin',NULL,NULL,'2012-07-31 15:45:23',NULL,NULL,'3.5.0',NULL,NULL,NULL,'SPAGOBI'),(1,NULL,4,NULL,NULL,'s4qadmin',NULL,NULL,'2012-07-31 15:45:23',NULL,NULL,'3.5.0',NULL,NULL,NULL,'SPAGOBI'),(2,NULL,4,NULL,NULL,'s4qadmin',NULL,NULL,'2012-07-31 15:45:23',NULL,NULL,'3.5.0',NULL,NULL,NULL,'SPAGOBI'),(3,NULL,4,NULL,NULL,'s4qadmin',NULL,NULL,'2012-07-31 15:45:23',NULL,NULL,'3.5.0',NULL,NULL,NULL,'SPAGOBI'),(4,NULL,4,NULL,NULL,'s4qadmin',NULL,NULL,'2012-07-31 15:45:23',NULL,NULL,'3.5.0',NULL,NULL,NULL,'SPAGOBI'),(5,NULL,4,NULL,NULL,'s4qadmin',NULL,NULL,'2012-07-31 15:45:23',NULL,NULL,'3.5.0',NULL,NULL,NULL,'SPAGOBI'),(6,NULL,4,NULL,NULL,'s4qadmin',NULL,NULL,'2012-07-31 15:45:23',NULL,NULL,'3.5.0',NULL,NULL,NULL,'SPAGOBI'),(7,NULL,4,NULL,NULL,'s4qadmin',NULL,NULL,'2012-07-31 15:45:23',NULL,NULL,'3.5.0',NULL,NULL,NULL,'SPAGOBI'),(8,NULL,4,NULL,NULL,'s4qadmin',NULL,NULL,'2012-07-31 15:45:23',NULL,NULL,'3.5.0',NULL,NULL,NULL,'SPAGOBI'),(9,NULL,4,NULL,NULL,'s4qadmin',NULL,NULL,'2012-07-31 15:45:23',NULL,NULL,'3.5.0',NULL,NULL,NULL,'SPAGOBI'),(10,NULL,4,NULL,NULL,'s4qadmin',NULL,NULL,'2012-07-31 15:45:23',NULL,NULL,'3.5.0',NULL,NULL,NULL,'SPAGOBI'),(12,NULL,4,NULL,NULL,'s4qadmin',NULL,NULL,'2012-07-31 15:45:23',NULL,NULL,'3.5.0',NULL,NULL,NULL,'SPAGOBI');
/*!40000 ALTER TABLE `SBI_PARUSE_DET` ENABLE KEYS */;
UNLOCK TABLES;

--
-- Table structure for table `SBI_PROGRESS_THREAD`
--

DROP TABLE IF EXISTS `SBI_PROGRESS_THREAD`;
/*!40101 SET @saved_cs_client     = @@character_set_client */;
/*!40101 SET character_set_client = utf8 */;
CREATE TABLE `SBI_PROGRESS_THREAD` (
  `PROGRESS_THREAD_ID` int(11) NOT NULL,
  `USER_ID` varchar(100) NOT NULL,
  `PARTIAL` int(11) DEFAULT NULL,
  `TOTAL` int(11) DEFAULT NULL,
  `FUNCTION_CD` varchar(200) DEFAULT NULL,
  `STATUS` varchar(4000) DEFAULT NULL,
  `RANDOM_KEY` varchar(4000) DEFAULT NULL,
  `TYPE` varchar(200) DEFAULT NULL,
  PRIMARY KEY (`PROGRESS_THREAD_ID`)
) ENGINE=InnoDB DEFAULT CHARSET=latin1;
/*!40101 SET character_set_client = @saved_cs_client */;

--
-- Dumping data for table `SBI_PROGRESS_THREAD`
--

LOCK TABLES `SBI_PROGRESS_THREAD` WRITE;
/*!40000 ALTER TABLE `SBI_PROGRESS_THREAD` DISABLE KEYS */;
/*!40000 ALTER TABLE `SBI_PROGRESS_THREAD` ENABLE KEYS */;
UNLOCK TABLES;

--
-- Table structure for table `SBI_REMEMBER_ME`
--

DROP TABLE IF EXISTS `SBI_REMEMBER_ME`;
/*!40101 SET @saved_cs_client     = @@character_set_client */;
/*!40101 SET character_set_client = utf8 */;
CREATE TABLE `SBI_REMEMBER_ME` (
  `ID` int(11) NOT NULL,
  `NAME` varchar(50) NOT NULL,
  `DESCRIPTION` text,
  `USERNAME` varchar(40) NOT NULL,
  `BIOBJ_ID` int(11) NOT NULL,
  `SUBOBJ_ID` int(11) DEFAULT NULL,
  `PARAMETERS` text,
  `USER_IN` varchar(100) NOT NULL,
  `USER_UP` varchar(100) DEFAULT NULL,
  `USER_DE` varchar(100) DEFAULT NULL,
  `TIME_IN` timestamp NOT NULL DEFAULT CURRENT_TIMESTAMP ON UPDATE CURRENT_TIMESTAMP,
  `TIME_UP` timestamp NULL DEFAULT NULL,
  `TIME_DE` timestamp NULL DEFAULT NULL,
  `SBI_VERSION_IN` varchar(10) DEFAULT NULL,
  `SBI_VERSION_UP` varchar(10) DEFAULT NULL,
  `SBI_VERSION_DE` varchar(10) DEFAULT NULL,
  `META_VERSION` varchar(100) DEFAULT NULL,
  `ORGANIZATION` varchar(20) DEFAULT NULL,
  PRIMARY KEY (`ID`),
  KEY `FK_SBI_REMEMBER_ME_1` (`BIOBJ_ID`),
  KEY `FK_SBI_REMEMBER_ME_2` (`SUBOBJ_ID`),
  CONSTRAINT `FK_SBI_REMEMBER_ME_2` FOREIGN KEY (`SUBOBJ_ID`) REFERENCES `SBI_SUBOBJECTS` (`SUBOBJ_ID`) ON DELETE CASCADE,
  CONSTRAINT `FK_SBI_REMEMBER_ME_1` FOREIGN KEY (`BIOBJ_ID`) REFERENCES `SBI_OBJECTS` (`BIOBJ_ID`) ON DELETE CASCADE
) ENGINE=InnoDB DEFAULT CHARSET=latin1;
/*!40101 SET character_set_client = @saved_cs_client */;

--
-- Dumping data for table `SBI_REMEMBER_ME`
--

LOCK TABLES `SBI_REMEMBER_ME` WRITE;
/*!40000 ALTER TABLE `SBI_REMEMBER_ME` DISABLE KEYS */;
/*!40000 ALTER TABLE `SBI_REMEMBER_ME` ENABLE KEYS */;
UNLOCK TABLES;

--
-- Table structure for table `SBI_RESOURCES`
--

DROP TABLE IF EXISTS `SBI_RESOURCES`;
/*!40101 SET @saved_cs_client     = @@character_set_client */;
/*!40101 SET character_set_client = utf8 */;
CREATE TABLE `SBI_RESOURCES` (
  `RESOURCE_ID` int(11) NOT NULL,
  `RESOURCE_TYPE_ID` int(11) NOT NULL,
  `TABLE_NAME` varchar(40) DEFAULT NULL,
  `COLUMN_NAME` varchar(40) DEFAULT NULL,
  `RESOURCE_NAME` varchar(40) NOT NULL,
  `RESOURCE_DESCR` varchar(400) DEFAULT NULL,
  `RESOURCE_CODE` varchar(45) NOT NULL,
  `USER_IN` varchar(100) NOT NULL,
  `USER_UP` varchar(100) DEFAULT NULL,
  `USER_DE` varchar(100) DEFAULT NULL,
  `TIME_IN` timestamp NOT NULL DEFAULT CURRENT_TIMESTAMP ON UPDATE CURRENT_TIMESTAMP,
  `TIME_UP` timestamp NULL DEFAULT NULL,
  `TIME_DE` timestamp NULL DEFAULT NULL,
  `SBI_VERSION_IN` varchar(10) DEFAULT NULL,
  `SBI_VERSION_UP` varchar(10) DEFAULT NULL,
  `SBI_VERSION_DE` varchar(10) DEFAULT NULL,
  `META_VERSION` varchar(100) DEFAULT NULL,
  `ORGANIZATION` varchar(20) DEFAULT NULL,
  PRIMARY KEY (`RESOURCE_ID`),
  UNIQUE KEY `XIF1SBI_RESOURCES` (`RESOURCE_CODE`,`ORGANIZATION`),
  KEY `RESOURCE_TYPE_ID` (`RESOURCE_TYPE_ID`),
  CONSTRAINT `SBI_RESOURCES_ibfk_1` FOREIGN KEY (`RESOURCE_TYPE_ID`) REFERENCES `SBI_DOMAINS` (`VALUE_ID`)
) ENGINE=InnoDB DEFAULT CHARSET=latin1;
/*!40101 SET character_set_client = @saved_cs_client */;

--
-- Dumping data for table `SBI_RESOURCES`
--

LOCK TABLES `SBI_RESOURCES` WRITE;
/*!40000 ALTER TABLE `SBI_RESOURCES` DISABLE KEYS */;
/*!40000 ALTER TABLE `SBI_RESOURCES` ENABLE KEYS */;
UNLOCK TABLES;

--
-- Table structure for table `SBI_ROLE_TYPE_USER_FUNC`
--

DROP TABLE IF EXISTS `SBI_ROLE_TYPE_USER_FUNC`;
/*!40101 SET @saved_cs_client     = @@character_set_client */;
/*!40101 SET character_set_client = utf8 */;
CREATE TABLE `SBI_ROLE_TYPE_USER_FUNC` (
  `ROLE_TYPE_ID` int(11) NOT NULL,
  `USER_FUNCT_ID` int(11) NOT NULL,
  PRIMARY KEY (`ROLE_TYPE_ID`,`USER_FUNCT_ID`),
  KEY `FK_SBI_ROLE_TYPE_USER_FUNC_2` (`USER_FUNCT_ID`),
  CONSTRAINT `FK_SBI_ROLE_TYPE_USER_FUNC_2` FOREIGN KEY (`USER_FUNCT_ID`) REFERENCES `SBI_USER_FUNC` (`USER_FUNCT_ID`),
  CONSTRAINT `FK_SBI_ROLE_TYPE_USER_FUNC_1` FOREIGN KEY (`ROLE_TYPE_ID`) REFERENCES `SBI_DOMAINS` (`VALUE_ID`)
) ENGINE=InnoDB DEFAULT CHARSET=latin1;
/*!40101 SET character_set_client = @saved_cs_client */;

--
-- Dumping data for table `SBI_ROLE_TYPE_USER_FUNC`
--

LOCK TABLES `SBI_ROLE_TYPE_USER_FUNC` WRITE;
/*!40000 ALTER TABLE `SBI_ROLE_TYPE_USER_FUNC` DISABLE KEYS */;
INSERT INTO `SBI_ROLE_TYPE_USER_FUNC` VALUES (32,1),(138,1),(32,2),(138,2),(32,3),(35,3),(138,3),(32,4),(35,4),(138,4),(32,5),(35,5),(138,5),(32,6),(138,6),(32,7),(33,7),(138,7),(32,8),(34,8),(138,8),(32,9),(138,9),(32,10),(138,10),(32,11),(138,11),(31,12),(32,12),(33,12),(34,12),(138,12),(32,13),(33,13),(138,13),(31,14),(32,14),(33,14),(34,14),(138,14),(32,15),(33,15),(138,15),(32,16),(33,16),(138,16),(32,17),(33,17),(138,17),(32,18),(138,18),(32,19),(33,19),(138,19),(32,20),(138,20),(31,21),(32,21),(33,21),(34,21),(138,21),(32,22),(33,22),(138,22),(32,23),(138,23),(32,24),(33,24),(138,24),(32,25),(138,25),(31,26),(32,26),(33,26),(34,26),(138,26),(32,27),(33,27),(138,27),(31,28),(32,28),(33,28),(34,28),(138,28),(32,29),(33,29),(35,29),(138,29),(32,30),(33,30),(35,30),(138,30),(32,31),(33,31),(35,31),(138,31),(32,32),(33,32),(138,32),(32,33),(34,33),(138,33),(32,34),(33,34),(34,34),(138,34),(32,35),(138,35),(32,36),(138,36),(31,37),(32,37),(33,37),(34,37),(35,37),(138,37),(32,38),(35,38),(138,38),(32,39),(138,39),(32,40),(138,40),(32,41),(138,41),(32,42),(138,42),(32,43),(138,43),(31,44),(32,44),(33,44),(34,44),(138,44),(138,45),(31,46),(32,46);
/*!40000 ALTER TABLE `SBI_ROLE_TYPE_USER_FUNC` ENABLE KEYS */;
UNLOCK TABLES;

--
-- Table structure for table `SBI_SNAPSHOTS`
--

DROP TABLE IF EXISTS `SBI_SNAPSHOTS`;
/*!40101 SET @saved_cs_client     = @@character_set_client */;
/*!40101 SET character_set_client = utf8 */;
CREATE TABLE `SBI_SNAPSHOTS` (
  `SNAP_ID` int(11) NOT NULL,
  `BIOBJ_ID` int(11) DEFAULT NULL,
  `BIN_ID` int(11) DEFAULT NULL,
  `NAME` varchar(100) DEFAULT NULL,
  `DESCRIPTION` varchar(1000) DEFAULT NULL,
  `CREATION_DATE` timestamp NOT NULL DEFAULT CURRENT_TIMESTAMP ON UPDATE CURRENT_TIMESTAMP,
  `USER_IN` varchar(100) NOT NULL,
  `USER_UP` varchar(100) DEFAULT NULL,
  `USER_DE` varchar(100) DEFAULT NULL,
  `TIME_IN` timestamp NOT NULL DEFAULT '0000-00-00 00:00:00',
  `TIME_UP` timestamp NULL DEFAULT NULL,
  `TIME_DE` timestamp NULL DEFAULT NULL,
  `SBI_VERSION_IN` varchar(10) DEFAULT NULL,
  `SBI_VERSION_UP` varchar(10) DEFAULT NULL,
  `SBI_VERSION_DE` varchar(10) DEFAULT NULL,
  `META_VERSION` varchar(100) DEFAULT NULL,
  `ORGANIZATION` varchar(20) DEFAULT NULL,
  PRIMARY KEY (`SNAP_ID`),
  KEY `FK_SBI_SNAPSHOTS_1` (`BIN_ID`),
  KEY `FK_SBI_SNAPSHOTS_2` (`BIOBJ_ID`),
  CONSTRAINT `FK_SBI_SNAPSHOTS_2` FOREIGN KEY (`BIOBJ_ID`) REFERENCES `SBI_OBJECTS` (`BIOBJ_ID`),
  CONSTRAINT `FK_SBI_SNAPSHOTS_1` FOREIGN KEY (`BIN_ID`) REFERENCES `SBI_BINARY_CONTENTS` (`BIN_ID`)
) ENGINE=InnoDB DEFAULT CHARSET=latin1;
/*!40101 SET character_set_client = @saved_cs_client */;

--
-- Dumping data for table `SBI_SNAPSHOTS`
--

LOCK TABLES `SBI_SNAPSHOTS` WRITE;
/*!40000 ALTER TABLE `SBI_SNAPSHOTS` DISABLE KEYS */;
/*!40000 ALTER TABLE `SBI_SNAPSHOTS` ENABLE KEYS */;
UNLOCK TABLES;

--
-- Table structure for table `SBI_SUBOBJECTS`
--

DROP TABLE IF EXISTS `SBI_SUBOBJECTS`;
/*!40101 SET @saved_cs_client     = @@character_set_client */;
/*!40101 SET character_set_client = utf8 */;
CREATE TABLE `SBI_SUBOBJECTS` (
  `SUBOBJ_ID` int(11) NOT NULL,
  `BIOBJ_ID` int(11) DEFAULT NULL,
  `BIN_ID` int(11) DEFAULT NULL,
  `NAME` varchar(50) NOT NULL,
  `DESCRIPTION` varchar(100) DEFAULT NULL,
  `OWNER` varchar(50) DEFAULT NULL,
  `ISPUBLIC` tinyint(1) DEFAULT NULL,
  `CREATION_DATE` timestamp NOT NULL DEFAULT CURRENT_TIMESTAMP ON UPDATE CURRENT_TIMESTAMP,
  `LAST_CHANGE_DATE` timestamp NOT NULL DEFAULT '0000-00-00 00:00:00',
  `USER_IN` varchar(100) NOT NULL,
  `USER_UP` varchar(100) DEFAULT NULL,
  `USER_DE` varchar(100) DEFAULT NULL,
  `TIME_IN` timestamp NOT NULL DEFAULT '0000-00-00 00:00:00',
  `TIME_UP` timestamp NULL DEFAULT NULL,
  `TIME_DE` timestamp NULL DEFAULT NULL,
  `SBI_VERSION_IN` varchar(10) DEFAULT NULL,
  `SBI_VERSION_UP` varchar(10) DEFAULT NULL,
  `SBI_VERSION_DE` varchar(10) DEFAULT NULL,
  `META_VERSION` varchar(100) DEFAULT NULL,
  `ORGANIZATION` varchar(20) DEFAULT NULL,
  PRIMARY KEY (`SUBOBJ_ID`),
  KEY `FK_SBI_SUBOBJECTS_1` (`BIN_ID`),
  KEY `FK_SBI_SUBOBJECTS_2` (`BIOBJ_ID`),
  CONSTRAINT `FK_SBI_SUBOBJECTS_2` FOREIGN KEY (`BIOBJ_ID`) REFERENCES `SBI_OBJECTS` (`BIOBJ_ID`),
  CONSTRAINT `FK_SBI_SUBOBJECTS_1` FOREIGN KEY (`BIN_ID`) REFERENCES `SBI_BINARY_CONTENTS` (`BIN_ID`)
) ENGINE=InnoDB DEFAULT CHARSET=latin1;
/*!40101 SET character_set_client = @saved_cs_client */;

--
-- Dumping data for table `SBI_SUBOBJECTS`
--

LOCK TABLES `SBI_SUBOBJECTS` WRITE;
/*!40000 ALTER TABLE `SBI_SUBOBJECTS` DISABLE KEYS */;
/*!40000 ALTER TABLE `SBI_SUBOBJECTS` ENABLE KEYS */;
UNLOCK TABLES;

--
-- Table structure for table `SBI_SUBREPORTS`
--

DROP TABLE IF EXISTS `SBI_SUBREPORTS`;
/*!40101 SET @saved_cs_client     = @@character_set_client */;
/*!40101 SET character_set_client = utf8 */;
CREATE TABLE `SBI_SUBREPORTS` (
  `MASTER_RPT_ID` int(11) NOT NULL,
  `SUB_RPT_ID` int(11) NOT NULL,
  `USER_IN` varchar(100) NOT NULL,
  `USER_UP` varchar(100) DEFAULT NULL,
  `USER_DE` varchar(100) DEFAULT NULL,
  `TIME_IN` timestamp NOT NULL DEFAULT CURRENT_TIMESTAMP ON UPDATE CURRENT_TIMESTAMP,
  `TIME_UP` timestamp NULL DEFAULT NULL,
  `TIME_DE` timestamp NULL DEFAULT NULL,
  `SBI_VERSION_IN` varchar(10) DEFAULT NULL,
  `SBI_VERSION_UP` varchar(10) DEFAULT NULL,
  `SBI_VERSION_DE` varchar(10) DEFAULT NULL,
  `META_VERSION` varchar(100) DEFAULT NULL,
  `ORGANIZATION` varchar(20) DEFAULT NULL,
  PRIMARY KEY (`MASTER_RPT_ID`,`SUB_RPT_ID`),
  KEY `FK_SBI_SUBREPORTS_2` (`SUB_RPT_ID`),
  CONSTRAINT `FK_SBI_SUBREPORTS_2` FOREIGN KEY (`SUB_RPT_ID`) REFERENCES `SBI_OBJECTS` (`BIOBJ_ID`),
  CONSTRAINT `FK_SBI_SUBREPORTS_1` FOREIGN KEY (`MASTER_RPT_ID`) REFERENCES `SBI_OBJECTS` (`BIOBJ_ID`)
) ENGINE=InnoDB DEFAULT CHARSET=latin1;
/*!40101 SET character_set_client = @saved_cs_client */;

--
-- Dumping data for table `SBI_SUBREPORTS`
--

LOCK TABLES `SBI_SUBREPORTS` WRITE;
/*!40000 ALTER TABLE `SBI_SUBREPORTS` DISABLE KEYS */;
INSERT INTO `SBI_SUBREPORTS` VALUES (1,2,'s4qadmin',NULL,NULL,'2012-07-31 14:57:21',NULL,NULL,'3.5.0',NULL,NULL,NULL,'SPAGOBI'),(1,3,'s4qadmin',NULL,NULL,'2012-07-31 14:57:21',NULL,NULL,'3.5.0',NULL,NULL,NULL,'SPAGOBI'),(1,4,'s4qadmin',NULL,NULL,'2012-07-31 14:57:21',NULL,NULL,'3.5.0',NULL,NULL,NULL,'SPAGOBI');
/*!40000 ALTER TABLE `SBI_SUBREPORTS` ENABLE KEYS */;
UNLOCK TABLES;

--
-- Table structure for table `SBI_THRESHOLD`
--

DROP TABLE IF EXISTS `SBI_THRESHOLD`;
/*!40101 SET @saved_cs_client     = @@character_set_client */;
/*!40101 SET character_set_client = utf8 */;
CREATE TABLE `SBI_THRESHOLD` (
  `THRESHOLD_ID` int(11) NOT NULL,
  `THRESHOLD_TYPE_ID` int(11) NOT NULL,
  `NAME` varchar(400) DEFAULT NULL,
  `DESCRIPTION` varchar(1000) DEFAULT NULL,
  `CODE` varchar(45) NOT NULL,
  `USER_IN` varchar(100) NOT NULL,
  `USER_UP` varchar(100) DEFAULT NULL,
  `USER_DE` varchar(100) DEFAULT NULL,
  `TIME_IN` timestamp NOT NULL DEFAULT CURRENT_TIMESTAMP ON UPDATE CURRENT_TIMESTAMP,
  `TIME_UP` timestamp NULL DEFAULT NULL,
  `TIME_DE` timestamp NULL DEFAULT NULL,
  `SBI_VERSION_IN` varchar(10) DEFAULT NULL,
  `SBI_VERSION_UP` varchar(10) DEFAULT NULL,
  `SBI_VERSION_DE` varchar(10) DEFAULT NULL,
  `META_VERSION` varchar(100) DEFAULT NULL,
  `ORGANIZATION` varchar(20) DEFAULT NULL,
  PRIMARY KEY (`THRESHOLD_ID`),
  UNIQUE KEY `XIF1SBI_THRESHOLD` (`CODE`,`ORGANIZATION`),
  KEY `THRESHOLD_TYPE_ID` (`THRESHOLD_TYPE_ID`),
  CONSTRAINT `SBI_THRESHOLD_ibfk_1` FOREIGN KEY (`THRESHOLD_TYPE_ID`) REFERENCES `SBI_DOMAINS` (`VALUE_ID`)
) ENGINE=InnoDB DEFAULT CHARSET=latin1;
/*!40101 SET character_set_client = @saved_cs_client */;

--
-- Dumping data for table `SBI_THRESHOLD`
--

LOCK TABLES `SBI_THRESHOLD` WRITE;
/*!40000 ALTER TABLE `SBI_THRESHOLD` DISABLE KEYS */;
/*!40000 ALTER TABLE `SBI_THRESHOLD` ENABLE KEYS */;
UNLOCK TABLES;

--
-- Table structure for table `SBI_THRESHOLD_VALUE`
--

DROP TABLE IF EXISTS `SBI_THRESHOLD_VALUE`;
/*!40101 SET @saved_cs_client     = @@character_set_client */;
/*!40101 SET character_set_client = utf8 */;
CREATE TABLE `SBI_THRESHOLD_VALUE` (
  `ID_THRESHOLD_VALUE` int(11) NOT NULL,
  `THRESHOLD_ID` int(11) NOT NULL,
  `SEVERITY_ID` int(11) DEFAULT NULL,
  `POSITION` int(11) DEFAULT NULL,
  `MIN_VALUE` double DEFAULT NULL,
  `MAX_VALUE` double DEFAULT NULL,
  `LABEL` varchar(20) NOT NULL,
  `COLOUR` varchar(20) DEFAULT NULL,
  `MIN_CLOSED` tinyint(1) DEFAULT NULL,
  `MAX_CLOSED` tinyint(1) DEFAULT NULL,
  `TH_VALUE` double DEFAULT NULL,
  `USER_IN` varchar(100) NOT NULL,
  `USER_UP` varchar(100) DEFAULT NULL,
  `USER_DE` varchar(100) DEFAULT NULL,
  `TIME_IN` timestamp NOT NULL DEFAULT CURRENT_TIMESTAMP ON UPDATE CURRENT_TIMESTAMP,
  `TIME_UP` timestamp NULL DEFAULT NULL,
  `TIME_DE` timestamp NULL DEFAULT NULL,
  `SBI_VERSION_IN` varchar(10) DEFAULT NULL,
  `SBI_VERSION_UP` varchar(10) DEFAULT NULL,
  `SBI_VERSION_DE` varchar(10) DEFAULT NULL,
  `META_VERSION` varchar(100) DEFAULT NULL,
  `ORGANIZATION` varchar(20) DEFAULT NULL,
  PRIMARY KEY (`ID_THRESHOLD_VALUE`),
  UNIQUE KEY `XIF1SBI_THRESHOLD_VALUE` (`LABEL`,`THRESHOLD_ID`),
  KEY `SEVERITY_ID` (`SEVERITY_ID`),
  KEY `THRESHOLD_ID` (`THRESHOLD_ID`),
  CONSTRAINT `SBI_THRESHOLD_VALUE_ibfk_2` FOREIGN KEY (`THRESHOLD_ID`) REFERENCES `SBI_THRESHOLD` (`THRESHOLD_ID`) ON DELETE CASCADE ON UPDATE NO ACTION,
  CONSTRAINT `SBI_THRESHOLD_VALUE_ibfk_1` FOREIGN KEY (`SEVERITY_ID`) REFERENCES `SBI_DOMAINS` (`VALUE_ID`)
) ENGINE=InnoDB DEFAULT CHARSET=latin1;
/*!40101 SET character_set_client = @saved_cs_client */;

--
-- Dumping data for table `SBI_THRESHOLD_VALUE`
--

LOCK TABLES `SBI_THRESHOLD_VALUE` WRITE;
/*!40000 ALTER TABLE `SBI_THRESHOLD_VALUE` DISABLE KEYS */;
/*!40000 ALTER TABLE `SBI_THRESHOLD_VALUE` ENABLE KEYS */;
UNLOCK TABLES;

--
-- Table structure for table `SBI_UDP`
--

DROP TABLE IF EXISTS `SBI_UDP`;
/*!40101 SET @saved_cs_client     = @@character_set_client */;
/*!40101 SET character_set_client = utf8 */;
CREATE TABLE `SBI_UDP` (
  `UDP_ID` int(11) NOT NULL,
  `TYPE_ID` int(11) NOT NULL,
  `FAMILY_ID` int(11) NOT NULL,
  `LABEL` varchar(20) NOT NULL,
  `NAME` varchar(40) NOT NULL,
  `DESCRIPTION` varchar(1000) DEFAULT NULL,
  `IS_MULTIVALUE` tinyint(1) DEFAULT '0',
  `USER_IN` varchar(100) NOT NULL,
  `USER_UP` varchar(100) DEFAULT NULL,
  `USER_DE` varchar(100) DEFAULT NULL,
  `TIME_IN` timestamp NOT NULL DEFAULT CURRENT_TIMESTAMP ON UPDATE CURRENT_TIMESTAMP,
  `TIME_UP` timestamp NULL DEFAULT NULL,
  `TIME_DE` timestamp NULL DEFAULT NULL,
  `SBI_VERSION_IN` varchar(10) DEFAULT NULL,
  `SBI_VERSION_UP` varchar(10) DEFAULT NULL,
  `SBI_VERSION_DE` varchar(10) DEFAULT NULL,
  `META_VERSION` varchar(100) DEFAULT NULL,
  `ORGANIZATION` varchar(20) DEFAULT NULL,
  PRIMARY KEY (`UDP_ID`),
  UNIQUE KEY `XAK1SBI_UDP` (`LABEL`,`ORGANIZATION`),
  KEY `FK_SBI_SBI_UDP_1` (`TYPE_ID`),
  KEY `FK_SBI_SBI_UDP_2` (`FAMILY_ID`),
  CONSTRAINT `FK_SBI_SBI_UDP_2` FOREIGN KEY (`FAMILY_ID`) REFERENCES `SBI_DOMAINS` (`VALUE_ID`),
  CONSTRAINT `FK_SBI_SBI_UDP_1` FOREIGN KEY (`TYPE_ID`) REFERENCES `SBI_DOMAINS` (`VALUE_ID`)
) ENGINE=InnoDB DEFAULT CHARSET=latin1;
/*!40101 SET character_set_client = @saved_cs_client */;

--
-- Dumping data for table `SBI_UDP`
--

LOCK TABLES `SBI_UDP` WRITE;
/*!40000 ALTER TABLE `SBI_UDP` DISABLE KEYS */;
/*!40000 ALTER TABLE `SBI_UDP` ENABLE KEYS */;
UNLOCK TABLES;

--
-- Table structure for table `SBI_UDP_VALUE`
--

DROP TABLE IF EXISTS `SBI_UDP_VALUE`;
/*!40101 SET @saved_cs_client     = @@character_set_client */;
/*!40101 SET character_set_client = utf8 */;
CREATE TABLE `SBI_UDP_VALUE` (
  `UDP_VALUE_ID` int(11) NOT NULL,
  `UDP_ID` int(11) NOT NULL,
  `VALUE` varchar(1000) DEFAULT NULL,
  `PROG` int(11) DEFAULT NULL,
  `LABEL` varchar(20) DEFAULT NULL,
  `NAME` varchar(40) DEFAULT NULL,
  `FAMILY` varchar(40) DEFAULT NULL,
  `BEGIN_TS` timestamp NOT NULL DEFAULT CURRENT_TIMESTAMP ON UPDATE CURRENT_TIMESTAMP,
  `END_TS` timestamp NULL DEFAULT NULL,
  `REFERENCE_ID` int(11) DEFAULT NULL,
  `USER_IN` varchar(100) NOT NULL,
  `USER_UP` varchar(100) DEFAULT NULL,
  `USER_DE` varchar(100) DEFAULT NULL,
  `TIME_IN` timestamp NOT NULL DEFAULT '0000-00-00 00:00:00',
  `TIME_UP` timestamp NULL DEFAULT NULL,
  `TIME_DE` timestamp NULL DEFAULT NULL,
  `SBI_VERSION_IN` varchar(10) DEFAULT NULL,
  `SBI_VERSION_UP` varchar(10) DEFAULT NULL,
  `SBI_VERSION_DE` varchar(10) DEFAULT NULL,
  `META_VERSION` varchar(100) DEFAULT NULL,
  `ORGANIZATION` varchar(20) DEFAULT NULL,
  PRIMARY KEY (`UDP_VALUE_ID`),
  KEY `FK_SBI_UDP_VALUE_2` (`UDP_ID`),
  CONSTRAINT `FK_SBI_UDP_VALUE_2` FOREIGN KEY (`UDP_ID`) REFERENCES `SBI_UDP` (`UDP_ID`)
) ENGINE=InnoDB DEFAULT CHARSET=latin1;
/*!40101 SET character_set_client = @saved_cs_client */;

--
-- Dumping data for table `SBI_UDP_VALUE`
--

LOCK TABLES `SBI_UDP_VALUE` WRITE;
/*!40000 ALTER TABLE `SBI_UDP_VALUE` DISABLE KEYS */;
/*!40000 ALTER TABLE `SBI_UDP_VALUE` ENABLE KEYS */;
UNLOCK TABLES;

--
-- Table structure for table `SBI_USER`
--

DROP TABLE IF EXISTS `SBI_USER`;
/*!40101 SET @saved_cs_client     = @@character_set_client */;
/*!40101 SET character_set_client = utf8 */;
CREATE TABLE `SBI_USER` (
  `USER_ID` char(100) NOT NULL,
  `PASSWORD` varchar(150) DEFAULT NULL,
  `FULL_NAME` varchar(255) DEFAULT NULL,
  `ID` int(11) NOT NULL,
  `DT_PWD_BEGIN` datetime DEFAULT NULL,
  `DT_PWD_END` datetime DEFAULT NULL,
  `FLG_PWD_BLOCKED` tinyint(1) DEFAULT NULL,
  `DT_LAST_ACCESS` datetime DEFAULT NULL,
  `USER_IN` varchar(100) NOT NULL,
  `USER_UP` varchar(100) DEFAULT NULL,
  `USER_DE` varchar(100) DEFAULT NULL,
  `TIME_IN` timestamp NOT NULL DEFAULT CURRENT_TIMESTAMP ON UPDATE CURRENT_TIMESTAMP,
  `TIME_UP` timestamp NULL DEFAULT NULL,
  `TIME_DE` timestamp NULL DEFAULT NULL,
  `SBI_VERSION_IN` varchar(10) DEFAULT NULL,
  `SBI_VERSION_UP` varchar(10) DEFAULT NULL,
  `SBI_VERSION_DE` varchar(10) DEFAULT NULL,
  `META_VERSION` varchar(100) DEFAULT NULL,
  `ORGANIZATION` varchar(20) DEFAULT NULL,
  PRIMARY KEY (`ID`),
  UNIQUE KEY `XAK1SBI_USER` (`USER_ID`)
) ENGINE=InnoDB DEFAULT CHARSET=latin1;
/*!40101 SET character_set_client = @saved_cs_client */;

--
-- Dumping data for table `SBI_USER`
--

LOCK TABLES `SBI_USER` WRITE;
/*!40000 ALTER TABLE `SBI_USER` DISABLE KEYS */;
INSERT INTO `SBI_USER` VALUES ('biadmin','#SHA#nHPmUA7oguQ9LN2lkku6Q0U+0Qg=','SpagoBI Administrator',1,NULL,NULL,NULL,NULL,'server',NULL,NULL,'2012-07-31 12:47:03',NULL,NULL,'3.5.0',NULL,NULL,NULL,'SPAGOBI'),('biuser','#SHA#/rsNSUksRt1BHKBiX+weiI9zJHA=','SpagoBI User',2,NULL,NULL,NULL,NULL,'server',NULL,NULL,'2012-07-31 12:47:03',NULL,NULL,'3.5.0',NULL,NULL,NULL,'SPAGOBI'),('bidemo','#SHA#fopnXBEkTx/VJ6kWZgnFsUALE/E=','SpagoBI Demo User',3,NULL,NULL,NULL,NULL,'server',NULL,NULL,'2012-07-31 12:47:03',NULL,NULL,'3.5.0',NULL,NULL,NULL,'SPAGOBI'),('bitest','#SHA#W71FxoesBeLFG/wcKMIPGTtjmac=','SpagoBI Test User',4,NULL,NULL,NULL,NULL,'server',NULL,NULL,'2012-07-31 12:47:03',NULL,NULL,'3.5.0',NULL,NULL,NULL,'SPAGOBI'),('bidev','#SHA#SxqRhZU9B2tcldDajuQhgdyohHM=','SpagoBI Developer',5,NULL,NULL,NULL,NULL,'server',NULL,NULL,'2012-07-31 12:47:03',NULL,NULL,'3.5.0',NULL,NULL,NULL,'SPAGOBI'),('bam','#SHA#Q95YLu19fRaqMNQgwVizRTDfXzM=','Bam User',6,NULL,NULL,NULL,NULL,'server',NULL,NULL,'2012-07-31 12:47:03',NULL,NULL,'3.5.0',NULL,NULL,NULL,'SPAGOBI'),('s4qadmin','#SHA#o1iRDOMW9HpD05SRZ4//yXpYWFM=','s4qadmin',7,NULL,NULL,NULL,'2012-08-08 14:52:20','biadmin',NULL,NULL,'2012-07-31 13:01:04',NULL,NULL,'3.5.0',NULL,NULL,NULL,'SPAGOBI'),('s4quser','#SHA#IHoTREMc4A+muFzGbb5jLtLkx/E=','s4quser',8,NULL,NULL,NULL,'2012-08-02 14:37:45','s4qadmin',NULL,NULL,'2012-08-02 12:37:41',NULL,NULL,'3.5.0',NULL,NULL,NULL,'SPAGOBI');
/*!40000 ALTER TABLE `SBI_USER` ENABLE KEYS */;
UNLOCK TABLES;

--
-- Table structure for table `SBI_USER_ATTRIBUTES`
--

DROP TABLE IF EXISTS `SBI_USER_ATTRIBUTES`;
/*!40101 SET @saved_cs_client     = @@character_set_client */;
/*!40101 SET character_set_client = utf8 */;
CREATE TABLE `SBI_USER_ATTRIBUTES` (
  `ID` int(11) NOT NULL,
  `ATTRIBUTE_ID` int(11) NOT NULL,
  `ATTRIBUTE_VALUE` varchar(500) DEFAULT NULL,
  `USER_IN` varchar(100) NOT NULL,
  `USER_UP` varchar(100) DEFAULT NULL,
  `USER_DE` varchar(100) DEFAULT NULL,
  `TIME_IN` timestamp NOT NULL DEFAULT CURRENT_TIMESTAMP ON UPDATE CURRENT_TIMESTAMP,
  `TIME_UP` timestamp NULL DEFAULT NULL,
  `TIME_DE` timestamp NULL DEFAULT NULL,
  `SBI_VERSION_IN` varchar(10) DEFAULT NULL,
  `SBI_VERSION_UP` varchar(10) DEFAULT NULL,
  `SBI_VERSION_DE` varchar(10) DEFAULT NULL,
  `META_VERSION` varchar(100) DEFAULT NULL,
  `ORGANIZATION` varchar(20) DEFAULT NULL,
  PRIMARY KEY (`ID`,`ATTRIBUTE_ID`),
  KEY `FK_SBI_USER_ATTRIBUTES_2` (`ATTRIBUTE_ID`),
  CONSTRAINT `FK_SBI_USER_ATTRIBUTES_2` FOREIGN KEY (`ATTRIBUTE_ID`) REFERENCES `SBI_ATTRIBUTE` (`ATTRIBUTE_ID`),
  CONSTRAINT `FK_SBI_USER_ATTRIBUTES_1` FOREIGN KEY (`ID`) REFERENCES `SBI_USER` (`ID`) ON DELETE CASCADE
) ENGINE=InnoDB DEFAULT CHARSET=latin1;
/*!40101 SET character_set_client = @saved_cs_client */;

--
-- Dumping data for table `SBI_USER_ATTRIBUTES`
--

LOCK TABLES `SBI_USER_ATTRIBUTES` WRITE;
/*!40000 ALTER TABLE `SBI_USER_ATTRIBUTES` DISABLE KEYS */;
INSERT INTO `SBI_USER_ATTRIBUTES` VALUES (1,1,'SpagoBI Administrator','server',NULL,NULL,'2012-07-31 12:47:04',NULL,NULL,'3.5.0',NULL,NULL,NULL,NULL),(1,5,'admin@eng.it','server',NULL,NULL,'2012-07-31 12:47:04',NULL,NULL,'3.5.0',NULL,NULL,NULL,NULL),(2,1,'SpagoBI User','server',NULL,NULL,'2012-07-31 12:47:04',NULL,NULL,'3.5.0',NULL,NULL,NULL,NULL),(3,1,'SpagoBI Demo User','server',NULL,NULL,'2012-07-31 12:47:04',NULL,NULL,'3.5.0',NULL,NULL,NULL,NULL),(4,1,'SpagoBI TestUser','server',NULL,NULL,'2012-07-31 12:47:04',NULL,NULL,'3.5.0',NULL,NULL,NULL,NULL),(5,1,'SpagoBI Developer','server',NULL,NULL,'2012-07-31 12:47:04',NULL,NULL,'3.5.0',NULL,NULL,NULL,NULL),(6,1,'Bam User','server',NULL,NULL,'2012-07-31 12:47:04',NULL,NULL,'3.5.0',NULL,NULL,NULL,NULL);
/*!40000 ALTER TABLE `SBI_USER_ATTRIBUTES` ENABLE KEYS */;
UNLOCK TABLES;

--
-- Table structure for table `SBI_USER_FUNC`
--

DROP TABLE IF EXISTS `SBI_USER_FUNC`;
/*!40101 SET @saved_cs_client     = @@character_set_client */;
/*!40101 SET character_set_client = utf8 */;
CREATE TABLE `SBI_USER_FUNC` (
  `USER_FUNCT_ID` int(11) NOT NULL,
  `NAME` varchar(50) DEFAULT NULL,
  `DESCRIPTION` varchar(100) DEFAULT NULL,
  `USER_IN` varchar(100) NOT NULL,
  `USER_UP` varchar(100) DEFAULT NULL,
  `USER_DE` varchar(100) DEFAULT NULL,
  `TIME_IN` timestamp NOT NULL DEFAULT CURRENT_TIMESTAMP ON UPDATE CURRENT_TIMESTAMP,
  `TIME_UP` timestamp NULL DEFAULT NULL,
  `TIME_DE` timestamp NULL DEFAULT NULL,
  `SBI_VERSION_IN` varchar(10) DEFAULT NULL,
  `SBI_VERSION_UP` varchar(10) DEFAULT NULL,
  `SBI_VERSION_DE` varchar(10) DEFAULT NULL,
  `META_VERSION` varchar(100) DEFAULT NULL,
  `ORGANIZATION` varchar(20) DEFAULT NULL,
  PRIMARY KEY (`USER_FUNCT_ID`)
) ENGINE=InnoDB DEFAULT CHARSET=latin1;
/*!40101 SET character_set_client = @saved_cs_client */;

--
-- Dumping data for table `SBI_USER_FUNC`
--

LOCK TABLES `SBI_USER_FUNC` WRITE;
/*!40000 ALTER TABLE `SBI_USER_FUNC` DISABLE KEYS */;
INSERT INTO `SBI_USER_FUNC` VALUES (1,'EnginesManagement','EnginesManagement','server',NULL,NULL,'2012-07-31 12:46:52',NULL,NULL,'3.5.0',NULL,NULL,NULL,NULL),(2,'FunctionalitiesManagement','FunctionalitiesManagement','server',NULL,NULL,'2012-07-31 12:46:52',NULL,NULL,'3.5.0',NULL,NULL,NULL,NULL),(3,'LovsManagement','LovsManagement','server',NULL,NULL,'2012-07-31 12:46:52',NULL,NULL,'3.5.0',NULL,NULL,NULL,NULL),(4,'ConstraintManagement','ConstraintManagement','server',NULL,NULL,'2012-07-31 12:46:52',NULL,NULL,'3.5.0',NULL,NULL,NULL,NULL),(5,'ParameterManagement','ParameterManagement','server',NULL,NULL,'2012-07-31 12:46:52',NULL,NULL,'3.5.0',NULL,NULL,NULL,NULL),(6,'DocumentAdministration','DocumentAdministration','server',NULL,NULL,'2012-07-31 12:46:52',NULL,NULL,'3.5.0',NULL,NULL,NULL,NULL),(7,'DocumentDevManagement','DocumentDevManagement','server',NULL,NULL,'2012-07-31 12:46:52',NULL,NULL,'3.5.0',NULL,NULL,NULL,NULL),(8,'DocumentTestManagement','DocumentTestManagement','server',NULL,NULL,'2012-07-31 12:46:53',NULL,NULL,'3.5.0',NULL,NULL,NULL,NULL),(9,'DocumentAdminManagement','DocumentAdminManagement','server',NULL,NULL,'2012-07-31 12:46:53',NULL,NULL,'3.5.0',NULL,NULL,NULL,NULL),(10,'ImportExportManagement','ImportExportManagement','server',NULL,NULL,'2012-07-31 12:46:53',NULL,NULL,'3.5.0',NULL,NULL,NULL,NULL),(11,'SchedulerManagement','SchedulerManagement','server',NULL,NULL,'2012-07-31 12:46:53',NULL,NULL,'3.5.0',NULL,NULL,NULL,NULL),(12,'EventsManagement','EventsManagement','server',NULL,NULL,'2012-07-31 12:46:53',NULL,NULL,'3.5.0',NULL,NULL,NULL,NULL),(13,'WorkspaceManagement','WorkspaceManagement','server',NULL,NULL,'2012-07-31 12:46:53',NULL,NULL,'3.5.0',NULL,NULL,NULL,NULL),(14,'WorklistManagement','WorklistManagement','server',NULL,NULL,'2012-07-31 12:46:53',NULL,NULL,'3.5.0',NULL,NULL,NULL,NULL),(15,'MapCatalogueManagement','MapCatalogueManagement','server',NULL,NULL,'2012-07-31 12:46:53',NULL,NULL,'3.5.0',NULL,NULL,NULL,NULL),(16,'MapFeaturesManagement','MapFeaturesManagement','server',NULL,NULL,'2012-07-31 12:46:53',NULL,NULL,'3.5.0',NULL,NULL,NULL,NULL),(17,'DocumentManagement','DocumentManagement','server',NULL,NULL,'2012-07-31 12:46:53',NULL,NULL,'3.5.0',NULL,NULL,NULL,NULL),(18,'SyncronizeRolesManagement','SyncronizeRolesManagement','server',NULL,NULL,'2012-07-31 12:46:53',NULL,NULL,'3.5.0',NULL,NULL,NULL,NULL),(19,'ProfileAttributeManagement','ProfileAttributeManagement','server',NULL,NULL,'2012-07-31 12:46:54',NULL,NULL,'3.5.0',NULL,NULL,NULL,NULL),(20,'DataSourceManagement','DataSourceManagement','server',NULL,NULL,'2012-07-31 12:46:54',NULL,NULL,'3.5.0',NULL,NULL,NULL,NULL),(21,'DocumentUserManagement','DocumentUserManagement','server',NULL,NULL,'2012-07-31 12:46:54',NULL,NULL,'3.5.0',NULL,NULL,NULL,NULL),(22,'DocumentDeleteManagement','DocumentDeleteManagement','server',NULL,NULL,'2012-07-31 12:46:54',NULL,NULL,'3.5.0',NULL,NULL,NULL,NULL),(23,'DocumentStateManagement','DocumentStateManagement','server',NULL,NULL,'2012-07-31 12:46:54',NULL,NULL,'3.5.0',NULL,NULL,NULL,NULL),(24,'DocumentDetailManagement','DocumentDetailManagement','server',NULL,NULL,'2012-07-31 12:46:54',NULL,NULL,'3.5.0',NULL,NULL,NULL,NULL),(25,'ViewMyFolderAdmin','ViewMyFolderAdmin','server',NULL,NULL,'2012-07-31 12:46:54',NULL,NULL,'3.5.0',NULL,NULL,NULL,NULL),(26,'DistributionListUser','DistributionListUser','server',NULL,NULL,'2012-07-31 12:46:54',NULL,NULL,'3.5.0',NULL,NULL,NULL,NULL),(27,'DistributionListManagement','DistributionListManagement','server',NULL,NULL,'2012-07-31 12:46:54',NULL,NULL,'3.5.0',NULL,NULL,NULL,NULL),(28,'DocumentMetadataManagement','DocumentMetadataManagement','server',NULL,NULL,'2012-07-31 12:46:54',NULL,NULL,'3.5.0',NULL,NULL,NULL,NULL),(29,'LovsView','LovsView','server',NULL,NULL,'2012-07-31 12:46:54',NULL,NULL,'3.5.0',NULL,NULL,NULL,NULL),(30,'ConstraintView','ConstraintView','server',NULL,NULL,'2012-07-31 12:46:54',NULL,NULL,'3.5.0',NULL,NULL,NULL,NULL),(31,'ParameterView','ParameterView','server',NULL,NULL,'2012-07-31 12:46:54',NULL,NULL,'3.5.0',NULL,NULL,NULL,NULL),(32,'DatasetManagement','DatasetManagement','server',NULL,NULL,'2012-07-31 12:46:54',NULL,NULL,'3.5.0',NULL,NULL,NULL,NULL),(33,'DocumentMoveDownState','DocumentMoveDownState','server',NULL,NULL,'2012-07-31 12:46:54',NULL,NULL,'3.5.0',NULL,NULL,NULL,NULL),(34,'DocumentMoveUpState','DocumentMoveUpState','server',NULL,NULL,'2012-07-31 12:46:54',NULL,NULL,'3.5.0',NULL,NULL,NULL,NULL),(35,'ModifyRefresh','ModifyRefresh','server',NULL,NULL,'2012-07-31 12:46:54',NULL,NULL,'3.5.0',NULL,NULL,NULL,NULL),(36,'MenuManagement','MenuManagement','server',NULL,NULL,'2012-07-31 12:46:54',NULL,NULL,'3.5.0',NULL,NULL,NULL,NULL),(37,'HotLinkManagement','HotLinkManagement','server',NULL,NULL,'2012-07-31 12:46:55',NULL,NULL,'3.5.0',NULL,NULL,NULL,NULL),(38,'KpiManagement','KpiManagement','server',NULL,NULL,'2012-07-31 12:46:55',NULL,NULL,'3.5.0',NULL,NULL,NULL,NULL),(39,'ObjMetadataManagement','ObjMetadataManagement','server',NULL,NULL,'2012-07-31 12:46:55',NULL,NULL,'3.5.0',NULL,NULL,NULL,NULL),(40,'ProfileManagement','ProfileManagement','server',NULL,NULL,'2012-07-31 12:46:55',NULL,NULL,'3.5.0',NULL,NULL,NULL,NULL),(41,'UserDefinedPropertyManagement','UserDefinedPropertyManagement','server',NULL,NULL,'2012-07-31 12:46:55',NULL,NULL,'3.5.0',NULL,NULL,NULL,NULL),(42,'DomainManagement','DomainManagement','server',NULL,NULL,'2012-07-31 12:46:55',NULL,NULL,'3.5.0',NULL,NULL,NULL,NULL),(43,'ConfigManagement','ConfigManagement','server',NULL,NULL,'2012-07-31 12:46:55',NULL,NULL,'3.5.0',NULL,NULL,NULL,NULL),(44,'UserSaveDocumentFunctionality','UserSaveDocumentFunctionality','server',NULL,NULL,'2012-07-31 12:46:55',NULL,NULL,'3.5.0',NULL,NULL,NULL,NULL),(45,'ExtractionManagement','ExtractionManagement','server',NULL,NULL,'2012-07-31 12:58:27',NULL,NULL,NULL,NULL,NULL,NULL,NULL),(46,'FinalUsersManagement','FinalUsersManagement','server',NULL,NULL,'2012-08-08 12:43:11',NULL,NULL,NULL,NULL,NULL,NULL,NULL);
/*!40000 ALTER TABLE `SBI_USER_FUNC` ENABLE KEYS */;
UNLOCK TABLES;

--
-- Table structure for table `SBI_VIEWPOINTS`
--

DROP TABLE IF EXISTS `SBI_VIEWPOINTS`;
/*!40101 SET @saved_cs_client     = @@character_set_client */;
/*!40101 SET character_set_client = utf8 */;
CREATE TABLE `SBI_VIEWPOINTS` (
  `VP_ID` int(11) NOT NULL,
  `BIOBJ_ID` int(11) NOT NULL,
  `VP_NAME` varchar(40) NOT NULL,
  `VP_OWNER` varchar(40) DEFAULT NULL,
  `VP_DESC` varchar(160) DEFAULT NULL,
  `VP_SCOPE` varchar(20) NOT NULL,
  `VP_VALUE_PARAMS` text,
  `VP_CREATION_DATE` timestamp NOT NULL DEFAULT CURRENT_TIMESTAMP ON UPDATE CURRENT_TIMESTAMP,
  `USER_IN` varchar(100) NOT NULL,
  `USER_UP` varchar(100) DEFAULT NULL,
  `USER_DE` varchar(100) DEFAULT NULL,
  `TIME_IN` timestamp NOT NULL DEFAULT '0000-00-00 00:00:00',
  `TIME_UP` timestamp NULL DEFAULT NULL,
  `TIME_DE` timestamp NULL DEFAULT NULL,
  `SBI_VERSION_IN` varchar(10) DEFAULT NULL,
  `SBI_VERSION_UP` varchar(10) DEFAULT NULL,
  `SBI_VERSION_DE` varchar(10) DEFAULT NULL,
  `META_VERSION` varchar(100) DEFAULT NULL,
  `ORGANIZATION` varchar(20) DEFAULT NULL,
  PRIMARY KEY (`VP_ID`),
  KEY `FK_SBI_VIEWPOINTS_1` (`BIOBJ_ID`),
  CONSTRAINT `FK_SBI_VIEWPOINTS_1` FOREIGN KEY (`BIOBJ_ID`) REFERENCES `SBI_OBJECTS` (`BIOBJ_ID`)
) ENGINE=InnoDB DEFAULT CHARSET=latin1;
/*!40101 SET character_set_client = @saved_cs_client */;

--
-- Dumping data for table `SBI_VIEWPOINTS`
--

LOCK TABLES `SBI_VIEWPOINTS` WRITE;
/*!40000 ALTER TABLE `SBI_VIEWPOINTS` DISABLE KEYS */;
/*!40000 ALTER TABLE `SBI_VIEWPOINTS` ENABLE KEYS */;
UNLOCK TABLES;

--
-- Table structure for table `hibernate_sequences`
--

DROP TABLE IF EXISTS `hibernate_sequences`;
/*!40101 SET @saved_cs_client     = @@character_set_client */;
/*!40101 SET character_set_client = utf8 */;
CREATE TABLE `hibernate_sequences` (
  `SEQUENCE_NAME` varchar(200) NOT NULL,
  `NEXT_VAL` int(11) NOT NULL,
  PRIMARY KEY (`SEQUENCE_NAME`)
) ENGINE=InnoDB DEFAULT CHARSET=latin1;
/*!40101 SET character_set_client = @saved_cs_client */;

--
-- Dumping data for table `hibernate_sequences`
--

LOCK TABLES `hibernate_sequences` WRITE;
/*!40000 ALTER TABLE `hibernate_sequences` DISABLE KEYS */;
INSERT INTO `hibernate_sequences` VALUES ('SBI_ATTRIBUTE',6),('SBI_BINARY_CONTENTS',9),('SBI_CHECKS',8),('SBI_CONFIG',107),('SBI_DATA_SOURCE',2),('SBI_DOMAINS',139),('SBI_ENGINES',25),('SBI_EXT_ROLES',13),('SBI_FUNCTIONS',3),('SBI_KPI_PERIODICITY',9),('SBI_LOV',7),('SBI_OBJECTS',5),('SBI_OBJECT_TEMPLATES',9),('SBI_OBJ_PAR',5),('SBI_ORGANIZATIONS',2),('SBI_PARAMETERS',3),('SBI_PARUSE',5),('SBI_USER',9),('SBI_USER_FUNC',47);
/*!40000 ALTER TABLE `hibernate_sequences` ENABLE KEYS */;
UNLOCK TABLES;
/*!40103 SET TIME_ZONE=@OLD_TIME_ZONE */;

/*!40101 SET SQL_MODE=@OLD_SQL_MODE */;
/*!40014 SET FOREIGN_KEY_CHECKS=@OLD_FOREIGN_KEY_CHECKS */;
/*!40014 SET UNIQUE_CHECKS=@OLD_UNIQUE_CHECKS */;
/*!40101 SET CHARACTER_SET_CLIENT=@OLD_CHARACTER_SET_CLIENT */;
/*!40101 SET CHARACTER_SET_RESULTS=@OLD_CHARACTER_SET_RESULTS */;
/*!40101 SET COLLATION_CONNECTION=@OLD_COLLATION_CONNECTION */;
/*!40111 SET SQL_NOTES=@OLD_SQL_NOTES */;

-- Dump completed on 2012-08-08 14:54:57
